representacion,clasificador,carga_train,carga_test,distancia_carga,fold,n_train,n_test,exactitud,f1_macro,f1_Normal,f1_IR,f1_B,f1_OR,segundos_ajuste,segundos_prediccion,en_comparacion
estadisticos,SVM-RBF,0,0,0,0,991,264,0.9583333333333334,0.9577339042971668,0.96,1.0,0.9536423841059604,0.9172932330827068,0.0458801999920979,0.0247693000128492,True
estadisticos,SVM-RBF,0,0,0,1,1006,249,0.9397590361445785,0.9386442418497456,0.9387755102040816,1.0,0.9305555555555556,0.8852459016393442,0.0146132999798282,0.0107576000154949,True
estadisticos,SVM-RBF,0,0,0,2,1006,249,0.9598393574297188,0.9578833474573724,0.94,0.9784172661870504,0.9206349206349206,0.9924812030075189,0.0143153999815694,0.0107569000101648,True
estadisticos,SVM-RBF,0,0,0,3,1006,249,0.9678714859437751,0.967747952168053,0.968421052631579,0.978102189781022,0.9393939393939394,0.9850746268656716,0.0121297999867238,0.0096037999610416,True
estadisticos,SVM-RBF,0,0,0,4,1011,244,0.9508196721311476,0.947167216721672,0.9108910891089108,1.0,0.9777777777777776,0.9,0.0245726999710313,0.019213400024455,True
estadisticos,SVM-RBF,0,1,1,0,991,311,0.8456591639871383,0.8374999999999999,1.0,0.8,0.75,0.8,0.0259557999670505,0.0250400000368244,True
estadisticos,SVM-RBF,0,1,1,1,1006,296,0.8378378378378378,0.8230920302515347,0.9346733668341708,0.782608695652174,0.8072289156626506,0.7678571428571429,0.0241333000012673,0.0240502000087872,True
estadisticos,SVM-RBF,0,1,1,2,1006,295,0.8338983050847457,0.8190169511513345,0.9117647058823528,0.7758620689655172,0.8220858895705522,0.7663551401869159,0.0244514999794773,0.0231916999910026,True
estadisticos,SVM-RBF,0,1,1,3,1006,296,0.8378378378378378,0.8287730414746544,0.8857142857142857,0.8035714285714286,0.8258064516129032,0.8,0.0250032000476494,0.0258015999570488,True
estadisticos,SVM-RBF,0,1,1,4,1011,291,0.8316151202749141,0.8162498274594457,0.9528795811518324,0.7787610619469026,0.7810650887573964,0.7522935779816514,0.0244516999810002,0.023391900002025,True
estadisticos,SVM-RBF,0,2,2,0,991,311,0.7845659163987139,0.7537262269392407,1.0,0.6906474820143885,0.75,0.5742574257425742,0.0411299999686889,0.0349446000182069,True
estadisticos,SVM-RBF,0,2,2,1,1006,295,0.7830508474576271,0.7464247402381692,0.9738219895287958,0.6870229007633588,0.7657142857142857,0.5591397849462365,0.0152761999634094,0.0241175999981351,True
estadisticos,SVM-RBF,0,2,2,2,1006,297,0.7777777777777778,0.750862684517592,0.912621359223301,0.7086614173228346,0.7547169811320755,0.6274509803921569,0.0239086000365205,0.0262984999571926,True
estadisticos,SVM-RBF,0,2,2,3,1006,295,0.8067796610169492,0.7834285119222021,0.8985507246376812,0.7317073170731707,0.8301886792452831,0.6732673267326733,0.0259522999986074,0.0242911999812349,True
estadisticos,SVM-RBF,0,2,2,4,1011,291,0.7972508591065293,0.7650695324699183,0.9738219895287958,0.704,0.7719298245614035,0.6105263157894737,0.0241156000411137,0.0225809999974444,True
estadisticos,SVM-RBF,0,3,3,0,991,311,0.8327974276527331,0.8219771659984558,0.9947089947089948,0.7804878048780488,0.75,0.7627118644067796,0.0238650999963283,0.0286060999496839,True
estadisticos,SVM-RBF,0,3,3,1,1006,299,0.8327759197324415,0.8176892584478008,0.9740932642487048,0.7758620689655172,0.7640449438202247,0.7567567567567568,0.0250928999739699,0.0252759999711997,True
estadisticos,SVM-RBF,0,3,3,2,1006,294,0.8163265306122449,0.8011621947494751,0.8985507246376812,0.7543859649122807,0.7924528301886793,0.7592592592592593,0.0246490000281482,0.0235868000308983,True
estadisticos,SVM-RBF,0,3,3,3,1006,299,0.8361204013377926,0.8203162415785741,0.9353233830845772,0.7796610169491526,0.8095238095238095,0.7567567567567568,0.0247178999707102,0.0245629000128246,True
estadisticos,SVM-RBF,0,3,3,4,1011,291,0.8144329896907216,0.7979077275259133,0.9441624365482234,0.7652173913043478,0.7393939393939394,0.7428571428571429,0.0243132000323385,0.0229503000155091,True
estadisticos,SVM-RBF,1,0,1,0,1178,264,0.6477272727272727,0.6370320178254664,0.6530612244897959,0.768,0.4646464646464646,0.6624203821656051,0.0180334000033326,0.0154060000204481,True
estadisticos,SVM-RBF,1,0,1,1,1193,249,0.5662650602409639,0.5514100342665397,0.6301369863013698,0.6346153846153846,0.3764705882352941,0.5644171779141104,0.0170751999830827,0.0143036000081337,True
estadisticos,SVM-RBF,1,0,1,2,1194,249,0.6144578313253012,0.6030645728348764,0.6714285714285714,0.782608695652174,0.4047619047619047,0.5534591194968553,0.0165987000218592,0.0156955999555066,True
estadisticos,SVM-RBF,1,0,1,3,1193,249,0.5943775100401606,0.5645115236187545,0.5859872611464968,0.7317073170731707,0.2784810126582278,0.6618705035971223,0.0179964999551884,0.0148928000126034,True
estadisticos,SVM-RBF,1,0,1,4,1198,244,0.6516393442622951,0.6394562790489142,0.5822784810126582,0.8429752066115702,0.4285714285714285,0.704,0.0176908000139519,0.0133190000196918,True
estadisticos,SVM-RBF,1,1,0,0,1178,311,1.0,1.0,1.0,1.0,1.0,1.0,0.0168520000297576,0.0203945999965071,True
estadisticos,SVM-RBF,1,1,0,1,1193,296,1.0,1.0,1.0,1.0,1.0,1.0,0.0161453000036999,0.0162709000287577,True
estadisticos,SVM-RBF,1,1,0,2,1194,295,1.0,1.0,1.0,1.0,1.0,1.0,0.0169132000301033,0.015608699992299,True
estadisticos,SVM-RBF,1,1,0,3,1193,296,0.9966216216216216,0.9963217396008006,1.0,1.0,0.9924812030075189,0.9928057553956836,0.0159130999818444,0.0169075999874621,True
estadisticos,SVM-RBF,1,1,0,4,1198,291,1.0,1.0,1.0,1.0,1.0,1.0,0.0182650000206194,0.0163538000197149,True
estadisticos,SVM-RBF,1,2,1,0,1178,311,1.0,1.0,1.0,1.0,1.0,1.0,0.0174999000155366,0.017723900033161,True
estadisticos,SVM-RBF,1,2,1,1,1193,295,0.9796610169491524,0.9776168808542908,1.0,0.9640287769784172,0.953846153846154,0.9925925925925926,0.0184485000208951,0.0163180999807082,True
estadisticos,SVM-RBF,1,2,1,2,1194,297,0.9797979797979798,0.9777711889516556,1.0,0.9784172661870504,0.9552238805970148,0.9774436090225564,0.0178698999807238,0.0169071999844163,True
estadisticos,SVM-RBF,1,2,1,3,1193,295,0.9932203389830508,0.9925649530127142,1.0,0.9850746268656716,0.9925925925925926,0.9925925925925926,0.0210804999805986,0.0182613999932073,True
estadisticos,SVM-RBF,1,2,1,4,1198,291,0.986254295532646,0.9847522451963242,1.0,0.9777777777777776,0.96875,0.9924812030075189,0.0184188000275753,0.0168513999669812,True
estadisticos,SVM-RBF,1,3,2,0,1178,311,0.977491961414791,0.9757892180670228,1.0,0.9655172413793104,0.9517241379310344,0.9859154929577464,0.0178316999808885,0.0192760999780148,True
estadisticos,SVM-RBF,1,3,2,1,1193,299,0.9632107023411371,0.9604131366220984,0.9946524064171124,0.9571428571428572,0.9197080291970804,0.9701492537313432,0.0170539999962784,0.0164696000283584,True
estadisticos,SVM-RBF,1,3,2,2,1194,294,0.9523809523809524,0.9475315141411482,1.0,0.9241379310344828,0.8888888888888888,0.9770992366412212,0.016541099990718,0.0172581000369973,True
estadisticos,SVM-RBF,1,3,2,3,1193,299,0.9832775919732442,0.981736255532448,1.0,1.0,0.9645390070921984,0.962406015037594,0.0166312000364996,0.0162777999648824,True
estadisticos,SVM-RBF,1,3,2,4,1198,291,0.9759450171821306,0.9733559765109664,1.0,0.9770992366412212,0.9457364341085271,0.9705882352941176,0.0174415999790653,0.0163653999916277,True
estadisticos,SVM-RBF,2,0,2,0,1178,264,0.6401515151515151,0.6304515124479995,0.6530612244897959,0.7540983606557377,0.4646464646464646,0.65,0.0177611000253818,0.0180145999765954,True
estadisticos,SVM-RBF,2,0,2,1,1194,249,0.5742971887550201,0.5679049452882398,0.6301369863013698,0.5416666666666666,0.5319148936170213,0.5679012345679012,0.0170495000202208,0.0155123000149615,True
estadisticos,SVM-RBF,2,0,2,2,1192,249,0.6907630522088354,0.6954094554664415,0.6714285714285714,0.782608695652174,0.6990291262135923,0.6285714285714286,0.0175754000083543,0.0146207999787293,True
estadisticos,SVM-RBF,2,0,2,3,1194,249,0.6305220883534136,0.622452019502698,0.5859872611464968,0.782608695652174,0.4545454545454545,0.6666666666666666,0.0174266999820247,0.0145998999942094,True
estadisticos,SVM-RBF,2,0,2,4,1198,244,0.6475409836065574,0.6450649043871997,0.5822784810126582,0.8214285714285714,0.4943820224719101,0.6821705426356589,0.0187806000467389,0.0144455000408925,True
estadisticos,SVM-RBF,2,1,1,0,1178,311,0.9967845659163987,0.9965276103207138,1.0,0.993103448275862,0.993006993006993,1.0,0.0180556999985128,0.0203607999719679,True
estadisticos,SVM-RBF,2,1,1,1,1194,296,0.9898648648648648,0.9888515287370248,1.0,0.9925925925925926,0.9770992366412212,0.9857142857142858,0.0182030000141821,0.017651800008025,True
estadisticos,SVM-RBF,2,1,1,2,1192,295,0.9932203389830508,0.9931473605421652,0.9945945945945946,0.9927007299270072,0.9852941176470588,1.0,0.0176365000079385,0.0173626000178046,True
estadisticos,SVM-RBF,2,1,1,3,1194,296,1.0,1.0,1.0,1.0,1.0,1.0,0.0168854999938048,0.0170458999928087,True
estadisticos,SVM-RBF,2,1,1,4,1198,291,0.979381443298969,0.9770914512558768,1.0,0.9924812030075189,0.9523809523809524,0.9635036496350364,0.0186459000105969,0.0170488000148907,True
estadisticos,SVM-RBF,2,2,0,0,1178,311,1.0,1.0,1.0,1.0,1.0,1.0,0.0167457000352442,0.0191893000155687,True
estadisticos,SVM-RBF,2,2,0,1,1194,295,0.9932203389830508,0.9925921861281826,1.0,0.9852941176470588,0.9850746268656716,1.0,0.0182660000282339,0.0189300999627448,True
estadisticos,SVM-RBF,2,2,0,2,1192,297,0.9966329966329966,0.9962962962962962,1.0,1.0,0.9925925925925926,0.9925925925925926,0.0192577999550849,0.019484199990984,True
estadisticos,SVM-RBF,2,2,0,3,1194,295,1.0,1.0,1.0,1.0,1.0,1.0,0.0187575999880209,0.0169867000076919,True
estadisticos,SVM-RBF,2,2,0,4,1198,291,0.9965635738831616,0.9962119038053148,1.0,1.0,0.9923664122137404,0.9924812030075189,0.042137200012803,0.0213959999964572,True
estadisticos,SVM-RBF,2,3,1,0,1178,311,0.990353697749196,0.9896285806748584,1.0,0.993006993006993,0.979591836734694,0.9859154929577464,0.0332223000004887,0.0198400000226683,True
estadisticos,SVM-RBF,2,3,1,1,1194,299,0.9665551839464884,0.9662401020084884,0.9726775956284152,0.9784172661870504,0.9285714285714286,0.9852941176470588,0.0184497999725863,0.0193343000137247,True
estadisticos,SVM-RBF,2,3,1,2,1192,294,0.9727891156462584,0.9704185520361992,1.0,0.9558823529411764,0.9411764705882352,0.9846153846153848,0.0190640999935567,0.0179893000167794,True
estadisticos,SVM-RBF,2,3,1,3,1194,299,0.9933110367892976,0.9927001422241029,1.0,0.9925925925925926,0.9855072463768116,0.9927007299270072,0.0188424999942071,0.0175241999677382,True
estadisticos,SVM-RBF,2,3,1,4,1198,291,0.9965635738831616,0.9962119038053148,1.0,0.9924812030075189,0.9923664122137404,1.0,0.0221466000075452,0.0184205999830737,True
estadisticos,SVM-RBF,3,0,3,0,1183,264,0.4886363636363636,0.4482613849664122,0.6486486486486487,0.1904761904761904,0.3622047244094488,0.591715976331361,0.0211547000217251,0.0210436999914236,True
estadisticos,SVM-RBF,3,0,3,1,1195,249,0.4819277108433735,0.415759474930912,0.6174496644295302,0.0,0.4705882352941176,0.575,0.0198753000004217,0.0144219999783672,True
estadisticos,SVM-RBF,3,0,3,2,1200,249,0.5622489959839357,0.538172465015783,0.6394557823129252,0.3333333333333333,0.5645161290322581,0.6153846153846154,0.0200083999661728,0.0141562999924644,True
estadisticos,SVM-RBF,3,0,3,3,1195,249,0.5461847389558233,0.5491000976861715,0.5859872611464968,0.4946236559139785,0.3157894736842105,0.8,0.0197185999713838,0.0155325999949127,True
estadisticos,SVM-RBF,3,0,3,4,1203,244,0.5450819672131147,0.5458866413578677,0.5822784810126582,0.4943820224719101,0.328125,0.7787610619469026,0.0215544999809935,0.0139986000140197,True
estadisticos,SVM-RBF,3,1,2,0,1183,311,0.9871382636655948,0.98610843141038,1.0,0.9726027397260274,0.971830985915493,1.0,0.0200934999738819,0.0170506999711506,True
estadisticos,SVM-RBF,3,1,2,1,1195,296,1.0,1.0,1.0,1.0,1.0,1.0,0.0179108000011183,0.015548099996522,True
estadisticos,SVM-RBF,3,1,2,2,1200,295,0.9966101694915256,0.9963233306299,1.0,0.9927007299270072,0.9925925925925926,1.0,0.0180480999988503,0.0177125000045634,True
estadisticos,SVM-RBF,3,1,2,3,1195,296,0.9932432432432432,0.992535650623886,1.0,0.9852941176470588,0.9848484848484848,1.0,0.0195503000286407,0.0168228999827988,True
estadisticos,SVM-RBF,3,1,2,4,1203,291,0.972508591065292,0.9696765516250768,1.0,0.9777777777777776,0.9402985074626866,0.9606299212598424,0.0259064999991096,0.0170637000119313,True
estadisticos,SVM-RBF,3,2,1,0,1183,311,1.0,1.0,1.0,1.0,1.0,1.0,0.0284209999954327,0.0196530999965034,True
estadisticos,SVM-RBF,3,2,1,1,1195,295,0.9830508474576272,0.9814742509808292,1.0,0.9852941176470588,0.9635036496350364,0.9770992366412212,0.0211679000058211,0.0172148999990895,True
estadisticos,SVM-RBF,3,2,1,2,1200,297,0.9797979797979798,0.9777472527472528,1.0,1.0,0.9571428571428572,0.953846153846154,0.0202136000152677,0.0180832999758422,True
estadisticos,SVM-RBF,3,2,1,3,1195,295,0.9966101694915256,0.9962954832336316,1.0,0.9924812030075189,0.9927007299270072,1.0,0.0209005000069737,0.0186614000122062,True
estadisticos,SVM-RBF,3,2,1,4,1203,291,1.0,1.0,1.0,1.0,1.0,1.0,0.0195621000020764,0.0161265999777242,True
estadisticos,SVM-RBF,3,3,0,0,1183,311,1.0,1.0,1.0,1.0,1.0,1.0,0.0174163000192493,0.0179523000260815,True
estadisticos,SVM-RBF,3,3,0,1,1195,299,0.9832775919732442,0.983198669948908,0.9837837837837838,0.9855072463768116,0.9635036496350364,1.0,0.0196232000016607,0.017128599982243,True
estadisticos,SVM-RBF,3,3,0,2,1200,294,0.979591836734694,0.9776878932880232,1.0,0.9645390070921984,0.953846153846154,0.9923664122137404,0.0195272999699227,0.0251969000091776,True
estadisticos,SVM-RBF,3,3,0,3,1195,299,0.9933110367892976,0.9927001422241029,1.0,0.9925925925925926,0.9855072463768116,0.9927007299270072,0.0201581000001169,0.0180533999809995,True
estadisticos,SVM-RBF,3,3,0,4,1203,291,0.9965635738831616,0.9962119038053148,1.0,0.9924812030075189,0.9923664122137404,1.0,0.0215773999807424,0.0185460000066086,True
estadisticos,RandomForest,0,0,0,0,991,264,0.9886363636363636,0.9886788739419544,0.9896907216494846,1.0,0.9863013698630136,0.9787234042553192,1.237428899970837,0.1137357000261545,True
estadisticos,RandomForest,0,0,0,1,1006,249,0.9959839357429718,0.9963233306299,1.0,1.0,0.9925925925925926,0.9927007299270072,1.259106899960898,0.1088959000189788,True
estadisticos,RandomForest,0,0,0,2,1006,249,0.9718875502008032,0.9719399850661388,0.9791666666666666,0.9784172661870504,0.9448818897637796,0.9852941176470588,1.326993800001219,0.1242099999799393,True
estadisticos,RandomForest,0,0,0,3,1006,249,0.9839357429718876,0.985239244951712,1.0,0.9852941176470588,0.9705882352941176,0.9850746268656716,1.2697012000135146,0.1654903999879025,True
estadisticos,RandomForest,0,0,0,4,1011,244,0.9877049180327868,0.9886304909560724,1.0,1.0,0.9777777777777776,0.9767441860465116,1.2702939999871887,0.182548799959477,True
estadisticos,RandomForest,0,1,1,0,991,311,0.7620578778135049,0.7282927217709827,1.0,0.4347826086956521,0.6476190476190476,0.8307692307692308,1.3294421000173315,0.1210923999897204,True
estadisticos,RandomForest,0,1,1,1,1006,296,0.8412162162162162,0.8237495899260606,1.0,0.7238095238095238,0.6928104575163399,0.8783783783783784,1.2674111999804154,0.142913400020916,True
estadisticos,RandomForest,0,1,1,2,1006,295,0.7627118644067796,0.7021529366951519,1.0,0.2784810126582278,0.6236559139784946,0.9064748201438848,1.319419100007508,0.1443334000068716,True
estadisticos,RandomForest,0,1,1,3,1006,296,0.8344594594594594,0.7909869971169409,1.0,0.4418604651162791,0.7292817679558011,0.9928057553956836,1.31691170000704,0.1350212999968789,True
estadisticos,RandomForest,0,1,1,4,1011,291,0.7560137457044673,0.6608954915402541,0.9891304347826086,0.0588235294117647,0.6321243523316062,0.9635036496350364,1.3801419999799691,0.1281158000347204,True
estadisticos,RandomForest,0,2,2,0,991,311,0.7942122186495176,0.7613319011815253,1.0,0.4842105263157895,0.6631578947368421,0.8979591836734694,1.2956973999971524,0.13880929996958,True
estadisticos,RandomForest,0,2,2,1,1006,295,0.8,0.7759708581889979,0.9891304347826086,0.6326530612244898,0.6193548387096774,0.8627450980392157,1.2207392000127584,0.1133343999972567,True
estadisticos,RandomForest,0,2,2,2,1006,297,0.7239057239057239,0.65127882909521,1.0,0.2105263157894736,0.5393258426966292,0.8552631578947368,1.2691808000090532,0.1293920000316575,True
estadisticos,RandomForest,0,2,2,3,1006,295,0.8169491525423729,0.7832255979314804,1.0,0.5274725274725275,0.6823529411764706,0.9230769230769232,1.2763773000333458,0.1649164000409655,True
estadisticos,RandomForest,0,2,2,4,1011,291,0.7285223367697594,0.6535629099582587,1.0,0.1666666666666666,0.5948717948717949,0.8527131782945736,1.3056808999972418,0.1089764999924227,True
estadisticos,RandomForest,0,3,3,0,991,311,0.7684887459807074,0.7307316004672897,1.0,0.4,0.6635514018691588,0.859375,1.255413000006229,0.1692262999713421,True
estadisticos,RandomForest,0,3,3,1,1006,299,0.7892976588628763,0.760572474821253,1.0,0.5217391304347826,0.6701570680628273,0.8503937007874016,1.279588999983389,0.1161875000107102,True
estadisticos,RandomForest,0,3,3,2,1006,294,0.7619047619047619,0.7083903551645487,1.0,0.3,0.6464646464646465,0.8870967741935484,1.2839862999971956,0.2278054999769665,True
estadisticos,RandomForest,0,3,3,3,1006,299,0.7993311036789298,0.7624344405594405,1.0,0.4545454545454545,0.6875,0.9076923076923076,1.3466913999873211,0.1662864999962039,True
estadisticos,RandomForest,0,3,3,4,1011,291,0.7010309278350515,0.6173216633186815,0.9946524064171124,0.0869565217391304,0.5876777251184834,0.8,1.3068929999717511,0.1027285999734886,True
estadisticos,RandomForest,1,0,1,0,1178,264,0.8409090909090909,0.8527173174872665,1.0,0.768,0.881578947368421,0.7612903225806451,1.269491899991408,0.1200179000152275,True
estadisticos,RandomForest,1,0,1,1,1193,249,0.8393574297188755,0.850791981799176,1.0,0.7521367521367521,0.8776978417266187,0.7733333333333333,1.252601100015454,0.1323760000523179,True
estadisticos,RandomForest,1,0,1,2,1194,249,0.8313253012048193,0.8418769420778456,0.9791666666666666,0.8070175438596491,0.863013698630137,0.7183098591549296,1.2202275000163354,0.1053900999831967,True
estadisticos,RandomForest,1,0,1,3,1193,249,0.8112449799196787,0.8260572139303483,1.0,0.7333333333333333,0.8208955223880597,0.75,1.2303911999915726,0.124204899999313,True
estadisticos,RandomForest,1,0,1,4,1198,244,0.860655737704918,0.8695537695972405,1.0,0.7719298245614035,0.9117647058823528,0.7945205479452054,1.2420354000059888,0.1050583000178448,True
estadisticos,RandomForest,1,1,0,0,1178,311,1.0,1.0,1.0,1.0,1.0,1.0,1.274307299987413,0.119217799976468,True
estadisticos,RandomForest,1,1,0,1,1193,296,0.9932432432432432,0.9925617082091902,1.0,0.9848484848484848,0.9925925925925926,0.9928057553956836,1.2923313999781385,0.0963215999654494,True
estadisticos,RandomForest,1,1,0,2,1194,295,1.0,1.0,1.0,1.0,1.0,1.0,1.271983600046951,0.1182479999843053,True
estadisticos,RandomForest,1,1,0,3,1193,296,0.9966216216216216,0.9963217396008006,1.0,1.0,0.9924812030075189,0.9928057553956836,1.2892877999693155,0.1088894000276923,True
estadisticos,RandomForest,1,1,0,4,1198,291,1.0,1.0,1.0,1.0,1.0,1.0,1.3112114000250583,0.1445959999691695,True
estadisticos,RandomForest,1,2,1,0,1178,311,0.9356913183279744,0.930030565461029,1.0,0.8923076923076924,0.9536423841059604,0.8741721854304636,1.318028800014872,0.0989305999828502,True
estadisticos,RandomForest,1,2,1,1,1193,295,0.9627118644067796,0.9591460268317854,1.0,0.9333333333333332,0.9473684210526316,0.9558823529411764,1.3103727999841794,0.1136712000006809,True
estadisticos,RandomForest,1,2,1,2,1194,297,0.9057239057239056,0.8957763836625454,1.0,0.8235294117647058,0.935251798561151,0.8243243243243243,1.284210899961181,0.1354806000017561,True
estadisticos,RandomForest,1,2,1,3,1193,295,0.928813559322034,0.9209570268929445,1.0,0.8376068376068376,0.9852941176470588,0.8609271523178808,1.320070800022222,0.0975735000101849,True
estadisticos,RandomForest,1,2,1,4,1198,291,0.9243986254295532,0.9158709106984968,1.0,0.8275862068965517,0.9692307692307692,0.8666666666666667,1.2975964000215754,0.1097610999713651,True
estadisticos,RandomForest,1,3,2,0,1178,311,0.9839228295819936,0.9827704625583,1.0,0.9787234042553192,0.9664429530201344,0.9859154929577464,1.2856666999869049,0.1111393999890424,True
estadisticos,RandomForest,1,3,2,1,1193,299,0.9665551839464884,0.9633477577451798,1.0,0.9645390070921984,0.9343065693430656,0.9545454545454546,1.325169299961999,0.1431050000246614,True
estadisticos,RandomForest,1,3,2,2,1194,294,0.9489795918367347,0.9435693451009464,1.0,0.9305555555555556,0.8818897637795275,0.9618320610687024,1.2843785000150092,0.250022699998226,True
estadisticos,RandomForest,1,3,2,3,1193,299,0.9765886287625418,0.9744034591362836,1.0,1.0,0.951048951048951,0.9465648854961832,1.284936599957291,0.1149341000127606,True
estadisticos,RandomForest,1,3,2,4,1198,291,0.979381443298969,0.977258801247772,1.0,0.96875,0.9705882352941176,0.9696969696969696,1.362300300039351,0.1178294999990612,True
estadisticos,RandomForest,2,0,2,0,1178,264,0.9053030303030304,0.91147243368835,1.0,0.979591836734694,0.8466257668711656,0.819672131147541,1.335367400024552,0.1190122999832965,True
estadisticos,RandomForest,2,0,2,1,1194,249,0.8955823293172691,0.902300216945526,1.0,0.9710144927536232,0.8311688311688312,0.8070175438596491,1.2801804000046104,0.1002887000213377,True
estadisticos,RandomForest,2,0,2,2,1192,249,0.8995983935742972,0.9026672842197035,0.9791666666666666,1.0,0.8387096774193549,0.7927927927927928,1.2610438999836333,0.1457348000258207,True
estadisticos,RandomForest,2,0,2,3,1194,249,0.8594377510040161,0.8725752508361204,1.0,0.9076923076923076,0.782608695652174,0.8,1.2764225999708287,0.1367607000283897,True
estadisticos,RandomForest,2,0,2,4,1198,244,0.9098360655737704,0.9142857142857144,1.0,1.0,0.8571428571428571,0.8,1.249251600005664,0.1245753999683074,True
estadisticos,RandomForest,2,1,1,0,1178,311,0.9967845659163987,0.9965276103207136,1.0,0.993006993006993,0.993103448275862,1.0,1.276250599999912,0.1325876000337302,True
estadisticos,RandomForest,2,1,1,1,1194,296,0.9864864864864864,0.985061315496098,1.0,0.9710144927536232,0.9692307692307692,1.0,1.259265200002119,0.1137706999434158,True
estadisticos,RandomForest,2,1,1,2,1192,295,0.9966101694915256,0.9963233306299,1.0,0.9927007299270072,0.9925925925925926,1.0,1.2929476000135764,0.1051259999512694,True
estadisticos,RandomForest,2,1,1,3,1194,296,0.9966216216216216,0.9962684489000276,1.0,0.9925925925925926,0.9924812030075189,1.0,1.3078330000280405,0.142104799975641,True
estadisticos,RandomForest,2,1,1,4,1198,291,0.986254295532646,0.9848345588235294,1.0,0.9705882352941176,0.96875,1.0,1.2820336999720894,0.1038167999940924,True
estadisticos,RandomForest,2,2,0,0,1178,311,1.0,1.0,1.0,1.0,1.0,1.0,1.2187085000332445,0.18205719999969,True
estadisticos,RandomForest,2,2,0,1,1194,295,0.9898305084745764,0.9888864497008946,1.0,0.978102189781022,0.9774436090225564,1.0,1.2532842999789864,0.1844102999893948,True
estadisticos,RandomForest,2,2,0,2,1192,297,0.9932659932659932,0.9925921861281826,1.0,1.0,0.9852941176470588,0.9850746268656716,1.334238500043284,0.1142181999748572,True
estadisticos,RandomForest,2,2,0,3,1194,295,0.9966101694915256,0.9962954832336316,1.0,0.9924812030075189,0.9927007299270072,1.0,1.3266249999869617,0.1131980000063777,True
estadisticos,RandomForest,2,2,0,4,1198,291,0.9965635738831616,0.9962119038053148,1.0,1.0,0.9923664122137404,0.9924812030075189,1.2499012000043876,0.1345564000075683,True
estadisticos,RandomForest,2,3,1,0,1178,311,0.9871382636655948,0.9861758425588212,1.0,0.9787234042553192,0.972972972972973,0.993006993006993,1.2231236000079662,0.1105384000111371,True
estadisticos,RandomForest,2,3,1,1,1194,299,0.9732441471571908,0.9707231694259122,1.0,0.9577464788732394,0.9473684210526316,0.9777777777777776,1.2965952000231482,0.140409699990414,True
estadisticos,RandomForest,2,3,1,2,1192,294,0.9829931972789115,0.9814774161681576,1.0,0.9635036496350364,0.962406015037594,1.0,1.2385657000122592,0.1101644000154919,True
estadisticos,RandomForest,2,3,1,3,1194,299,0.9832775919732442,0.9818202133540336,1.0,0.9925925925925926,0.9645390070921984,0.9701492537313432,1.2932449999498203,0.116022200032603,True
estadisticos,RandomForest,2,3,1,4,1198,291,0.993127147766323,0.992422502870264,1.0,0.9846153846153848,0.9850746268656716,1.0,1.3054869000334293,0.1364742000005208,True
estadisticos,RandomForest,3,0,3,0,1183,264,0.7537878787878788,0.7789543789543789,0.945054945054945,0.7846153846153846,0.6285714285714286,0.7575757575757576,1.2617606000276282,0.1120719000464305,True
estadisticos,RandomForest,3,0,3,1,1195,249,0.7911646586345381,0.8090566683787023,0.9777777777777776,0.7454545454545455,0.7333333333333333,0.7796610169491526,1.2847512000007557,0.1112846999894827,True
estadisticos,RandomForest,3,0,3,2,1200,249,0.7871485943775101,0.8065595080488673,0.9195402298850576,0.8067226890756303,0.7071823204419889,0.7927927927927928,1.2822174999746494,0.1525871999911032,True
estadisticos,RandomForest,3,0,3,3,1195,249,0.7590361445783133,0.7794662996983314,0.8641975308641975,0.7692307692307693,0.6774193548387096,0.8070175438596491,1.3282213000347838,0.1255406999844126,True
estadisticos,RandomForest,3,0,3,4,1203,244,0.7745901639344263,0.7942452284557548,0.989010989010989,0.7142857142857143,0.7017543859649122,0.7719298245614035,1.3234035999630578,0.0950625000405125,True
estadisticos,RandomForest,3,1,2,0,1183,311,0.9260450160771704,0.9186252715177844,1.0,0.8188976377952756,0.8625,0.993103448275862,1.2896564999828115,0.1221297000302001,True
estadisticos,RandomForest,3,1,2,1,1195,296,0.918918918918919,0.9084073820915926,1.0,0.7894736842105263,0.8441558441558441,1.0,1.3037191000184976,0.1131934999721124,True
estadisticos,RandomForest,3,1,2,2,1200,295,0.9457627118644067,0.9411255411255413,1.0,0.8787878787878788,0.8857142857142857,1.0,1.2777780999895183,0.1181306000216864,True
estadisticos,RandomForest,3,1,2,3,1195,296,0.9358108108108107,0.9286234931314832,1.0,0.8455284552845529,0.8689655172413793,1.0,1.2288873000070453,0.1290448000072501,True
estadisticos,RandomForest,3,1,2,4,1203,291,0.9106529209621992,0.8996491228070176,1.0,0.7719298245614035,0.8266666666666667,1.0,1.2066645000013525,0.1090667000389657,True
estadisticos,RandomForest,3,2,1,0,1183,311,0.932475884244373,0.9254988913525498,1.0,0.8292682926829268,0.8727272727272727,1.0,1.230006800033152,0.1003924999968148,True
estadisticos,RandomForest,3,2,1,1,1195,295,0.9084745762711864,0.8981900452488687,1.0,0.7692307692307693,0.8235294117647058,1.0,1.2233113999827765,0.1125822000321932,True
estadisticos,RandomForest,3,2,1,2,1200,297,0.9528619528619529,0.9486842105263158,1.0,0.9172932330827068,0.9,0.9774436090225564,1.2910143000190146,0.1086969000170938,True
estadisticos,RandomForest,3,2,1,3,1195,295,0.9016949152542372,0.8910623852189883,1.0,0.7563025210084033,0.8079470198675497,1.0,1.239630100026261,0.1361012000124901,True
estadisticos,RandomForest,3,2,1,4,1203,291,0.9312714776632304,0.923112767940354,1.0,0.8275862068965517,0.8648648648648649,1.0,1.329681899980642,0.1139833999914117,True
estadisticos,RandomForest,3,3,0,0,1183,311,0.9935691318327974,0.99305421570519,1.0,1.0,0.9859154929577464,0.9863013698630136,1.3263430999941193,0.1071528000175021,True
estadisticos,RandomForest,3,3,0,1,1195,299,0.9899665551839464,0.9889699918897,1.0,0.978102189781022,0.9777777777777776,1.0,1.270567400031723,0.1350554999662563,True
estadisticos,RandomForest,3,3,0,2,1200,294,0.9761904761904762,0.9739298193009416,1.0,0.9645390070921984,0.9465648854961832,0.9846153846153848,1.2929623000090942,0.105636799999047,True
estadisticos,RandomForest,3,3,0,3,1195,299,0.9899665551839464,0.9889964385203992,1.0,0.9855072463768116,0.9777777777777776,0.9927007299270072,1.3154581999988295,0.1310060999821871,True
estadisticos,RandomForest,3,3,0,4,1203,291,0.9965635738831616,0.9962119038053148,1.0,0.9923664122137404,0.9924812030075189,1.0,1.269996000046376,0.1122710999916307,True
estadisticos,MLP,0,0,0,0,991,264,0.9356060606060606,0.9413288326879362,1.0,0.9859154929577464,0.8888888888888888,0.8905109489051095,10.150570099998731,0.0024428000324405,True
estadisticos,MLP,0,0,0,1,1006,249,0.9839357429718876,0.984426353401034,0.989247311827957,1.0,0.9774436090225564,0.9710144927536232,6.08751929999562,0.0021757999784313,True
estadisticos,MLP,0,0,0,2,1006,249,0.9678714859437751,0.9697895100069014,1.0,0.9855072463768116,0.9365079365079364,0.9571428571428572,6.351472500013188,0.0026951000327244,True
estadisticos,MLP,0,0,0,3,1006,249,1.0,1.0,1.0,1.0,1.0,1.0,5.753591699991375,0.0020796999451704,True
estadisticos,MLP,0,0,0,4,1011,244,0.971311475409836,0.9733678933576392,1.0,0.9850746268656716,0.9465648854961832,0.9618320610687024,5.813928499992471,0.0021313999895937,True
estadisticos,MLP,0,1,1,0,991,311,0.7717041800643086,0.7341981472136111,1.0,0.6713286713286714,0.75,0.5154639175257731,6.0353643000125885,0.0025463000056333,True
estadisticos,MLP,0,1,1,1,1006,296,0.8817567567567568,0.8729070963809165,1.0,0.8035714285714286,0.7904191616766467,0.8976377952755905,3.980522900004871,0.00433189998148,True
estadisticos,MLP,0,1,1,2,1006,295,0.8271186440677966,0.8175844320028897,0.9666666666666668,0.7964601769911505,0.6938775510204082,0.8133333333333334,4.665302400011569,0.0023780000046826,True
estadisticos,MLP,0,1,1,3,1006,296,0.8445945945945946,0.8336343032892459,1.0,0.7964601769911505,0.7486033519553073,0.7894736842105263,4.255792399984784,0.0025828999932855,True
estadisticos,MLP,0,1,1,4,1011,291,0.8487972508591065,0.8346759731139142,0.9891304347826086,0.7521367521367521,0.7904191616766467,0.8070175438596491,5.187732699967455,0.0022576000192202,True
estadisticos,MLP,0,2,2,0,991,311,0.7942122186495176,0.767816742081448,1.0,0.7058823529411765,0.75,0.6153846153846154,6.439954300003592,0.0031382999732159,True
estadisticos,MLP,0,2,2,1,1006,295,0.8372881355932204,0.824440954807708,0.9945945945945946,0.7758620689655172,0.7514450867052023,0.7758620689655172,3.901362099975813,0.0030443000141531,True
estadisticos,MLP,0,2,2,2,1006,297,0.8417508417508418,0.8263080267039279,1.0,0.7964601769911505,0.6666666666666666,0.8421052631578947,4.624934499966912,0.0022700999979861,True
estadisticos,MLP,0,2,2,3,1006,295,0.847457627118644,0.8362021313348746,1.0,0.7964601769911505,0.7555555555555555,0.7927927927927928,4.431381799979135,0.0023833999875932,True
estadisticos,MLP,0,2,2,4,1011,291,0.8384879725085911,0.821483438197196,1.0,0.7521367521367521,0.7674418604651163,0.7663551401869159,5.190848400001414,0.0023420000215992,True
estadisticos,MLP,0,3,3,0,991,311,0.8006430868167203,0.7850222061089459,1.0,0.6545454545454545,0.7058823529411765,0.7796610169491526,6.399786000023596,0.0030903999577276,True
estadisticos,MLP,0,3,3,1,1006,299,0.8093645484949833,0.7935714448473928,1.0,0.6796116504854369,0.7015706806282722,0.7931034482758621,3.496022399980575,0.0023564000148326,True
estadisticos,MLP,0,3,3,2,1006,294,0.7789115646258503,0.7498542802432143,0.989247311827957,0.5531914893617021,0.6097560975609756,0.8472222222222222,4.480749399983324,0.002597099984996,True
estadisticos,MLP,0,3,3,3,1006,299,0.8160535117056856,0.8010873942811116,1.0,0.6923076923076923,0.7120418848167539,0.8,4.623819099972025,0.0024173000128939,True
estadisticos,MLP,0,3,3,4,1011,291,0.8109965635738832,0.7926605504587156,1.0,0.6857142857142857,0.7142857142857143,0.7706422018348624,5.073417099949438,0.0023066000430844,True
estadisticos,MLP,1,0,1,0,1178,264,0.5681818181818182,0.5595940926613474,0.5748502994011976,0.6442953020134228,0.5192307692307693,0.5,4.8127338999765925,0.0023302999907173,True
estadisticos,MLP,1,0,1,1,1193,249,0.5903614457831325,0.5834493958642507,0.5882352941176471,0.6382978723404256,0.6017699115044248,0.5054945054945055,6.147972700011451,0.0021504000178538,True
estadisticos,MLP,1,0,1,2,1194,249,0.5662650602409639,0.5627056802082258,0.5310734463276836,0.6617647058823529,0.574468085106383,0.4835164835164835,5.427845400001388,0.002193399996031,True
estadisticos,MLP,1,0,1,3,1193,249,0.6947791164658634,0.675924461405245,0.696969696969697,0.7831325301204819,0.7289719626168224,0.4946236559139785,6.479516600025818,0.0023503000265918,True
estadisticos,MLP,1,0,1,4,1198,244,0.5573770491803278,0.5489200286111041,0.5380116959064327,0.6521739130434783,0.5054945054945055,0.5,4.436259800044354,0.0021609999821521,True
estadisticos,MLP,1,1,0,0,1178,311,1.0,1.0,1.0,1.0,1.0,1.0,5.064764299953822,0.0031054000137373,True
estadisticos,MLP,1,1,0,1,1193,296,1.0,1.0,1.0,1.0,1.0,1.0,6.552458200021647,0.0025256000226363,True
estadisticos,MLP,1,1,0,2,1194,295,0.9966101694915256,0.996266785535187,1.0,1.0,0.9927007299270072,0.9923664122137404,5.611007599974982,0.0023587999748997,True
estadisticos,MLP,1,1,0,3,1193,296,0.9898648648648648,0.9888580045054866,1.0,0.9848484848484848,0.9777777777777776,0.9928057553956836,6.158016700006556,0.0029902000096626,True
estadisticos,MLP,1,1,0,4,1198,291,0.986254295532646,0.984845005740528,1.0,1.0,0.9701492537313432,0.9692307692307692,4.073758099984843,0.0022654000204056,True
estadisticos,MLP,1,2,1,0,1178,311,1.0,1.0,1.0,1.0,1.0,1.0,4.674460499954876,0.0027730999863706,True
estadisticos,MLP,1,2,1,1,1193,295,0.976271186440678,0.9746182489082906,0.9945945945945946,0.9640287769784172,0.9473684210526316,0.9924812030075189,5.295956299989484,0.0024300999939441,True
estadisticos,MLP,1,2,1,2,1194,297,0.9865319865319864,0.9851831435609204,1.0,0.9927007299270072,0.9705882352941176,0.9774436090225564,5.674791499972344,0.0035227999906055,True
estadisticos,MLP,1,2,1,3,1193,295,1.0,1.0,1.0,1.0,1.0,1.0,6.016269900021143,0.0023723999620415,True
estadisticos,MLP,1,2,1,4,1198,291,0.993127147766323,0.992422502870264,1.0,0.9850746268656716,0.9846153846153848,1.0,4.588583999953698,0.0024955000262707,True
estadisticos,MLP,1,3,2,0,1178,311,0.990353697749196,0.9895788102475032,1.0,1.0,0.979591836734694,0.9787234042553192,4.760034999984782,0.0022866000072099,True
estadisticos,MLP,1,3,2,1,1193,299,0.9665551839464884,0.9640916672527328,0.9946524064171124,0.9640287769784172,0.927536231884058,0.9701492537313432,6.123498199973255,0.0024856000090949,True
estadisticos,MLP,1,3,2,2,1194,294,0.9591836734693876,0.955355235042735,1.0,0.9305555555555556,0.90625,0.9846153846153848,5.258697799989022,0.0028497999883256,True
estadisticos,MLP,1,3,2,3,1193,299,0.9732441471571908,0.970900480633305,1.0,0.9925925925925926,0.9444444444444444,0.9465648854961832,6.685341199976392,0.0031298999674618,True
estadisticos,MLP,1,3,2,4,1198,291,0.9896907216494846,0.990217792543374,0.984126984126984,1.0,0.9767441860465116,1.0,4.514469099987764,0.0029029999859631,True
estadisticos,MLP,2,0,2,0,1178,264,0.3674242424242424,0.320729633813746,0.5079365079365079,0.0,0.3076923076923077,0.4672897196261682,5.1673485999926925,0.002769700018689,True
estadisticos,MLP,2,0,2,1,1194,249,0.4016064257028112,0.3921299288946347,0.4509803921568627,0.3095238095238095,0.3025210084033613,0.5054945054945055,5.5340709000010975,0.0022304999874904,True
estadisticos,MLP,2,0,2,2,1192,249,0.4578313253012048,0.4616653092475371,0.4563106796116505,0.4888888888888889,0.4070796460176991,0.4943820224719101,5.931012100016233,0.0020923999836668,True
estadisticos,MLP,2,0,2,3,1194,249,0.4337349397590361,0.4335640847583499,0.4509803921568627,0.4842105263157895,0.2990654205607476,0.5,3.3976483000442386,0.0037964999792166,True
estadisticos,MLP,2,0,2,4,1198,244,0.4549180327868852,0.4551028208606354,0.467005076142132,0.4680851063829787,0.3853211009174312,0.5,5.533697000006214,0.0023474000045098,True
estadisticos,MLP,2,1,1,0,1178,311,0.9935691318327974,0.9930305973773677,1.0,0.993103448275862,0.9859154929577464,0.993103448275862,5.237864499969874,0.0028171999729238,True
estadisticos,MLP,2,1,1,1,1194,296,0.983108108108108,0.9814159721464012,1.0,0.9925925925925926,0.9612403100775194,0.971830985915493,7.205437799973879,0.0029205000028014,True
estadisticos,MLP,2,1,1,2,1192,295,0.9966101694915256,0.9968238311304004,0.9945945945945946,1.0,0.9927007299270072,1.0,7.667278699984308,0.0023087000008672,True
estadisticos,MLP,2,1,1,3,1194,296,0.9932432432432432,0.9925903963172183,1.0,0.9924812030075189,0.9850746268656716,0.9928057553956836,4.184139900025912,0.0029575999942608,True
estadisticos,MLP,2,1,1,4,1198,291,0.9690721649484536,0.9655419035393362,1.0,0.9924812030075189,0.926829268292683,0.9428571428571428,5.562047799990978,0.0013622000114992,True
estadisticos,MLP,2,2,0,0,1178,311,1.0,1.0,1.0,1.0,1.0,1.0,4.353325300035067,0.0024964999756775,True
estadisticos,MLP,2,2,0,1,1194,295,0.9932203389830508,0.9925921861281826,1.0,0.9852941176470588,0.9850746268656716,1.0,5.772706600022502,0.0011749999830499,True
estadisticos,MLP,2,2,0,2,1192,297,0.9865319865319864,0.9851778656126482,1.0,1.0,0.9710144927536232,0.9696969696969696,8.463876300025731,0.0367089000064879,True
estadisticos,MLP,2,2,0,3,1194,295,0.9796610169491524,0.97771786971831,1.0,0.953125,0.9577464788732394,1.0,5.533029899990652,0.002705999999307,True
estadisticos,MLP,2,2,0,4,1198,291,0.986254295532646,0.9848345588235294,1.0,1.0,0.96875,0.9705882352941176,7.412666999967769,0.0051506999880075,True
estadisticos,MLP,2,3,1,0,1178,311,0.9935691318327974,0.99305421570519,1.0,1.0,0.9863013698630136,0.9859154929577464,3.991493900015485,0.0010677999816834,True
estadisticos,MLP,2,3,1,1,1194,299,0.9765886287625418,0.9748825153676712,0.9946524064171124,0.9640287769784172,0.9481481481481482,0.9927007299270072,1.6652092000003904,0.0013031000271439,True
estadisticos,MLP,2,3,1,2,1192,294,0.9761904761904762,0.974074074074074,1.0,0.9481481481481482,0.9481481481481482,1.0,1.651533099997323,0.0011981999850831,True
estadisticos,MLP,2,3,1,3,1194,299,0.9966555183946488,0.9963503649635036,1.0,1.0,0.9927007299270072,0.9927007299270072,1.101006300013978,0.0010119000216946,True
estadisticos,MLP,2,3,1,4,1198,291,0.9965635738831616,0.9962119038053148,1.0,0.9924812030075189,0.9923664122137404,1.0,1.4791631000116467,0.0010158999939449,True
estadisticos,MLP,3,0,3,0,1183,264,0.3560606060606061,0.3098392380853672,0.4824120603015075,0.0,0.2896551724137931,0.4672897196261682,0.9274081999901682,0.000969199987594,True
estadisticos,MLP,3,0,3,1,1195,249,0.3654618473895582,0.3200010773540185,0.4509803921568627,0.0,0.3235294117647059,0.5054945054945055,0.942855800036341,0.0008421000093221,True
estadisticos,MLP,3,0,3,2,1200,249,0.3694779116465863,0.3226923857493404,0.4630541871921182,0.0,0.3333333333333333,0.4943820224719101,0.889430400042329,0.0008659999584779,True
estadisticos,MLP,3,0,3,3,1195,249,0.3614457831325301,0.3168965021906198,0.4509803921568627,0.0,0.3111111111111111,0.5054945054945055,1.0392078000004403,0.0010795000125654,True
estadisticos,MLP,3,0,3,4,1203,244,0.3811475409836065,0.3529867328227807,0.46,0.136986301369863,0.3149606299212598,0.5,1.3761426000273786,0.0009768000454641,True
estadisticos,MLP,3,1,2,0,1183,311,0.9389067524115756,0.933769063180828,1.0,0.8592592592592593,0.8758169934640523,1.0,0.9880278999917208,0.0011054000351577,True
estadisticos,MLP,3,1,2,1,1195,296,0.9493243243243245,0.9446864952751188,1.0,0.9016393442622952,0.8993288590604027,0.9777777777777776,0.928614699980244,0.001037299982272,True
estadisticos,MLP,3,1,2,2,1200,295,0.928813559322034,0.9212572373862696,1.0,0.8205128205128205,0.864516129032258,1.0,1.039187700022012,0.0021022000000812,True
estadisticos,MLP,3,1,2,3,1195,296,0.9864864864864864,0.9850701257176078,1.0,0.9777777777777776,0.9696969696969696,0.9928057553956836,1.2410306999809109,0.0010893000289797,True
estadisticos,MLP,3,1,2,4,1203,291,0.9278350515463918,0.9205501855362048,1.0,0.9411764705882352,0.8467153284671532,0.8943089430894309,4.534564100031275,0.0028657999937422,True
estadisticos,MLP,3,2,1,0,1183,311,0.9935691318327974,0.99305421570519,1.0,0.9859154929577464,0.9863013698630136,1.0,3.952140499954112,0.002963000035379,True
estadisticos,MLP,3,2,1,1,1195,295,0.9830508474576272,0.9814630347004448,1.0,0.9925925925925926,0.9640287769784172,0.9692307692307692,4.267848099989351,0.0025633999612182,True
estadisticos,MLP,3,2,1,2,1200,297,0.9427609427609428,0.9383158430973,1.0,0.912,0.8874172185430463,0.953846153846154,4.086279099981766,0.012934900005348,True
estadisticos,MLP,3,2,1,3,1195,295,0.9627118644067796,0.9590344827586208,1.0,0.912,0.9241379310344828,1.0,4.758634699974209,0.0071500000194646,True
estadisticos,MLP,3,2,1,4,1203,291,0.9759450171821306,0.973783618454074,1.0,0.96875,0.9496402877697842,0.9767441860465116,5.720491200045217,0.0046167999971657,True
estadisticos,MLP,3,3,0,0,1183,311,1.0,1.0,1.0,1.0,1.0,1.0,5.261696799949277,0.0073599999886937,True
estadisticos,MLP,3,3,0,1,1195,299,0.979933110367893,0.9796283748045096,0.9837837837837838,0.9855072463768116,0.9565217391304348,0.9927007299270072,5.314219499996398,0.0051257000304758,True
estadisticos,MLP,3,3,0,2,1200,294,1.0,1.0,1.0,1.0,1.0,1.0,5.961070099961944,0.0045108000049367,True
estadisticos,MLP,3,3,0,3,1195,299,0.9966555183946488,0.9963503649635036,1.0,1.0,0.9927007299270072,0.9927007299270072,5.923445200023707,0.0036726999678649,True
estadisticos,MLP,3,3,0,4,1203,291,1.0,1.0,1.0,1.0,1.0,1.0,7.180080500023905,0.0044951000018045,True
fft,SVM-RBF,0,0,0,0,991,264,1.0,1.0,1.0,1.0,1.0,1.0,0.5103920000256039,0.3368512999732047,True
fft,SVM-RBF,0,0,0,1,1006,249,1.0,1.0,1.0,1.0,1.0,1.0,0.576211899984628,0.2628367000143043,True
fft,SVM-RBF,0,0,0,2,1006,249,1.0,1.0,1.0,1.0,1.0,1.0,0.5409528999589384,0.2771141999983229,True
fft,SVM-RBF,0,0,0,3,1006,249,0.9879518072289156,0.988879125707068,1.0,0.9770992366412212,1.0,0.9784172661870504,0.4596687000012025,0.2456620999728329,True
fft,SVM-RBF,0,0,0,4,1011,244,1.0,1.0,1.0,1.0,1.0,1.0,0.669394500029739,0.2106819999753497,True
fft,SVM-RBF,0,1,1,0,991,311,0.8392282958199357,0.8010966190614981,1.0,0.4680851063829787,0.9863013698630136,0.75,0.4445315999910235,0.321241200028453,True
fft,SVM-RBF,0,1,1,1,1006,296,0.8277027027027027,0.7741958466183234,1.0,0.3855421686746988,0.9571428571428572,0.7540983606557377,0.4485441000433638,0.3778952999855391,True
fft,SVM-RBF,0,1,1,2,1006,295,0.8169491525423729,0.756289290245328,1.0,0.3414634146341463,0.9379310344827586,0.7457627118644068,0.534334999974817,0.2979070000001229,True
fft,SVM-RBF,0,1,1,3,1006,296,0.8378378378378378,0.7935152538882596,1.0,0.4418604651162791,0.978102189781022,0.7540983606557377,0.4892457000096328,0.3026310999994166,True
fft,SVM-RBF,0,1,1,4,1011,291,0.8281786941580757,0.7741914103923648,1.0,0.3902439024390244,0.9565217391304348,0.75,0.4895256000454537,0.2577736000530422,True
fft,SVM-RBF,0,2,2,0,991,311,0.8263665594855305,0.7775,1.0,0.4,0.96,0.75,0.4570398000068962,0.2906132999924011,True
fft,SVM-RBF,0,2,2,1,1006,295,0.8271186440677966,0.7729729998758114,1.0,0.3855421686746988,0.9577464788732394,0.7486033519553073,0.4604891000199131,0.2882527000037953,True
fft,SVM-RBF,0,2,2,2,1006,297,0.8181818181818182,0.7574768917916741,1.0,0.3414634146341463,0.9370629370629372,0.7513812154696132,0.5419008000171743,0.35810119996313,True
fft,SVM-RBF,0,2,2,3,1006,295,0.8169491525423729,0.7528835966095164,1.0,0.325,0.9379310344827586,0.7486033519553073,0.5067909000208601,0.3004890999873169,True
fft,SVM-RBF,0,2,2,4,1011,291,0.8213058419243986,0.7607142857142857,1.0,0.35,0.9428571428571428,0.75,0.4683094000210985,0.3482606000034138,True
fft,SVM-RBF,0,3,3,0,991,311,0.6913183279742765,0.6,1.0,0.0,0.8,0.6,0.4761194000020623,0.361688699980732,True
fft,SVM-RBF,0,3,3,1,1006,299,0.6956521739130435,0.5997700660818487,1.0,0.0,0.7964601769911505,0.6026200873362445,0.5702608000137843,0.405043700011447,True
fft,SVM-RBF,0,3,3,2,1006,294,0.6938775510204082,0.5995415057915058,1.0,0.0,0.8035714285714286,0.5945945945945946,0.55060090002371,0.2988762999884784,True
fft,SVM-RBF,0,3,3,3,1006,299,0.6956521739130435,0.5997700660818487,1.0,0.0,0.7964601769911505,0.6026200873362445,0.5004565000417642,0.3517055000411346,True
fft,SVM-RBF,0,3,3,4,1011,291,0.697594501718213,0.6,1.0,0.0,0.8,0.6,0.5196501000318676,0.2815535000408999,True
fft,SVM-RBF,1,0,1,0,1178,264,0.7992424242424242,0.7975356916539307,1.0,0.48,0.9640287769784172,0.7461139896373057,0.5638179000234231,0.2587122999830171,True
fft,SVM-RBF,1,0,1,1,1193,249,0.8112449799196787,0.8056565120611714,1.0,0.4943820224719101,0.9850746268656716,0.7431693989071039,0.7463193000294268,0.2680228000390343,True
fft,SVM-RBF,1,0,1,2,1194,249,0.8192771084337349,0.8135244643624532,1.0,0.5054945054945055,1.0,0.7486033519553073,0.5929894000291824,0.2212086000363342,True
fft,SVM-RBF,1,0,1,3,1193,249,0.7911646586345381,0.7904745125675359,1.0,0.4888888888888889,0.9457364341085271,0.7272727272727273,0.5927819000207819,0.2194761999999173,True
fft,SVM-RBF,1,0,1,4,1198,244,0.7991803278688525,0.7961633756723667,1.0,0.4782608695652174,0.9606299212598424,0.7457627118644068,0.7256668999907561,0.2397816999582573,True
fft,SVM-RBF,1,1,0,0,1178,311,1.0,1.0,1.0,1.0,1.0,1.0,0.6144777000299655,0.2988121999660507,True
fft,SVM-RBF,1,1,0,1,1193,296,1.0,1.0,1.0,1.0,1.0,1.0,0.5618642999907024,0.256432699970901,True
fft,SVM-RBF,1,1,0,2,1194,295,1.0,1.0,1.0,1.0,1.0,1.0,0.5655891000060365,0.270454499986954,True
fft,SVM-RBF,1,1,0,3,1193,296,1.0,1.0,1.0,1.0,1.0,1.0,0.7465638999710791,0.312642999982927,True
fft,SVM-RBF,1,1,0,4,1198,291,1.0,1.0,1.0,1.0,1.0,1.0,0.6367756999679841,0.2879652000265196,True
fft,SVM-RBF,1,2,1,0,1178,311,0.8456591639871383,0.8125,1.0,0.5,1.0,0.75,0.6151565999607556,0.3004898999934084,True
fft,SVM-RBF,1,2,1,1,1193,295,0.847457627118644,0.8107463436068043,1.0,0.4943820224719101,1.0,0.7486033519553073,0.5415321000036784,0.3398248000303283,True
fft,SVM-RBF,1,2,1,2,1194,297,0.8451178451178452,0.810965604619283,1.0,0.5,0.9924812030075189,0.7513812154696132,0.5535963999573141,0.2502334000309929,True
fft,SVM-RBF,1,2,1,3,1193,295,0.847457627118644,0.8107463436068043,1.0,0.4943820224719101,1.0,0.7486033519553073,0.5272634999710135,0.2842299999902025,True
fft,SVM-RBF,1,2,1,4,1198,291,0.8487972508591065,0.8125,1.0,0.5,1.0,0.75,0.6215223000035621,0.3606294000055641,True
fft,SVM-RBF,1,3,2,0,1178,311,0.7684887459807074,0.7368869656438499,1.0,0.4516129032258064,0.8292682926829268,0.6666666666666666,0.6064950000145473,0.2924841999774799,True
fft,SVM-RBF,1,3,2,1,1193,299,0.7959866220735786,0.7605804335795756,1.0,0.4545454545454545,0.8943089430894309,0.6934673366834171,0.5821677999920212,0.303830899996683,True
fft,SVM-RBF,1,3,2,2,1194,294,0.7380952380952381,0.6890345075652093,1.0,0.3209876543209876,0.8035714285714286,0.631578947368421,0.5467565000290051,0.2843484999611974,True
fft,SVM-RBF,1,3,2,3,1193,299,0.745819397993311,0.6958096929382316,1.0,0.3209876543209876,0.8173913043478261,0.6448598130841121,0.5398617999744602,0.2507548999856226,True
fft,SVM-RBF,1,3,2,4,1198,291,0.738831615120275,0.6855769230769231,1.0,0.3076923076923077,0.8,0.6346153846153846,0.8384482000255957,0.2835987000144087,True
fft,SVM-RBF,2,0,2,0,1178,264,0.8181818181818182,0.8125,1.0,0.5,1.0,0.75,0.662465900008101,0.2516270999913104,True
fft,SVM-RBF,2,0,2,1,1194,249,0.8112449799196787,0.8053040657518269,1.0,0.4888888888888889,0.9850746268656716,0.7472527472527473,0.5915387999848463,0.2400505999685265,True
fft,SVM-RBF,2,0,2,2,1192,249,0.8072289156626506,0.8043576820884821,1.0,0.5,0.9770992366412212,0.7403314917127072,0.6133720999932848,0.2373826999682933,True
fft,SVM-RBF,2,0,2,3,1194,249,0.7871485943775101,0.7874482860520094,1.0,0.4888888888888889,0.9375,0.723404255319149,0.5317780000041239,0.215645000047516,True
fft,SVM-RBF,2,0,2,4,1198,244,0.819672131147541,0.8125,1.0,0.5,1.0,0.75,0.5149161000153981,0.1898234999971464,True
fft,SVM-RBF,2,1,1,0,1178,311,0.8392282958199357,0.8067187108549486,1.0,0.4948453608247423,0.9859154929577464,0.7461139896373057,0.5373228999669664,0.3487284000148065,True
fft,SVM-RBF,2,1,1,1,1194,296,0.847972972972973,0.8121200957819119,1.0,0.4943820224719101,1.0,0.7540983606557377,0.7133353999815881,0.2978400000138208,True
fft,SVM-RBF,2,1,1,2,1192,295,0.847457627118644,0.812814304339728,1.0,0.5054945054945055,1.0,0.7457627118644068,0.5893577999668196,0.2698486999724991,True
fft,SVM-RBF,2,1,1,3,1194,296,0.8412162162162162,0.8059343434343434,1.0,0.4888888888888889,0.9848484848484848,0.75,0.5564340999699198,0.2696457999991253,True
fft,SVM-RBF,2,1,1,4,1198,291,0.8316151202749141,0.7961633756723667,1.0,0.4782608695652174,0.9606299212598424,0.7457627118644068,0.5663485000259243,0.2538058000500314,True
fft,SVM-RBF,2,2,0,0,1178,311,1.0,1.0,1.0,1.0,1.0,1.0,0.5283841000054963,0.3225529000046663,True
fft,SVM-RBF,2,2,0,1,1194,295,0.9932203389830508,0.992535650623886,1.0,0.9848484848484848,1.0,0.9852941176470588,0.8106944999890402,0.3177797000389546,True
fft,SVM-RBF,2,2,0,2,1192,297,1.0,1.0,1.0,1.0,1.0,1.0,0.6221348000108264,0.284223299997393,True
fft,SVM-RBF,2,2,0,3,1194,295,1.0,1.0,1.0,1.0,1.0,1.0,0.5462885000160895,0.2357934999745339,True
fft,SVM-RBF,2,2,0,4,1198,291,1.0,1.0,1.0,1.0,1.0,1.0,0.5443811000441201,0.2763085000333376,True
fft,SVM-RBF,2,3,1,0,1178,311,0.8456591639871383,0.8125,1.0,0.5,1.0,0.75,0.6017867000191472,0.2503219000063836,True
fft,SVM-RBF,2,3,1,1,1194,299,0.8394648829431438,0.8039747499063821,1.0,0.4888888888888889,0.9850746268656716,0.7419354838709677,0.540646800014656,0.3187889999826439,True
fft,SVM-RBF,2,3,1,2,1192,294,0.8435374149659864,0.8098871855524724,1.0,0.5054945054945055,0.9924812030075189,0.7415730337078652,0.6975523000000976,0.3348039999837056,True
fft,SVM-RBF,2,3,1,3,1194,299,0.842809364548495,0.8068568568568568,1.0,0.4888888888888889,0.9925925925925926,0.745945945945946,0.6145688999677077,0.2594325999962166,True
fft,SVM-RBF,2,3,1,4,1198,291,0.8281786941580757,0.7936507936507937,1.0,0.4888888888888889,0.9523809523809524,0.7333333333333333,0.6503016999922693,0.2334927000338211,True
fft,SVM-RBF,3,0,3,0,1183,264,0.7689393939393939,0.762392265806617,1.0,0.391304347826087,0.948905109489051,0.7093596059113301,0.5692092999815941,0.2742887000204064,True
fft,SVM-RBF,3,0,3,1,1195,249,0.7630522088353414,0.7628240906380441,1.0,0.4418604651162791,0.912,0.6974358974358974,0.5786493999767117,0.2142803000169806,True
fft,SVM-RBF,3,0,3,2,1200,249,0.8032128514056225,0.8017414279709362,1.0,0.5054945054945055,0.9692307692307692,0.73224043715847,0.8923910000012256,0.2882345999823883,True
fft,SVM-RBF,3,0,3,3,1195,249,0.7590361445783133,0.7619891522630918,1.0,0.4597701149425287,0.8943089430894309,0.6938775510204082,0.6040483000106178,0.2634631000109948,True
fft,SVM-RBF,3,0,3,4,1203,244,0.8114754098360656,0.8038504628377185,1.0,0.4772727272727273,0.9923664122137404,0.7457627118644068,0.6008314999635331,0.2335713999927975,True
fft,SVM-RBF,3,1,2,0,1183,311,0.8392282958199357,0.807045883548715,1.0,0.5,0.9859154929577464,0.7422680412371134,0.5893669999786653,0.3361536999582313,True
fft,SVM-RBF,3,1,2,1,1195,296,0.8445945945945946,0.8092158063698571,1.0,0.4943820224719101,0.9924812030075189,0.75,0.5629068000125699,0.2419563999865204,True
fft,SVM-RBF,3,1,2,2,1200,295,0.8440677966101695,0.8095888261142499,1.0,0.5,0.9925925925925926,0.7457627118644068,0.5508777999784797,0.2891484000138007,True
fft,SVM-RBF,3,1,2,3,1195,296,0.8412162162162162,0.8062941133165852,1.0,0.4943820224719101,0.9848484848484848,0.745945945945946,0.7385178999975324,0.3179860999807715,True
fft,SVM-RBF,3,1,2,4,1203,291,0.8316151202749141,0.7974779223039109,1.0,0.5,0.9606299212598424,0.7292817679558011,0.6336308000027202,0.2840568000101484,True
fft,SVM-RBF,3,2,1,0,1183,311,0.8456591639871383,0.8125,1.0,0.5,1.0,0.75,0.5645642000017688,0.2939671999774873,True
fft,SVM-RBF,3,2,1,1,1195,295,0.847457627118644,0.8107463436068043,1.0,0.4943820224719101,1.0,0.7486033519553073,0.5677033999818377,0.2859736999962479,True
fft,SVM-RBF,3,2,1,2,1200,297,0.8484848484848485,0.8142189302410296,1.0,0.5054945054945055,1.0,0.7513812154696132,0.5562259999569505,0.2620581000228412,True
fft,SVM-RBF,3,2,1,3,1195,295,0.847457627118644,0.8107463436068043,1.0,0.4943820224719101,1.0,0.7486033519553073,0.904835199995432,0.3357204999774694,True
fft,SVM-RBF,3,2,1,4,1203,291,0.8487972508591065,0.8125,1.0,0.5,1.0,0.75,0.6105736999888904,0.2688830000115558,True
fft,SVM-RBF,3,3,0,0,1183,311,1.0,1.0,1.0,1.0,1.0,1.0,0.5968630000133999,0.3161128999781795,True
fft,SVM-RBF,3,3,0,1,1195,299,1.0,1.0,1.0,1.0,1.0,1.0,0.5477739999769256,0.3003920000046491,True
fft,SVM-RBF,3,3,0,2,1200,294,1.0,1.0,1.0,1.0,1.0,1.0,0.5630454000202008,0.2536434000357985,True
fft,SVM-RBF,3,3,0,3,1195,299,1.0,1.0,1.0,1.0,1.0,1.0,0.6324979999917559,0.300002800009679,True
fft,SVM-RBF,3,3,0,4,1203,291,1.0,1.0,1.0,1.0,1.0,1.0,0.6971058000344783,0.2887819999596104,True
fft,RandomForest,0,0,0,0,991,264,1.0,1.0,1.0,1.0,1.0,1.0,2.3815783000318334,0.2523516999790445,True
fft,RandomForest,0,0,0,1,1006,249,1.0,1.0,1.0,1.0,1.0,1.0,2.622836599999573,0.2993927000206895,True
fft,RandomForest,0,0,0,2,1006,249,1.0,1.0,1.0,1.0,1.0,1.0,2.522008200001437,0.2452918000053614,True
fft,RandomForest,0,0,0,3,1006,249,1.0,1.0,1.0,1.0,1.0,1.0,2.467205799999647,0.2114069999661296,True
fft,RandomForest,0,0,0,4,1011,244,1.0,1.0,1.0,1.0,1.0,1.0,2.511029199988116,0.2533126999624073,True
fft,RandomForest,0,1,1,0,991,311,0.797427652733119,0.7651225890813992,1.0,0.56,0.8421052631578947,0.6583850931677019,2.5666234000236727,0.289048200007528,True
fft,RandomForest,0,1,1,1,1006,296,0.8851351351351351,0.872047861079318,1.0,0.8035714285714286,0.8874172185430463,0.7972027972027972,2.3803116000490263,0.2642532000318169,True
fft,RandomForest,0,1,1,2,1006,295,0.8915254237288136,0.8786672142861912,1.0,0.8070175438596491,0.918918918918919,0.7887323943661971,2.5216306999791414,0.2735117999836802,True
fft,RandomForest,0,1,1,3,1006,296,0.8952702702702703,0.8819345225523401,1.0,0.7927927927927928,0.8993288590604027,0.8356164383561644,2.656185500032734,0.2442641999805346,True
fft,RandomForest,0,1,1,4,1011,291,0.8694158075601375,0.8555259695118923,1.0,0.8214285714285714,0.8707482993197279,0.7299270072992701,2.539651099999901,0.2481253999867476,True
fft,RandomForest,0,2,2,0,991,311,0.919614147909968,0.9096231963378412,1.0,0.7899159663865546,0.9863013698630136,0.8622754491017964,2.437967900012154,0.217544499959331,True
fft,RandomForest,0,2,2,1,1006,295,0.9423728813559322,0.9341463161521444,1.0,0.8547008547008547,0.9577464788732394,0.9241379310344828,2.468101500009652,0.2026778999716043,True
fft,RandomForest,0,2,2,2,1006,297,0.8956228956228957,0.8770742136449572,1.0,0.7047619047619048,0.9640287769784172,0.8395061728395061,2.701382100000046,0.2473960000206716,True
fft,RandomForest,0,2,2,3,1006,295,0.9457627118644067,0.9388298578608084,1.0,0.864406779661017,0.9855072463768116,0.9054054054054054,2.5025547999539413,0.2173777000280097,True
fft,RandomForest,0,2,2,4,1011,291,0.9484536082474226,0.9424385138670852,1.0,0.8717948717948718,1.0,0.8979591836734694,2.601272700005211,0.2275889999582432,True
fft,RandomForest,0,3,3,0,991,311,0.8971061093247589,0.8790113112693758,1.0,0.7142857142857143,0.9290322580645162,0.8727272727272727,2.4589398999814875,0.2523940000100992,True
fft,RandomForest,0,3,3,1,1006,299,0.9498327759197324,0.9434090314810266,1.0,0.8760330578512396,0.9714285714285714,0.9261744966442952,2.589565300033428,0.2697097999625839,True
fft,RandomForest,0,3,3,2,1006,294,0.891156462585034,0.8723246698868615,1.0,0.7169811320754716,0.864516129032258,0.9078014184397164,2.4739299999782816,0.2934029999887571,True
fft,RandomForest,0,3,3,3,1006,299,0.8929765886287625,0.8731256490134995,1.0,0.7102803738317757,0.8888888888888888,0.8933333333333333,2.66987619997235,0.3268978000269271,True
fft,RandomForest,0,3,3,4,1011,291,0.9484536082474226,0.9421364166104398,1.0,0.8907563025210085,0.9635036496350364,0.9142857142857144,2.986232099996414,0.312787999981083,True
fft,RandomForest,1,0,1,0,1178,264,1.0,1.0,1.0,1.0,1.0,1.0,2.8373583999928087,0.2824997999705374,True
fft,RandomForest,1,0,1,1,1193,249,0.9959839357429718,0.9962954832336316,1.0,0.9924812030075189,1.0,0.9927007299270072,2.888719299982768,0.2781171000096947,True
fft,RandomForest,1,0,1,2,1194,249,0.9799196787148594,0.98146520951178,1.0,0.9618320610687024,1.0,0.9640287769784172,2.9586024000309408,0.2867914999951608,True
fft,RandomForest,1,0,1,3,1193,249,0.9799196787148594,0.9814633062724666,1.0,0.9618320610687024,0.9925925925925926,0.9714285714285714,3.283504399994854,0.2416486000292934,True
fft,RandomForest,1,0,1,4,1198,244,0.9959016393442623,0.9962119038053148,1.0,0.9923664122137404,1.0,0.9924812030075189,3.014050400000997,0.3014953999663703,True
fft,RandomForest,1,1,0,0,1178,311,1.0,1.0,1.0,1.0,1.0,1.0,2.9264330999576487,0.3432132000452839,True
fft,RandomForest,1,1,0,1,1193,296,1.0,1.0,1.0,1.0,1.0,1.0,3.122202300000936,0.2815743000246584,True
fft,RandomForest,1,1,0,2,1194,295,1.0,1.0,1.0,1.0,1.0,1.0,3.065478200034704,0.3643579000490717,True
fft,RandomForest,1,1,0,3,1193,296,1.0,1.0,1.0,1.0,1.0,1.0,3.0802760999649763,0.2758725000312552,True
fft,RandomForest,1,1,0,4,1198,291,1.0,1.0,1.0,1.0,1.0,1.0,3.368111699994188,0.3258070999872871,True
fft,RandomForest,1,2,1,0,1178,311,1.0,1.0,1.0,1.0,1.0,1.0,3.0398425000021234,0.3638560999534093,True
fft,RandomForest,1,2,1,1,1193,295,0.9864406779661016,0.9851488597228848,1.0,0.9924812030075189,0.9784172661870504,0.9696969696969696,3.23268089996418,0.5254656000179239,True
fft,RandomForest,1,2,1,2,1194,297,0.9831649831649832,0.98146520951178,1.0,1.0,0.9640287769784172,0.9618320610687024,3.26882850000402,0.3239900000044144,True
fft,RandomForest,1,2,1,3,1193,295,0.9966101694915256,0.996268448900028,1.0,0.9924812030075189,1.0,0.9925925925925926,3.046094599994831,0.3814836000092327,True
fft,RandomForest,1,2,1,4,1198,291,1.0,1.0,1.0,1.0,1.0,1.0,3.3921933000092395,0.3266299999668263,True
fft,RandomForest,1,3,2,0,1178,311,1.0,1.0,1.0,1.0,1.0,1.0,3.215262499987148,0.3303921999759041,True
fft,RandomForest,1,3,2,1,1193,299,1.0,1.0,1.0,1.0,1.0,1.0,3.2314860000042245,0.4392762000206858,True
fft,RandomForest,1,3,2,2,1194,294,0.9965986394557824,0.996266785535187,1.0,0.9927007299270072,1.0,0.9923664122137404,3.5825148000149056,0.3485089999740012,True
fft,RandomForest,1,3,2,3,1193,299,1.0,1.0,1.0,1.0,1.0,1.0,3.616643199988175,0.618328099953942,True
fft,RandomForest,1,3,2,4,1198,291,0.993127147766323,0.992422502870264,1.0,0.9850746268656716,1.0,0.9846153846153848,3.4198114000028,0.4128999000531621,True
fft,RandomForest,2,0,2,0,1178,264,0.9924242424242424,0.99305421570519,1.0,0.9859154929577464,1.0,0.9863013698630136,3.869891300040763,0.3119043999467976,True
fft,RandomForest,2,0,2,1,1194,249,0.9437751004016064,0.9477725799945348,1.0,0.8870967741935484,0.9850746268656716,0.918918918918919,2.941093000001274,0.3913321999716572,True
fft,RandomForest,2,0,2,2,1192,249,0.9598393574297188,0.9627976190476192,1.0,0.9206349206349206,1.0,0.9305555555555556,2.7562280999845825,0.3065428000409156,True
fft,RandomForest,2,0,2,3,1194,249,0.923694779116466,0.9294258373205742,1.0,0.8571428571428571,0.9774436090225564,0.8831168831168831,3.383206699974835,0.2382566999876871,True
fft,RandomForest,2,0,2,4,1198,244,0.9672131147540984,0.9695852534562212,1.0,0.935483870967742,1.0,0.9428571428571428,2.8544987999484874,0.2938892000238411,True
fft,RandomForest,2,1,1,0,1178,311,0.9967845659163987,0.9965276103207136,1.0,1.0,0.993006993006993,0.993103448275862,3.0544536999659613,0.313615099992603,True
fft,RandomForest,2,1,1,1,1194,296,0.9966216216216216,0.9963217396008006,1.0,0.9924812030075189,1.0,0.9928057553956836,3.213488200039137,0.3262626000214368,True
fft,RandomForest,2,1,1,2,1192,295,0.9830508474576272,0.9813339276759347,1.0,0.9618320610687024,1.0,0.9635036496350364,3.0359030999825336,0.3115633000270463,True
fft,RandomForest,2,1,1,3,1194,296,0.9864864864864864,0.98525387453159,1.0,0.9774436090225564,0.9848484848484848,0.9787234042553192,3.16879239998525,0.3764526000013575,True
fft,RandomForest,2,1,1,4,1198,291,0.979381443298969,0.977245513935841,1.0,0.9848484848484848,0.9606299212598424,0.9635036496350364,3.49729050003225,0.366201099997852,True
fft,RandomForest,2,2,0,0,1178,311,1.0,1.0,1.0,1.0,1.0,1.0,3.335583599982783,0.4447044999687932,True
fft,RandomForest,2,2,0,1,1194,295,1.0,1.0,1.0,1.0,1.0,1.0,3.254659799975343,0.3236095000174828,True
fft,RandomForest,2,2,0,2,1192,297,1.0,1.0,1.0,1.0,1.0,1.0,3.2513677999959327,0.3395182000240311,True
fft,RandomForest,2,2,0,3,1194,295,1.0,1.0,1.0,1.0,1.0,1.0,3.072525000025053,0.2869854999589734,True
fft,RandomForest,2,2,0,4,1198,291,1.0,1.0,1.0,1.0,1.0,1.0,3.178785099997185,0.5342276000301354,True
fft,RandomForest,2,3,1,0,1178,311,1.0,1.0,1.0,1.0,1.0,1.0,3.285149300005287,0.3596555000403896,True
fft,RandomForest,2,3,1,1,1194,299,1.0,1.0,1.0,1.0,1.0,1.0,3.1307290000258945,0.3464305999805219,True
fft,RandomForest,2,3,1,2,1192,294,1.0,1.0,1.0,1.0,1.0,1.0,3.1865620000171475,0.3028089999570511,True
fft,RandomForest,2,3,1,3,1194,299,1.0,1.0,1.0,1.0,1.0,1.0,3.0854507999611087,0.2539273999864235,True
fft,RandomForest,2,3,1,4,1198,291,1.0,1.0,1.0,1.0,1.0,1.0,3.0625248000142165,0.326166299986653,True
fft,RandomForest,3,0,3,0,1183,264,0.8409090909090909,0.8470251716247139,1.0,0.631578947368421,0.9565217391304348,0.8,3.1832917000283487,0.3165947999805212,True
fft,RandomForest,3,0,3,1,1195,249,0.891566265060241,0.8970542908353853,1.0,0.7636363636363637,0.9850746268656716,0.8395061728395061,3.0377355000237003,0.3114259999711066,True
fft,RandomForest,3,0,3,2,1200,249,0.8835341365461847,0.8877644630468436,1.0,0.7289719626168224,1.0,0.8220858895705522,2.6946110000135377,0.2931777000194415,True
fft,RandomForest,3,0,3,3,1195,249,0.8714859437751004,0.8787674589561383,1.0,0.7358490566037735,0.9696969696969696,0.8095238095238095,2.8409372000023723,0.2918786000227555,True
fft,RandomForest,3,0,3,4,1203,244,0.9221311475409836,0.9265076481275274,1.0,0.831858407079646,1.0,0.8741721854304636,2.943541900021956,0.2064610000234097,True
fft,RandomForest,3,1,2,0,1183,311,0.990353697749196,0.9896285806748584,1.0,0.993006993006993,0.9859154929577464,0.979591836734694,2.5186559000285342,0.2664788999827578,True
fft,RandomForest,3,1,2,1,1195,296,0.9932432432432432,0.9926406926406928,1.0,0.9848484848484848,1.0,0.9857142857142858,2.7711499000433832,0.2254106000182218,True
fft,RandomForest,3,1,2,2,1200,295,0.9932203389830508,0.9925373134328356,1.0,0.9850746268656716,1.0,0.9850746268656716,3.070769799989648,0.421308199991472,True
fft,RandomForest,3,1,2,3,1195,296,0.9932432432432432,0.9926406926406928,1.0,1.0,0.9848484848484848,0.9857142857142858,2.9523077000048943,0.2865405000047758,True
fft,RandomForest,3,1,2,4,1203,291,0.9587628865979382,0.9553241469816272,1.0,0.944,0.9606299212598424,0.9166666666666666,2.2327717999578454,0.101678000006359,True
fft,RandomForest,3,2,1,0,1183,311,1.0,1.0,1.0,1.0,1.0,1.0,0.7110657999874093,0.0789282000041566,True
fft,RandomForest,3,2,1,1,1195,295,0.9932203389830508,0.992535650623886,1.0,0.9848484848484848,1.0,0.9852941176470588,0.6629325000103563,0.078154299990274,True
fft,RandomForest,3,2,1,2,1200,297,1.0,1.0,1.0,1.0,1.0,1.0,0.7132875999668613,0.0914993000333197,True
fft,RandomForest,3,2,1,3,1195,295,1.0,1.0,1.0,1.0,1.0,1.0,0.7149910000152886,0.0760529999970458,True
fft,RandomForest,3,2,1,4,1203,291,1.0,1.0,1.0,1.0,1.0,1.0,0.6274452999932691,0.0760276000364683,True
fft,RandomForest,3,3,0,0,1183,311,1.0,1.0,1.0,1.0,1.0,1.0,0.6331345000071451,0.076736000017263,True
fft,RandomForest,3,3,0,1,1195,299,1.0,1.0,1.0,1.0,1.0,1.0,0.6455405000015162,0.0763564999797381,True
fft,RandomForest,3,3,0,2,1200,294,1.0,1.0,1.0,1.0,1.0,1.0,0.617797699989751,0.0770752999815158,True
fft,RandomForest,3,3,0,3,1195,299,1.0,1.0,1.0,1.0,1.0,1.0,0.6202153000049293,0.0759815999772399,True
fft,RandomForest,3,3,0,4,1203,291,1.0,1.0,1.0,1.0,1.0,1.0,0.6784856999875046,0.0647893999703228,True
fft,MLP,0,0,0,0,991,264,1.0,1.0,1.0,1.0,1.0,1.0,0.3207131999661214,0.0022090999991633,True
fft,MLP,0,0,0,1,1006,249,1.0,1.0,1.0,1.0,1.0,1.0,0.3200036999769509,0.0020248999935574,True
fft,MLP,0,0,0,2,1006,249,1.0,1.0,1.0,1.0,1.0,1.0,0.3386508999974467,0.0025739000411704,True
fft,MLP,0,0,0,3,1006,249,1.0,1.0,1.0,1.0,1.0,1.0,0.334033100050874,0.002169799990952,True
fft,MLP,0,0,0,4,1011,244,1.0,1.0,1.0,1.0,1.0,1.0,0.3232415999518707,0.001927200006321,True
fft,MLP,0,1,1,0,991,311,0.9678456591639872,0.964913263298114,1.0,0.9253731343283582,0.9411764705882352,0.993103448275862,0.3081054000067524,0.0024455999955534,True
fft,MLP,0,1,1,1,1006,296,0.9527027027027029,0.9467139595564252,1.0,0.8833333333333333,0.9178082191780822,0.9857142857142858,2.0357037999783643,0.0185579999815672,True
fft,MLP,0,1,1,2,1006,295,0.9457627118644067,0.9392990305741984,1.0,0.8666666666666667,0.912751677852349,0.9777777777777776,5.603442599996924,0.0128311999724246,True
fft,MLP,0,1,1,3,1006,296,0.9695945945945946,0.9662657342657344,1.0,0.928,0.9370629370629372,1.0,5.307003900001291,0.0121688999934121,True
fft,MLP,0,1,1,4,1011,291,0.9553264604810996,0.9499760430487983,1.0,0.8907563025210085,0.9166666666666666,0.9924812030075189,5.2766371999750845,0.0081381000345572,True
fft,MLP,0,2,2,0,991,311,0.8488745980707395,0.8087205559426067,1.0,0.5154639175257731,0.8622754491017964,0.8571428571428571,4.559665699955076,0.0366934000048786,True
fft,MLP,0,2,2,1,1006,295,0.8983050847457628,0.8779201772622826,1.0,0.7115384615384616,0.8947368421052632,0.9054054054054054,4.857405700022355,0.0077658999944105,True
fft,MLP,0,2,2,2,1006,297,0.8619528619528619,0.8262036916111619,1.0,0.5684210526315789,0.8589743589743589,0.8774193548387097,5.101578800007701,0.0111876000300981,True
fft,MLP,0,2,2,3,1006,295,0.888135593220339,0.8640230217441971,1.0,0.6732673267326733,0.8774193548387097,0.9054054054054054,4.67435679998016,0.018095200008247,True
fft,MLP,0,2,2,4,1011,291,0.9003436426116839,0.880549063040236,1.0,0.7184466019417476,0.8741721854304636,0.9295774647887324,4.831222700013313,0.0084337000153027,True
fft,MLP,0,3,3,0,991,311,0.9581993569131833,0.9544902027519812,1.0,0.900763358778626,0.9171974522292994,1.0,5.0907958000316285,0.0109432999743148,True
fft,MLP,0,3,3,1,1006,299,0.959866220735786,0.9556581756790308,1.0,0.9047619047619048,0.9251700680272108,0.9927007299270072,4.221599599986803,0.0100581000442616,True
fft,MLP,0,3,3,2,1006,294,0.9421768707482994,0.936140018921476,1.0,0.8571428571428571,0.8874172185430463,1.0,3.729578600032255,0.0028743000002577,True
fft,MLP,0,3,3,3,1006,299,0.9732441471571908,0.970578828546344,1.0,0.9402985074626866,0.9714285714285714,0.9705882352941176,0.3513108000042848,0.0024430999765172,True
fft,MLP,0,3,3,4,1011,291,0.9759450171821306,0.973410071942446,1.0,0.944,0.9496402877697842,1.0,0.332393399963621,0.0024144999915733,True
fft,MLP,1,0,1,0,1178,264,1.0,1.0,1.0,1.0,1.0,1.0,0.3822898000362329,0.002327799971681,True
fft,MLP,1,0,1,1,1193,249,1.0,1.0,1.0,1.0,1.0,1.0,0.3613064999808557,0.0019815000123344,True
fft,MLP,1,0,1,2,1194,249,1.0,1.0,1.0,1.0,1.0,1.0,0.3883199000265449,0.0023424999671988,True
fft,MLP,1,0,1,3,1193,249,0.9839357429718876,0.9851827817434566,1.0,0.9701492537313432,0.9850746268656716,0.9855072463768116,0.3356273000244982,0.0021053000236861,True
fft,MLP,1,0,1,4,1198,244,0.9918032786885246,0.992422502870264,1.0,0.9850746268656716,0.9846153846153848,1.0,0.3652062999899499,0.0022547999978996,True
fft,MLP,1,1,0,0,1178,311,1.0,1.0,1.0,1.0,1.0,1.0,0.3669453999609686,0.002906100009568,True
fft,MLP,1,1,0,1,1193,296,1.0,1.0,1.0,1.0,1.0,1.0,0.3250364999985322,0.002680399978999,True
fft,MLP,1,1,0,2,1194,295,1.0,1.0,1.0,1.0,1.0,1.0,0.3446758999489248,0.0022602000390179,True
fft,MLP,1,1,0,3,1193,296,1.0,1.0,1.0,1.0,1.0,1.0,0.3518484000233002,0.0023370999842882,True
fft,MLP,1,1,0,4,1198,291,1.0,1.0,1.0,1.0,1.0,1.0,0.3483291000011377,0.0024620000040158,True
fft,MLP,1,2,1,0,1178,311,1.0,1.0,1.0,1.0,1.0,1.0,0.3529854999505915,0.0022539000492542,True
fft,MLP,1,2,1,1,1193,295,1.0,1.0,1.0,1.0,1.0,1.0,0.317430900002364,0.0020715999999083,True
fft,MLP,1,2,1,2,1194,297,1.0,1.0,1.0,1.0,1.0,1.0,0.3658421000000089,0.0024072999949567,True
fft,MLP,1,2,1,3,1193,295,0.9932203389830508,0.992535650623886,1.0,0.9848484848484848,1.0,0.9852941176470588,0.3522686000214889,0.0024062000447884,True
fft,MLP,1,2,1,4,1198,291,1.0,1.0,1.0,1.0,1.0,1.0,0.3363160999724641,0.0023862000089138,True
fft,MLP,1,3,2,0,1178,311,0.9839228295819936,0.982617932499638,1.0,0.9640287769784172,0.9664429530201344,1.0,0.332641799992416,0.0021529999794438,True
fft,MLP,1,3,2,1,1193,299,0.9933110367892976,0.9926454683106208,1.0,0.9850746268656716,0.9855072463768116,1.0,0.3543617000104859,0.0026327999657951,True
fft,MLP,1,3,2,2,1194,294,0.9761904761904762,0.9740227610094012,1.0,0.9457364341085271,0.950354609929078,1.0,0.3559846999705769,0.0021996000432409,True
fft,MLP,1,3,2,3,1193,299,0.9832775919732442,0.9815165969732392,1.0,0.9618320610687024,0.9714285714285714,0.9928057553956836,0.3230122000095434,0.0021456999820657,True
fft,MLP,1,3,2,4,1198,291,0.986254295532646,0.9848345588235294,1.0,0.96875,0.9705882352941176,1.0,0.3273332000244409,0.0020649000070989,True
fft,MLP,2,0,2,0,1178,264,0.9431818181818182,0.947743765668294,1.0,0.8923076923076924,0.993006993006993,0.9056603773584906,0.3171965000219643,0.0025920000043697,True
fft,MLP,2,0,2,1,1194,249,0.8875502008032129,0.897291004706713,1.0,0.8141592920353983,0.9457364341085271,0.8292682926829268,0.3670027999905869,0.0020905999699607,True
fft,MLP,2,0,2,2,1192,249,0.963855421686747,0.9667385772762472,1.0,0.9333333333333332,0.9770992366412212,0.9565217391304348,0.3467758999904617,0.0022594999754801,True
fft,MLP,2,0,2,3,1194,249,0.9357429718875502,0.9412450900057228,1.0,0.9147286821705426,0.9375,0.912751677852349,0.3510084000299684,0.0026926999562419,True
fft,MLP,2,0,2,4,1198,244,0.9836065573770492,0.9848345588235294,1.0,0.96875,1.0,0.9705882352941176,0.3692195999901742,0.0024161000037565,True
fft,MLP,2,1,1,0,1178,311,0.9935691318327974,0.9930305973773677,1.0,0.993103448275862,0.9859154929577464,0.993103448275862,0.3513889000169001,0.0021191000123508,True
fft,MLP,2,1,1,1,1194,296,0.9932432432432432,0.992535650623886,1.0,0.9852941176470588,0.9848484848484848,1.0,0.3690744999912567,0.0028951000422239,True
fft,MLP,2,1,1,2,1192,295,1.0,1.0,1.0,1.0,1.0,1.0,0.3391302000381984,0.0024613999994471,True
fft,MLP,2,1,1,3,1194,296,0.9932432432432432,0.9926406926406928,1.0,1.0,0.9848484848484848,0.9857142857142858,0.3518752999952994,0.0022790000075474,True
fft,MLP,2,1,1,4,1198,291,0.9828178694158076,0.9809248398903696,1.0,0.9924812030075189,0.9606299212598424,0.9705882352941176,0.3584538999712094,0.00222580000991,True
fft,MLP,2,2,0,0,1178,311,1.0,1.0,1.0,1.0,1.0,1.0,0.3331094000022858,0.002321700041648,True
fft,MLP,2,2,0,1,1194,295,1.0,1.0,1.0,1.0,1.0,1.0,0.3761971999774687,0.0027629000251181,True
fft,MLP,2,2,0,2,1192,297,1.0,1.0,1.0,1.0,1.0,1.0,0.3450071000261232,0.0022281999699771,True
fft,MLP,2,2,0,3,1194,295,1.0,1.0,1.0,1.0,1.0,1.0,0.3616838000016287,0.002601699961815,True
fft,MLP,2,2,0,4,1198,291,1.0,1.0,1.0,1.0,1.0,1.0,0.338934600003995,0.0023220999864861,True
fft,MLP,2,3,1,0,1178,311,1.0,1.0,1.0,1.0,1.0,1.0,0.3359228000044822,0.0024423000286333,True
fft,MLP,2,3,1,1,1194,299,1.0,1.0,1.0,1.0,1.0,1.0,0.3520304000121541,0.0023567000171169,True
fft,MLP,2,3,1,2,1192,294,0.9965986394557824,0.996266785535187,1.0,0.9927007299270072,1.0,0.9923664122137404,0.3285709000192582,0.002261699992232,True
fft,MLP,2,3,1,3,1194,299,1.0,1.0,1.0,1.0,1.0,1.0,0.3550567000056617,0.0023952000192366,True
fft,MLP,2,3,1,4,1198,291,1.0,1.0,1.0,1.0,1.0,1.0,0.349116800003685,0.0023029000149108,True
fft,MLP,3,0,3,0,1183,264,1.0,1.0,1.0,1.0,1.0,1.0,0.3569990000105463,0.0020183000015094,True
fft,MLP,3,0,3,1,1195,249,0.9839357429718876,0.9852813852813852,1.0,1.0,0.9696969696969696,0.9714285714285714,0.3570010000257753,0.0025352999800816,True
fft,MLP,3,0,3,2,1200,249,0.9959839357429718,0.9962954832336316,1.0,0.9927007299270072,1.0,0.9924812030075189,0.3547401999821886,0.0020045000128448,True
fft,MLP,3,0,3,3,1195,249,0.963855421686747,0.9667336597222054,1.0,0.9701492537313432,0.9457364341085271,0.951048951048951,0.3392045000218786,0.0021874999511055,True
fft,MLP,3,0,3,4,1203,244,1.0,1.0,1.0,1.0,1.0,1.0,0.3667127000517212,0.0020258000004105,True
fft,MLP,3,1,2,0,1183,311,0.9935691318327974,0.99305421570519,1.0,1.0,0.9859154929577464,0.9863013698630136,0.356664799968712,0.0023520000395365,True
fft,MLP,3,1,2,1,1195,296,0.9898648648648648,0.9889097744360902,1.0,0.9774436090225564,0.9924812030075189,0.9857142857142858,0.322306300047785,0.0024115999694913,True
fft,MLP,3,1,2,2,1200,295,0.9932203389830508,0.9925373134328356,1.0,0.9850746268656716,1.0,0.9850746268656716,0.3533897000015713,0.0021798000088892,True
fft,MLP,3,1,2,3,1195,296,0.983108108108108,0.9817456716311678,1.0,0.9770992366412212,0.9848484848484848,0.965034965034965,0.3320057000382803,0.0027204999933019,True
fft,MLP,3,1,2,4,1203,291,0.9828178694158076,0.9809248398903696,1.0,0.9924812030075189,0.9606299212598424,0.9705882352941176,0.3972272999817505,0.002498599991668,True
fft,MLP,3,2,1,0,1183,311,1.0,1.0,1.0,1.0,1.0,1.0,0.4130120999761857,0.002053500036709,True
fft,MLP,3,2,1,1,1195,295,0.9898305084745764,0.9888003566055608,1.0,0.9770992366412212,1.0,0.978102189781022,0.3475824999623,0.002526200027205,True
fft,MLP,3,2,1,2,1200,297,1.0,1.0,1.0,1.0,1.0,1.0,0.367221700027585,0.0023715999559499,True
fft,MLP,3,2,1,3,1195,295,0.9864406779661016,0.985061315496098,1.0,0.9692307692307692,1.0,0.9710144927536232,0.3572462999727577,0.0025223999982699,True
fft,MLP,3,2,1,4,1203,291,1.0,1.0,1.0,1.0,1.0,1.0,0.358409600041341,0.0024151999969035,True
fft,MLP,3,3,0,0,1183,311,1.0,1.0,1.0,1.0,1.0,1.0,0.3671959000057541,0.0026099999668076,True
fft,MLP,3,3,0,1,1195,299,1.0,1.0,1.0,1.0,1.0,1.0,0.3329386999830603,0.0024039999698288,True
fft,MLP,3,3,0,2,1200,294,1.0,1.0,1.0,1.0,1.0,1.0,0.3656812999979593,0.0026034999755211,True
fft,MLP,3,3,0,3,1195,299,1.0,1.0,1.0,1.0,1.0,1.0,0.3335546000162139,0.0023157999967224,True
fft,MLP,3,3,0,4,1203,291,1.0,1.0,1.0,1.0,1.0,1.0,0.3882221999811008,0.0030196000006981,True
wavelet,SVM-RBF,0,0,0,0,991,264,0.9015151515151516,0.9102685901946984,1.0,0.8435374149659864,0.8689655172413793,0.9285714285714286,0.0114979000063613,0.0106560999993234,True
wavelet,SVM-RBF,0,0,0,1,1006,249,0.9156626506024096,0.922467320261438,1.0,0.8592592592592593,0.8676470588235294,0.9629629629629628,0.010490300017409,0.0102900999481789,True
wavelet,SVM-RBF,0,0,0,2,1006,249,0.9036144578313252,0.9110620471014492,1.0,0.8985507246376812,0.855072463768116,0.890625,0.0114866000367328,0.0103460999671369,True
wavelet,SVM-RBF,0,0,0,3,1006,249,0.923694779116466,0.929524886877828,1.0,0.9,0.8769230769230769,0.9411764705882352,0.010311099991668,0.0098372000502422,True
wavelet,SVM-RBF,0,0,0,4,1011,244,0.9139344262295082,0.920508244935726,1.0,0.8854961832061069,0.8571428571428571,0.9393939393939394,0.0109587999759241,0.0096474000019952,True
wavelet,SVM-RBF,0,1,1,0,991,311,0.8842443729903537,0.873992115267283,1.0,0.7832167832167832,0.8,0.912751677852349,0.0103047000011429,0.0122958999709226,True
wavelet,SVM-RBF,0,1,1,1,1006,296,0.8986486486486487,0.888388083899078,1.0,0.832,0.8201438848920863,0.9014084507042254,0.0098724000272341,0.0114597000065259,True
wavelet,SVM-RBF,0,1,1,2,1006,295,0.8745762711864407,0.8629612924389044,1.0,0.8153846153846154,0.7857142857142857,0.8507462686567164,0.0113821999984793,0.0117344000027515,True
wavelet,SVM-RBF,0,1,1,3,1006,296,0.8783783783783784,0.8666951194411149,1.0,0.8120300751879699,0.7851851851851852,0.8695652173913043,0.0095474999980069,0.0126217000070028,True
wavelet,SVM-RBF,0,1,1,4,1011,291,0.8694158075601375,0.856683555102876,1.0,0.8059701492537313,0.7703703703703704,0.8503937007874016,0.0115673000109381,0.0116606000228784,True
wavelet,SVM-RBF,0,2,2,0,991,311,0.9163987138263664,0.9096445252504124,1.0,0.8732394366197183,0.8859060402684564,0.8794326241134752,0.0103792999871075,0.0118784999940544,True
wavelet,SVM-RBF,0,2,2,1,1006,295,0.9355932203389832,0.9288062409049904,1.0,0.8870967741935484,0.9295774647887324,0.8985507246376812,0.0098361000418663,0.0113734999904409,True
wavelet,SVM-RBF,0,2,2,2,1006,297,0.9090909090909092,0.9006792228654561,0.9946524064171124,0.859375,0.8936170212765957,0.855072463768116,0.0111931000137701,0.0125572999822907,True
wavelet,SVM-RBF,0,2,2,3,1006,295,0.928813559322034,0.9220271915584416,1.0,0.8571428571428571,0.9090909090909092,0.921875,0.0098863000166602,0.0114447000087238,True
wavelet,SVM-RBF,0,2,2,4,1011,291,0.9621993127147768,0.957893167582908,1.0,0.9133858267716536,0.9629629629629628,0.9552238805970148,0.0109364999807439,0.0112033999757841,True
wavelet,SVM-RBF,0,3,3,0,991,311,0.8553054662379421,0.8437016687016687,1.0,0.676923076923077,0.7407407407407407,0.9571428571428572,0.0102409000392071,0.0120555000030435,True
wavelet,SVM-RBF,0,3,3,1,1006,299,0.8394648829431438,0.826450718331414,0.989247311827957,0.6564885496183206,0.7346938775510204,0.9253731343283582,0.0110371999908238,0.0119903999730013,True
wavelet,SVM-RBF,0,3,3,2,1006,294,0.8605442176870748,0.8466069451196456,1.0,0.6776859504132231,0.7712418300653595,0.9375,0.0105604999698698,0.0120642000110819,True
wavelet,SVM-RBF,0,3,3,3,1006,299,0.8662207357859532,0.8552505054246946,1.0,0.732824427480916,0.7651006711409396,0.9230769230769232,0.0095017999992705,0.0120336000109091,True
wavelet,SVM-RBF,0,3,3,4,1011,291,0.8797250859106529,0.8666744543359044,0.9945945945945946,0.7478260869565218,0.7919463087248322,0.9323308270676692,0.0104682000237517,0.0112743999925442,True
wavelet,SVM-RBF,1,0,1,0,1178,264,0.8636363636363636,0.8707371568897926,1.0,0.7479674796747967,0.8129032258064516,0.922077922077922,0.0112894999911077,0.0106096999952569,True
wavelet,SVM-RBF,1,0,1,1,1193,249,0.8634538152610441,0.8682356031551066,0.9583333333333334,0.7804878048780488,0.7769784172661871,0.9571428571428572,0.0108376999851316,0.0101921000168658,True
wavelet,SVM-RBF,1,0,1,2,1194,249,0.9116465863453816,0.9171836084734528,0.9894736842105264,0.8571428571428571,0.8591549295774648,0.9629629629629628,0.0112461999524384,0.0105967000126838,True
wavelet,SVM-RBF,1,0,1,3,1193,249,0.8955823293172691,0.8997795052010054,0.968421052631579,0.859504132231405,0.8201438848920863,0.951048951048951,0.0122877999674528,0.0100545000168494,True
wavelet,SVM-RBF,1,0,1,4,1198,244,0.8770491803278688,0.8851283544801257,1.0,0.8688524590163934,0.78125,0.8904109589041096,0.0109601999865844,0.0099727999768219,True
wavelet,SVM-RBF,1,1,0,0,1178,311,0.9356913183279744,0.9297218903760098,1.0,0.8549618320610687,0.8846153846153846,0.9793103448275862,0.0107859999989159,0.0122722999658435,True
wavelet,SVM-RBF,1,1,0,1,1193,296,0.9121621621621622,0.9026048709211874,0.9946524064171124,0.8245614035087719,0.8266666666666667,0.9645390070921984,0.0108532999875023,0.0122478999546729,True
wavelet,SVM-RBF,1,1,0,2,1194,295,0.9322033898305084,0.927227182038083,0.984126984126984,0.8709677419354839,0.8689655172413793,0.9848484848484848,0.0112594999955035,0.0116893000085838,True
wavelet,SVM-RBF,1,1,0,3,1193,296,0.9087837837837838,0.8980427068187978,1.0,0.773109243697479,0.864516129032258,0.9545454545454546,0.0103246999788098,0.0118461999809369,True
wavelet,SVM-RBF,1,1,0,4,1198,291,0.9243986254295532,0.9173556966800804,1.0,0.8571428571428571,0.8591549295774648,0.953125,0.0107515000272542,0.0120571999577805,True
wavelet,SVM-RBF,1,2,1,0,1178,311,0.9292604501607716,0.9232338642666752,1.0,0.855072463768116,0.9113924050632912,0.9264705882352942,0.0111359999864362,0.012515100010205,True
wavelet,SVM-RBF,1,2,1,1,1193,295,0.9423728813559322,0.9369959268055572,1.0,0.8769230769230769,0.8936170212765957,0.9774436090225564,0.012157000019215,0.0119904999737627,True
wavelet,SVM-RBF,1,2,1,2,1194,297,0.9494949494949496,0.9455889798365706,0.9894736842105264,0.9076923076923076,0.9154929577464788,0.9696969696969696,0.0111709000193513,0.0117496000020764,True
wavelet,SVM-RBF,1,2,1,3,1193,295,0.9254237288135592,0.9174643223572148,1.0,0.8264462809917356,0.881578947368421,0.9618320610687024,0.0100108999758958,0.015216700034216,True
wavelet,SVM-RBF,1,2,1,4,1198,291,0.9759450171821306,0.9734638670897372,1.0,0.9457364341085271,0.9635036496350364,0.9846153846153848,0.0108018000028096,0.0124432999873533,True
wavelet,SVM-RBF,1,3,2,0,1178,311,0.8295819935691319,0.8194601677293385,1.0,0.7052023121387283,0.671875,0.900763358778626,0.0109867999562993,0.01217220001854,True
wavelet,SVM-RBF,1,3,2,1,1193,299,0.8595317725752508,0.8445852534562213,1.0,0.7354838709677419,0.6722689075630253,0.9705882352941176,0.0109799000201746,0.0125190999824553,True
wavelet,SVM-RBF,1,3,2,2,1194,294,0.826530612244898,0.809653533299568,0.9893617021276596,0.7407407407407407,0.6324786324786325,0.8760330578512396,0.0108852999983355,0.0115794999874196,True
wavelet,SVM-RBF,1,3,2,3,1193,299,0.842809364548495,0.8280876575210707,1.0,0.7380952380952381,0.6608695652173913,0.9133858267716536,0.0101984000066295,0.0142543999827466,True
wavelet,SVM-RBF,1,3,2,4,1198,291,0.8350515463917526,0.8177243075564813,0.9789473684210528,0.7469879518072289,0.6542056074766355,0.8907563025210085,0.0107321999967098,0.0123212999897077,True
wavelet,SVM-RBF,2,0,2,0,1178,264,0.8446969696969697,0.8524518593988792,1.0,0.704,0.8211920529801324,0.8846153846153846,0.0109703000052832,0.0094639000017195,True
wavelet,SVM-RBF,2,0,2,1,1194,249,0.8755020080321285,0.8817057138372184,0.989247311827957,0.7741935483870968,0.8467153284671532,0.9166666666666666,0.0094987999764271,0.0090846000239253,True
wavelet,SVM-RBF,2,0,2,2,1192,249,0.8995983935742972,0.9062157197206728,0.9894736842105264,0.8760330578512396,0.8450704225352113,0.9142857142857144,0.0112754000001586,0.008821600000374,True
wavelet,SVM-RBF,2,0,2,3,1194,249,0.9076305220883534,0.9114116986402292,0.9787234042553192,0.859504132231405,0.8759124087591241,0.9315068493150684,0.0112402999657206,0.0087318000150844,True
wavelet,SVM-RBF,2,0,2,4,1198,244,0.8483606557377049,0.8589083921298687,1.0,0.8034188034188035,0.8,0.8322147651006712,0.0116861999849788,0.0092810000060126,True
wavelet,SVM-RBF,2,1,1,0,1178,311,0.9163987138263664,0.9084244264507424,1.0,0.8461538461538461,0.8533333333333334,0.9342105263157896,0.0105111000011675,0.0111104000243358,True
wavelet,SVM-RBF,2,1,1,1,1194,296,0.918918918918919,0.9093555246285012,1.0,0.8403361344537815,0.8591549295774648,0.9379310344827586,0.0094885000144131,0.0101658999919891,True
wavelet,SVM-RBF,2,1,1,2,1192,295,0.8983050847457628,0.8881543009152397,0.984126984126984,0.819672131147541,0.8345323741007195,0.9142857142857144,0.0110209999838843,0.0105066000251099,True
wavelet,SVM-RBF,2,1,1,3,1194,296,0.8986486486486487,0.8873364732517877,0.9946524064171124,0.8103448275862069,0.8137931034482758,0.9305555555555556,0.0099627000163309,0.0100250000250525,True
wavelet,SVM-RBF,2,1,1,4,1198,291,0.9243986254295532,0.9166709656096222,1.0,0.8925619834710744,0.8676470588235294,0.9064748201438848,0.0111834999988786,0.0107671000296249,True
wavelet,SVM-RBF,2,2,0,0,1178,311,0.9485530546623794,0.9438324833061676,1.0,0.8872180451127819,0.9230769230769232,0.965034965034965,0.0105354000115767,0.0116841000271961,True
wavelet,SVM-RBF,2,2,0,1,1194,295,0.9423728813559322,0.936626838235294,1.0,0.890625,0.9,0.9558823529411764,0.0125896999961696,0.0126810999936424,True
wavelet,SVM-RBF,2,2,0,2,1192,297,0.9461279461279462,0.94172495441338,0.9894736842105264,0.912,0.8873239436619719,0.978102189781022,0.0106453000335022,0.0103497999953106,True
wavelet,SVM-RBF,2,2,0,3,1194,295,0.9355932203389832,0.9281631558598672,1.0,0.847457627118644,0.8874172185430463,0.9777777777777776,0.0100122999865561,0.0107325999997556,True
wavelet,SVM-RBF,2,2,0,4,1198,291,0.979381443298969,0.9771404300356508,1.0,0.953125,0.9705882352941176,0.9848484848484848,0.0120860000024549,0.0113546000211499,True
wavelet,SVM-RBF,2,3,1,0,1178,311,0.8810289389067524,0.8702438352390136,1.0,0.788235294117647,0.7213114754098361,0.9714285714285714,0.0107991000404581,0.0109377999906428,True
wavelet,SVM-RBF,2,3,1,1,1194,299,0.8729096989966555,0.8589969407620284,1.0,0.7701863354037267,0.6956521739130435,0.9701492537313432,0.0094064999721013,0.0103712000418454,True
wavelet,SVM-RBF,2,3,1,2,1192,294,0.8537414965986394,0.8357936389851284,0.9893617021276596,0.7564102564102564,0.6428571428571429,0.9545454545454546,0.0108697999967262,0.0106073999777436,True
wavelet,SVM-RBF,2,3,1,3,1194,299,0.8896321070234113,0.8747474747474747,1.0,0.8121212121212121,0.7090909090909091,0.9777777777777776,0.0103688999661244,0.0103354000020772,True
wavelet,SVM-RBF,2,3,1,4,1198,291,0.8831615120274914,0.8662531290274612,0.96875,0.8181818181818182,0.6857142857142857,0.9923664122137404,0.010836100031156,0.0107319999951869,True
wavelet,SVM-RBF,3,0,3,0,1183,264,0.6515151515151515,0.647030520007054,1.0,0.7175572519083969,0.2650602409638554,0.6055045871559633,0.0097678999882191,0.0097688999958336,True
wavelet,SVM-RBF,3,0,3,1,1195,249,0.7269076305220884,0.7403698832099908,1.0,0.734375,0.5531914893617021,0.6739130434782609,0.0099088999559171,0.0093237000401131,True
wavelet,SVM-RBF,3,0,3,2,1200,249,0.6987951807228916,0.7074945807468715,1.0,0.7833333333333333,0.4235294117647059,0.6231155778894473,0.0097017000080086,0.0087727000354789,True
wavelet,SVM-RBF,3,0,3,3,1195,249,0.7469879518072289,0.7508783899027802,1.0,0.8617886178861789,0.4545454545454545,0.6871794871794872,0.0096595999784767,0.0103059000102803,True
wavelet,SVM-RBF,3,0,3,4,1203,244,0.6598360655737705,0.6528041278362203,1.0,0.7368421052631579,0.2597402597402597,0.6146341463414634,0.0097687999950721,0.0090312000247649,True
wavelet,SVM-RBF,3,1,2,0,1183,311,0.7588424437299035,0.7248633586968171,1.0,0.7906976744186046,0.4516129032258064,0.6571428571428571,0.0106952000060118,0.0111451999982818,True
wavelet,SVM-RBF,3,1,2,1,1195,296,0.7635135135135135,0.7317401273369688,1.0,0.7758620689655172,0.4943820224719101,0.6567164179104478,0.0092436000122688,0.0102201999980025,True
wavelet,SVM-RBF,3,1,2,2,1200,295,0.7322033898305085,0.6798576082842216,0.9946524064171124,0.8034188034188035,0.3,0.6213592233009708,0.0095449999789707,0.0102226000162772,True
wavelet,SVM-RBF,3,1,2,3,1195,296,0.7466216216216216,0.7099413868079719,1.0,0.7567567567567568,0.4418604651162791,0.6411483253588517,0.0097194999689236,0.0107141000335104,True
wavelet,SVM-RBF,3,1,2,4,1203,291,0.7800687285223368,0.741027445460943,1.0,0.8620689655172413,0.4285714285714285,0.673469387755102,0.0149232000112533,0.0114083000225946,True
wavelet,SVM-RBF,3,2,1,0,1183,311,0.8488745980707395,0.8384428380878619,1.0,0.8346456692913385,0.7540983606557377,0.7650273224043715,0.0100670999963767,0.0114647999871522,True
wavelet,SVM-RBF,3,2,1,1,1195,295,0.8440677966101695,0.8300100320068791,1.0,0.859504132231405,0.7090909090909091,0.7514450867052023,0.010065900045447,0.0109852999448776,True
wavelet,SVM-RBF,3,2,1,2,1200,297,0.8653198653198653,0.8546460746460747,1.0,0.8666666666666667,0.7747747747747747,0.7771428571428571,0.0095449999789707,0.0109567000181414,True
wavelet,SVM-RBF,3,2,1,3,1195,295,0.823728813559322,0.8068871861682161,1.0,0.8173913043478261,0.6727272727272727,0.7374301675977654,0.0102147999568842,0.0109503000276163,True
wavelet,SVM-RBF,3,2,1,4,1203,291,0.8865979381443299,0.8770287794902489,1.0,0.9105691056910568,0.8,0.7975460122699386,0.0130265000043436,0.0112097999663092,True
wavelet,SVM-RBF,3,3,0,0,1183,311,0.945337620578778,0.940831759885037,1.0,0.89171974522293,0.8854961832061069,0.9861111111111112,0.01004780002404,0.0121660999720916,True
wavelet,SVM-RBF,3,3,0,1,1195,299,0.9264214046822744,0.9214257602862254,1.0,0.8589743589743589,0.912,0.9147286821705426,0.0097840999951586,0.0109705000068061,True
wavelet,SVM-RBF,3,3,0,2,1200,294,0.9421768707482994,0.936532650754315,1.0,0.9090909090909092,0.9105691056910568,0.9264705882352942,0.0098369999905116,0.0101601000060327,True
wavelet,SVM-RBF,3,3,0,3,1195,299,0.94314381270903,0.9372393806927743,1.0,0.8874172185430463,0.8760330578512396,0.9855072463768116,0.0098740000394172,0.0120895000291056,True
wavelet,SVM-RBF,3,3,0,4,1203,291,0.9587628865979382,0.9546691507399888,1.0,0.9130434782608696,0.935483870967742,0.9701492537313432,0.0094041000120341,0.0111680999980308,True
wavelet,RandomForest,0,0,0,0,991,264,0.9696969696969696,0.972376483014781,1.0,0.945945945945946,0.9645390070921984,0.9790209790209792,0.5280833999859169,0.0633078999817371,True
wavelet,RandomForest,0,0,0,1,1006,249,0.9799196787148594,0.9815595933376596,1.0,0.9710144927536232,0.9701492537313432,0.9850746268656716,0.509643400029745,0.0750022000283934,True
wavelet,RandomForest,0,0,0,2,1006,249,0.9598393574297188,0.9627614342942812,1.0,0.9635036496350364,0.9393939393939394,0.9481481481481482,0.5093148999731056,0.0650022000190801,True
wavelet,RandomForest,0,0,0,3,1006,249,0.9759036144578314,0.9777444383827364,1.0,0.9925925925925926,0.953846153846154,0.9645390070921984,0.4985868000076152,0.0648311999975703,True
wavelet,RandomForest,0,0,0,4,1011,244,0.9795081967213116,0.9811162521688838,1.0,0.9846153846153848,0.962406015037594,0.9774436090225564,0.5045738000189885,0.0636816999758593,True
wavelet,RandomForest,0,1,1,0,991,311,0.919614147909968,0.9114363992172212,1.0,0.8571428571428571,0.816,0.9726027397260274,0.5122060000430793,0.0652696999604813,True
wavelet,RandomForest,0,1,1,1,1006,296,0.9527027027027029,0.9476155140485,1.0,0.9178082191780822,0.9016393442622952,0.9710144927536232,0.5114002000191249,0.0766912999679334,True
wavelet,RandomForest,0,1,1,2,1006,295,0.928813559322034,0.9202952445345954,1.0,0.8758169934640523,0.8275862068965517,0.9777777777777776,0.5189328000415117,0.0650338999694213,True
wavelet,RandomForest,0,1,1,3,1006,296,0.945945945945946,0.9396964213172868,1.0,0.8993288590604027,0.8739495798319328,0.9855072463768116,0.5109795000171289,0.0749626999604515,True
wavelet,RandomForest,0,1,1,4,1011,291,0.9312714776632304,0.9239975432131262,1.0,0.8827586206896552,0.8666666666666667,0.9465648854961832,0.5152012000326067,0.0747929999488405,True
wavelet,RandomForest,0,2,2,0,991,311,0.9292604501607716,0.9229068477534734,1.0,0.8571428571428571,0.8834355828220859,0.951048951048951,0.5089874000404961,0.0756164999911561,True
wavelet,RandomForest,0,2,2,1,1006,295,0.928813559322034,0.9191388384316846,1.0,0.8275862068965517,0.8993288590604027,0.9496402877697842,0.5082323999959044,0.0754168999847024,True
wavelet,RandomForest,0,2,2,2,1006,297,0.9326599326599326,0.9245584921373634,1.0,0.85,0.8993288590604027,0.948905109489051,0.5160432999837212,0.0752895000041462,True
wavelet,RandomForest,0,2,2,3,1006,295,0.9220338983050848,0.9123513872769966,1.0,0.8035714285714286,0.8607594936708861,0.9850746268656716,0.5182730000233278,0.0627936000237241,True
wavelet,RandomForest,0,2,2,4,1011,291,0.9415807560137456,0.93408195207242,1.0,0.8620689655172413,0.9041095890410958,0.9701492537313432,0.5093466999824159,0.0750436000525951,True
wavelet,RandomForest,0,3,3,0,991,311,0.8971061093247589,0.8892537059169566,0.983957219251337,0.8130081300813008,0.8484848484848485,0.91156462585034,0.5004212000058033,0.0795644000172615,True
wavelet,RandomForest,0,3,3,1,1006,299,0.9130434782608696,0.9026633879070752,0.9946524064171124,0.8173913043478261,0.8831168831168831,0.9154929577464788,0.5016484999796376,0.0763012999668717,True
wavelet,RandomForest,0,3,3,2,1006,294,0.91156462585034,0.9038989655457448,0.9891304347826086,0.8376068376068376,0.847682119205298,0.9411764705882352,0.5006943000480533,0.075166700000409,True
wavelet,RandomForest,0,3,3,3,1006,299,0.9331103678929766,0.9264767714887888,0.989247311827957,0.8617886178861789,0.9178082191780822,0.9370629370629372,0.5066152000217699,0.0749029000289738,True
wavelet,RandomForest,0,3,3,4,1011,291,0.9312714776632304,0.9237864711101832,0.9891304347826086,0.8521739130434782,0.8979591836734694,0.9558823529411764,0.5106136000249535,0.0641111999866552,True
wavelet,RandomForest,1,0,1,0,1178,264,0.7992424242424242,0.813327050132328,1.0,0.7154471544715447,0.7619047619047619,0.7759562841530054,0.5112656999845058,0.064873700030148,True
wavelet,RandomForest,1,0,1,1,1193,249,0.7630522088353414,0.7815430520034101,1.0,0.6956521739130435,0.7246376811594203,0.7058823529411765,0.5126464000204578,0.0659841000451706,True
wavelet,RandomForest,1,0,1,2,1194,249,0.8393574297188755,0.8537348320270773,1.0,0.8103448275862069,0.8235294117647058,0.7810650887573964,0.507686399971135,0.0648686000495217,True
wavelet,RandomForest,1,0,1,3,1193,249,0.8232931726907631,0.8352178501432233,1.0,0.7272727272727273,0.835820895522388,0.7777777777777778,0.5001339999726042,0.0734178000129759,True
wavelet,RandomForest,1,0,1,4,1198,244,0.7868852459016393,0.8015194681861348,1.0,0.7350427350427351,0.717948717948718,0.7530864197530864,0.5197881999774836,0.0638023000210523,True
wavelet,RandomForest,1,1,0,0,1178,311,0.9839228295819936,0.9826380516035688,1.0,0.9655172413793104,0.965034965034965,1.0,0.4957150000263937,0.0643965000053867,True
wavelet,RandomForest,1,1,0,1,1193,296,0.9864864864864864,0.9850701257176078,1.0,0.9777777777777776,0.9696969696969696,0.9928057553956836,0.5234817999880761,0.0758368999813683,True
wavelet,RandomForest,1,1,0,2,1194,295,0.9830508474576272,0.981475427699684,1.0,0.9710144927536232,0.962406015037594,0.9924812030075189,0.5218787999474443,0.0768703000503592,True
wavelet,RandomForest,1,1,0,3,1193,296,0.983108108108108,0.981360374306634,1.0,0.9618320610687024,0.978102189781022,0.9855072463768116,0.5482305999612436,0.0644628000445663,True
wavelet,RandomForest,1,1,0,4,1198,291,0.972508591065292,0.969877368454074,1.0,0.9496402877697842,0.953125,0.9767441860465116,0.5097997999982908,0.0746785999508574,True
wavelet,RandomForest,1,2,1,0,1178,311,0.945337620578778,0.9414307164307164,1.0,0.9054054054054054,0.8888888888888888,0.9714285714285714,0.5175370999495499,0.0761453000013716,True
wavelet,RandomForest,1,2,1,1,1193,295,0.9423728813559322,0.9367314814814814,1.0,0.896,0.9027777777777778,0.9481481481481482,0.526570999994874,0.0655405999859795,True
wavelet,RandomForest,1,2,1,2,1194,297,0.9663299663299664,0.9632784075289856,1.0,0.9384615384615383,0.9295774647887324,0.9850746268656716,0.4943107000435702,0.0758629999472759,True
wavelet,RandomForest,1,2,1,3,1193,295,0.9457627118644067,0.9404618985480228,1.0,0.8760330578512396,0.8933333333333333,0.9924812030075189,0.4990099999704398,0.0745287000318057,True
wavelet,RandomForest,1,2,1,4,1198,291,0.9759450171821306,0.9736473259729074,1.0,0.9696969696969696,0.9481481481481482,0.9767441860465116,0.5537540000514127,0.0757722999551333,True
wavelet,RandomForest,1,3,2,0,1178,311,0.8488745980707395,0.8368915257404467,1.0,0.8057553956834532,0.7792207792207793,0.762589928057554,0.5045044000144117,0.0745839000446721,True
wavelet,RandomForest,1,3,2,1,1193,299,0.8160535117056856,0.7994400281170649,1.0,0.7286821705426356,0.7152317880794702,0.7538461538461538,0.5024562000180595,0.07575600000564,True
wavelet,RandomForest,1,3,2,2,1194,294,0.8537414965986394,0.839352225359688,1.0,0.8166666666666667,0.8243243243243243,0.7164179104477612,0.5279582000221126,0.0654909000149928,True
wavelet,RandomForest,1,3,2,3,1193,299,0.8394648829431438,0.8234418225748807,1.0,0.7704918032786885,0.8079470198675497,0.7153284671532847,0.508580899972003,0.0654918000218458,True
wavelet,RandomForest,1,3,2,4,1198,291,0.8625429553264605,0.8473422039270253,1.0,0.859375,0.8027210884353742,0.7272727272727273,0.5035681999870576,0.0653344999882392,True
wavelet,RandomForest,2,0,2,0,1178,264,0.8636363636363636,0.8724343517585895,1.0,0.7555555555555555,0.8507462686567164,0.8834355828220859,0.5059242999996059,0.0642406999832019,True
wavelet,RandomForest,2,0,2,1,1194,249,0.8353413654618473,0.8459073606132429,1.0,0.7552447552447552,0.7394957983193278,0.8888888888888888,0.5226861000410281,0.0763169999700039,True
wavelet,RandomForest,2,0,2,2,1192,249,0.8634538152610441,0.8684965240772863,0.9894736842105264,0.8243243243243243,0.7636363636363637,0.896551724137931,0.5100686000077985,0.0759226999944076,True
wavelet,RandomForest,2,0,2,3,1194,249,0.8514056224899599,0.8601539166966156,1.0,0.7737226277372263,0.7894736842105263,0.8774193548387097,0.5015930000226945,0.0636937000090256,True
wavelet,RandomForest,2,0,2,4,1198,244,0.8114754098360656,0.8154696182680192,1.0,0.7714285714285715,0.6407766990291263,0.8496732026143791,0.5127394999726675,0.0650618000072427,True
wavelet,RandomForest,2,1,1,0,1178,311,0.9228295819935692,0.916190116620522,1.0,0.8533333333333334,0.8321167883211679,0.9793103448275862,0.5367203999776393,0.0779596000211313,True
wavelet,RandomForest,2,1,1,1,1194,296,0.9425675675675677,0.936434709569038,1.0,0.8955223880597015,0.8787878787878788,0.9714285714285714,0.5367578999721445,0.0760717000230215,True
wavelet,RandomForest,2,1,1,2,1192,295,0.928813559322034,0.9217132908224692,1.0,0.8671328671328671,0.8346456692913385,0.9850746268656716,0.5073251000139862,0.0762713000294752,True
wavelet,RandomForest,2,1,1,3,1194,296,0.945945945945946,0.9401785714285714,1.0,0.875,0.8857142857142857,1.0,0.5002759000053629,0.0659349000197835,True
wavelet,RandomForest,2,1,1,4,1198,291,0.9415807560137456,0.9355244205954016,1.0,0.8905109489051095,0.8818897637795275,0.9696969696969696,0.5193129000253975,0.0787550999666564,True
wavelet,RandomForest,2,2,0,0,1178,311,0.9678456591639872,0.9654858397259612,1.0,0.9387755102040816,0.9444444444444444,0.9787234042553192,0.5175713999778964,0.0651047999854199,True
wavelet,RandomForest,2,2,0,1,1194,295,0.976271186440678,0.9740107891567744,1.0,0.9545454545454546,0.948905109489051,0.9925925925925926,0.5119709999999031,0.0659983000368811,True
wavelet,RandomForest,2,2,0,2,1192,297,0.9865319865319864,0.9852110090262394,1.0,0.9701492537313432,0.978102189781022,0.9925925925925926,0.5241717000026256,0.0654348999960348,True
wavelet,RandomForest,2,2,0,3,1194,295,0.9728813559322034,0.9702965423895656,1.0,0.9457364341085271,0.9428571428571428,0.9925925925925926,0.5345556000247598,0.0746611000504344,True
wavelet,RandomForest,2,2,0,4,1198,291,0.9896907216494846,0.9886357114159444,1.0,0.9770992366412212,0.9774436090225564,1.0,0.5118929999880493,0.0647522000363096,True
wavelet,RandomForest,2,3,1,0,1178,311,0.9228295819935692,0.9173409440600824,1.0,0.8831168831168831,0.8450704225352113,0.9411764705882352,0.505131000012625,0.0642807999975048,True
wavelet,RandomForest,2,3,1,1,1194,299,0.8996655518394648,0.8912363067292645,1.0,0.8732394366197183,0.8028169014084507,0.8888888888888888,0.516179500031285,0.0775309999589808,True
wavelet,RandomForest,2,3,1,2,1192,294,0.8571428571428571,0.8418393468243918,1.0,0.8648648648648649,0.7058823529411765,0.7966101694915254,0.5201232999679632,0.0638645000290125,True
wavelet,RandomForest,2,3,1,3,1194,299,0.8795986622073578,0.8690599044887444,1.0,0.8590604026845637,0.7391304347826086,0.8780487804878049,0.5351838000351563,0.0646252000005915,True
wavelet,RandomForest,2,3,1,4,1198,291,0.845360824742268,0.8301364586191612,1.0,0.8082191780821918,0.6818181818181818,0.8305084745762712,0.4998280999716371,0.0636602000449784,True
wavelet,RandomForest,3,0,3,0,1183,264,0.8787878787878788,0.8837917637917638,1.0,0.7521367521367521,0.8363636363636363,0.9466666666666668,0.5162349999882281,0.0674992999993264,True
wavelet,RandomForest,3,0,3,1,1195,249,0.8554216867469879,0.863165997903101,0.989247311827957,0.7863247863247863,0.8029197080291971,0.8741721854304636,0.5428806999698281,0.076842900016345,True
wavelet,RandomForest,3,0,3,2,1200,249,0.8594377510040161,0.866203455066237,0.9894736842105264,0.7857142857142857,0.7916666666666666,0.8979591836734694,0.5299117999966256,0.0641780999721959,True
wavelet,RandomForest,3,0,3,3,1195,249,0.8514056224899599,0.8603097432756937,1.0,0.7706422018348624,0.7516778523489933,0.918918918918919,0.5138268999871798,0.0632146000280045,True
wavelet,RandomForest,3,0,3,4,1203,244,0.8565573770491803,0.8643245023679806,1.0,0.7818181818181819,0.7971014492753623,0.8783783783783784,0.5081931000459008,0.0629342999891378,True
wavelet,RandomForest,3,1,2,0,1183,311,0.9131832797427653,0.9036093223873612,1.0,0.8095238095238095,0.864516129032258,0.9403973509933776,0.5160640000249259,0.077081499970518,True
wavelet,RandomForest,3,1,2,1,1195,296,0.9155405405405406,0.9039871252174042,1.0,0.8141592920353983,0.863013698630137,0.9387755102040816,0.5200116999913007,0.0656667000148445,True
wavelet,RandomForest,3,1,2,2,1200,295,0.911864406779661,0.9014395224261558,1.0,0.7964601769911505,0.8387096774193549,0.9705882352941176,0.5256548000033945,0.0761081000091508,True
wavelet,RandomForest,3,1,2,3,1195,296,0.9155405405405406,0.904376919411204,1.0,0.8035714285714286,0.8421052631578947,0.971830985915493,0.5168145999778062,0.0781981999753043,True
wavelet,RandomForest,3,1,2,4,1203,291,0.9209621993127148,0.9120405884053462,1.0,0.8547008547008547,0.8591549295774648,0.9343065693430656,0.5607956000021659,0.0765317000332288,True
wavelet,RandomForest,3,2,1,0,1183,311,0.9389067524115756,0.9328272604588396,1.0,0.8769230769230769,0.9210526315789472,0.9333333333333332,0.5217765999841504,0.0765939999837428,True
wavelet,RandomForest,3,2,1,1,1195,295,0.9152542372881356,0.9065079365079364,1.0,0.8571428571428571,0.8888888888888888,0.88,0.5336964000016451,0.0655765000265091,True
wavelet,RandomForest,3,2,1,2,1200,297,0.9326599326599326,0.9245536806065052,1.0,0.8666666666666667,0.8936170212765957,0.9379310344827586,0.6088153999880888,0.0652626000228338,True
wavelet,RandomForest,3,2,1,3,1195,295,0.9220338983050848,0.9122982199615915,1.0,0.8347826086956521,0.8707482993197279,0.943661971830986,0.5395671000005677,0.0766627000411972,True
wavelet,RandomForest,3,2,1,4,1203,291,0.9518900343642612,0.9455526582645226,1.0,0.8813559322033898,0.9230769230769232,0.9777777777777776,0.5282828000490554,0.0766135000158101,True
wavelet,RandomForest,3,3,0,0,1183,311,1.0,1.0,1.0,1.0,1.0,1.0,0.535344299976714,0.0680259999935515,True
wavelet,RandomForest,3,3,0,1,1195,299,1.0,1.0,1.0,1.0,1.0,1.0,0.513457200024277,0.063607599993702,True
wavelet,RandomForest,3,3,0,2,1200,294,0.9829931972789115,0.9811705111817632,1.0,0.9927007299270072,0.9618320610687024,0.9701492537313432,0.5180308000417426,0.065087599970866,True
wavelet,RandomForest,3,3,0,3,1195,299,1.0,1.0,1.0,1.0,1.0,1.0,0.5329061000375077,0.0658441999694332,True
wavelet,RandomForest,3,3,0,4,1203,291,1.0,1.0,1.0,1.0,1.0,1.0,0.5095662999665365,0.0788228000164963,True
wavelet,MLP,0,0,0,0,991,264,0.9772727272727272,0.9791418830211932,1.0,0.965034965034965,0.9722222222222222,0.9793103448275862,3.333602700033225,0.0011314000003039,True
wavelet,MLP,0,0,0,1,1006,249,0.9397590361445785,0.9448100407055632,1.0,0.9,0.9090909090909092,0.9701492537313432,1.8071391999837945,0.0008989999769255,True
wavelet,MLP,0,0,0,2,1006,249,0.963855421686747,0.96632016478648,1.0,0.9784172661870504,0.9465648854961832,0.9402985074626866,3.1015512999729253,0.0010896000312641,True
wavelet,MLP,0,0,0,3,1006,249,0.963855421686747,0.9665115978548816,1.0,0.9552238805970148,0.9393939393939394,0.9714285714285714,2.507873800001107,0.0012582999770529,True
wavelet,MLP,0,0,0,4,1011,244,0.9672131147540984,0.969693490589013,1.0,0.9692307692307692,0.9393939393939394,0.9701492537313432,2.255092400009744,0.0009947000071406,True
wavelet,MLP,0,1,1,0,991,311,0.887459807073955,0.8755714672681238,1.0,0.7976190476190477,0.7457627118644068,0.958904109589041,3.2805818999768235,0.0012067999923601,True
wavelet,MLP,0,1,1,1,1006,296,0.9087837837837838,0.8990436099110077,1.0,0.7966101694915254,0.8366013071895425,0.9629629629629628,1.7796104000299238,0.0009693999891169,True
wavelet,MLP,0,1,1,2,1006,295,0.91864406779661,0.9107830126078302,1.0,0.8484848484848485,0.8613138686131386,0.9333333333333332,3.048055400024168,0.0011433999752625,True
wavelet,MLP,0,1,1,3,1006,296,0.9121621621621622,0.9027473136147116,1.0,0.7966101694915254,0.8366013071895425,0.9777777777777776,2.472722799982876,0.0010681000421755,True
wavelet,MLP,0,1,1,4,1011,291,0.9037800687285223,0.8951108420904348,0.9891304347826086,0.8188976377952756,0.8321167883211679,0.9402985074626866,2.196204599982593,0.0019481999916024,True
wavelet,MLP,0,2,2,0,991,311,0.9067524115755627,0.8981922398589066,1.0,0.8,0.8641975308641975,0.9285714285714286,3.3433336999733,0.001184299995657,True
wavelet,MLP,0,2,2,1,1006,295,0.9220338983050848,0.917091479719252,0.978021978021978,0.8852459016393442,0.8933333333333333,0.9117647058823528,1.8693643000442532,0.0011342999641783,True
wavelet,MLP,0,2,2,2,1006,297,0.8821548821548821,0.8731261725651628,0.9782608695652174,0.8064516129032258,0.8441558441558441,0.8636363636363636,3.1965461000218056,0.0015873999800533,True
wavelet,MLP,0,2,2,3,1006,295,0.9152542372881356,0.9055806230189974,1.0,0.8070175438596491,0.8607594936708861,0.9545454545454546,2.625271300028544,0.0010829999810084,True
wavelet,MLP,0,2,2,4,1011,291,0.9518900343642612,0.947377318710806,0.9891304347826086,0.9016393442622952,0.9428571428571428,0.9558823529411764,2.288035199977457,0.001188300026115,True
wavelet,MLP,0,3,3,0,991,311,0.8263665594855305,0.8132057219200459,0.9789473684210528,0.6446280991735537,0.7241379310344828,0.9051094890510948,3.2693778999964707,0.0012059999862685,True
wavelet,MLP,0,3,3,1,1006,299,0.7892976588628763,0.7890352944598383,0.8941176470588236,0.723404255319149,0.6363636363636364,0.9022556390977444,1.80678079999052,0.0012576999724842,True
wavelet,MLP,0,3,3,2,1006,294,0.7278911564625851,0.7409080978646699,0.8152866242038217,0.672,0.5837837837837838,0.8925619834710744,3.1599002999719232,0.0011272000265307,True
wavelet,MLP,0,3,3,3,1006,299,0.8695652173913043,0.8597592065171769,0.9946524064171124,0.7633587786259542,0.7733333333333333,0.9076923076923076,2.5698435000376776,0.0010917999898083,True
wavelet,MLP,0,3,3,4,1011,291,0.865979381443299,0.8578898837714243,0.9723756906077348,0.7794117647058824,0.725925925925926,0.953846153846154,2.2471402999944985,0.0011758000473491,True
wavelet,MLP,1,0,1,0,1178,264,0.7954545454545454,0.8093410326086957,1.0,0.7,0.765625,0.7717391304347826,2.3370039999717847,0.0009745000279508,True
wavelet,MLP,1,0,1,1,1193,249,0.7389558232931727,0.7567819065043215,1.0,0.6717557251908397,0.628099173553719,0.7272727272727273,1.3166917000198737,0.0009288999717682,True
wavelet,MLP,1,0,1,2,1194,249,0.8433734939759037,0.8544044665012407,0.989247311827957,0.8333333333333334,0.7692307692307693,0.8258064516129032,3.444634000014048,0.0009490000084042,True
wavelet,MLP,1,0,1,3,1193,249,0.8393574297188755,0.8530852142006407,1.0,0.8130081300813008,0.8095238095238095,0.7898089171974523,2.964217300002929,0.0010430000256747,True
wavelet,MLP,1,0,1,4,1198,244,0.7950819672131147,0.8022889609588264,0.8780487804878049,0.7377049180327869,0.8032786885245902,0.7901234567901234,3.825999299995601,0.0011235999991185,True
wavelet,MLP,1,1,0,0,1178,311,0.9356913183279744,0.9302823972703947,1.0,0.8741721854304636,0.8676470588235294,0.9793103448275862,2.3901608000160195,0.0014184999745339,True
wavelet,MLP,1,1,0,1,1193,296,0.945945945945946,0.9399358561930944,1.0,0.8780487804878049,0.8888888888888888,0.9928057553956836,1.394500800000969,0.0009857999975793,True
wavelet,MLP,1,1,0,2,1194,295,0.9593220338983052,0.9556993629110946,1.0,0.916030534351145,0.9142857142857144,0.9924812030075189,3.7572646000189702,0.0017270000535063,True
wavelet,MLP,1,1,0,3,1193,296,0.9695945945945946,0.9663741400064276,1.0,0.9291338582677166,0.943661971830986,0.9927007299270072,2.975640700024087,0.0010562000097706,True
wavelet,MLP,1,1,0,4,1198,291,0.9656357388316152,0.9622502603610632,1.0,0.935251798561151,0.9291338582677166,0.9846153846153848,3.789546699961648,0.0011869000154547,True
wavelet,MLP,1,2,1,0,1178,311,0.9389067524115756,0.9344500335345406,1.0,0.8933333333333333,0.8873239436619719,0.9571428571428572,2.318006100016646,0.0010348999639973,True
wavelet,MLP,1,2,1,1,1193,295,0.9389830508474576,0.9335480594367602,0.9945945945945946,0.8920863309352518,0.8769230769230769,0.9705882352941176,1.3073386999894865,0.0009430000209249,True
wavelet,MLP,1,2,1,2,1194,297,0.9461279461279462,0.9446365927186104,0.9726775956284152,0.9242424242424242,0.896551724137931,0.9850746268656716,3.405835499987006,0.0010085999965667,True
wavelet,MLP,1,2,1,3,1193,295,0.9389830508474576,0.9338431253785584,0.9945945945945946,0.8661417322834646,0.9054054054054054,0.9692307692307692,3.1792925999616277,0.0018890000064857,True
wavelet,MLP,1,2,1,4,1198,291,0.9484536082474226,0.9457050041720796,0.9891304347826086,0.9365079365079364,0.896551724137931,0.9606299212598424,4.061744500009809,0.0014671999961137,True
wavelet,MLP,1,3,2,0,1178,311,0.7717041800643086,0.758354746414448,0.956043956043956,0.6349206349206349,0.7111111111111111,0.7313432835820896,2.464334800024517,0.000978700001724,True
wavelet,MLP,1,3,2,1,1193,299,0.68561872909699,0.6952851465683962,0.802547770700637,0.7019867549668874,0.4606060606060606,0.816,1.290936100005638,0.0009743000264279,True
wavelet,MLP,1,3,2,2,1194,294,0.6190476190476191,0.6318892421833598,0.7432432432432432,0.5757575757575758,0.481283422459893,0.7272727272727273,3.45559729996603,0.0010770000517368,True
wavelet,MLP,1,3,2,3,1193,299,0.6688963210702341,0.6815368035944259,0.676056338028169,0.782608695652174,0.4916201117318435,0.7758620689655172,3.169218799972441,0.0019114000024273,True
wavelet,MLP,1,3,2,4,1198,291,0.6323024054982818,0.6478460274151602,0.5909090909090909,0.7123287671232876,0.4751381215469613,0.8130081300813008,3.852505899965763,0.0012183000217191,True
wavelet,MLP,2,0,2,0,1178,264,0.678030303030303,0.689260421696443,1.0,0.5964912280701754,0.5,0.6605504587155964,1.9521769999992105,0.0009842999861575,True
wavelet,MLP,2,0,2,1,1194,249,0.7550200803212851,0.7694772752376987,1.0,0.6554621848739496,0.6782608695652174,0.7441860465116279,2.331427800003439,0.0008439000230282,True
wavelet,MLP,2,0,2,2,1192,249,0.7630522088353414,0.7773504273504274,1.0,0.7333333333333333,0.6538461538461539,0.7222222222222222,2.1461818999960087,0.000879300001543,True
wavelet,MLP,2,0,2,3,1194,249,0.7791164658634538,0.7906103896103895,1.0,0.704,0.6857142857142857,0.7727272727272727,1.9769637999706904,0.000891700037755,True
wavelet,MLP,2,0,2,4,1198,244,0.6844262295081968,0.697013139610628,0.9176470588235294,0.6507936507936508,0.5454545454545454,0.6741573033707865,1.6988356999936514,0.0008688999805599,True
wavelet,MLP,2,1,1,0,1178,311,0.8938906752411575,0.8832881836945303,1.0,0.7916666666666666,0.7941176470588235,0.9473684210526316,2.0292732999660075,0.0009224999812431,True
wavelet,MLP,2,1,1,1,1194,296,0.9256756756756755,0.9167638370646768,1.0,0.8805970149253731,0.828125,0.9583333333333334,2.4407070000306703,0.0010146999848075,True
wavelet,MLP,2,1,1,2,1192,295,0.8813559322033898,0.8682325293753865,1.0,0.8181818181818182,0.784,0.8707482993197279,2.3417605999857187,0.0009971000254154,True
wavelet,MLP,2,1,1,3,1194,296,0.9054054054054054,0.8941524135062775,1.0,0.8225806451612904,0.8088235294117647,0.9452054794520548,2.029820700001437,0.0011432000319473,True
wavelet,MLP,2,1,1,4,1198,291,0.9106529209621992,0.8995403544339194,1.0,0.8805970149253731,0.8032786885245902,0.9142857142857144,1.6704692000057548,0.0009552999981679,True
wavelet,MLP,2,2,0,0,1178,311,0.977491961414791,0.975690424893348,1.0,0.9577464788732394,0.958904109589041,0.9861111111111112,1.881110600021202,0.00089999998454,True
wavelet,MLP,2,2,0,1,1194,295,0.9661016949152542,0.9627896613190732,1.0,0.9393939393939394,0.9264705882352942,0.9852941176470588,2.3701785000157543,0.0013664999860338,True
wavelet,MLP,2,2,0,2,1192,297,0.9831649831649832,0.9815359477124184,1.0,0.9629629629629628,0.9705882352941176,0.9925925925925926,2.2548554000095464,0.0011335999588482,True
wavelet,MLP,2,2,0,3,1194,295,0.9694915254237289,0.9665983270460884,1.0,0.9384615384615383,0.9428571428571428,0.9850746268656716,2.009664500015788,0.0009826999739743,True
wavelet,MLP,2,2,0,4,1198,291,0.979381443298969,0.9772701378603168,1.0,0.9701492537313432,0.9618320610687024,0.9770992366412212,1.6463743000058455,0.0010117000201717,True
wavelet,MLP,2,3,1,0,1178,311,0.842443729903537,0.8225787937659446,1.0,0.7391304347826086,0.5871559633027523,0.9640287769784172,2.03151619998971,0.0027683000080287,True
wavelet,MLP,2,3,1,1,1194,299,0.8294314381270903,0.8104424572743207,1.0,0.7484662576687117,0.5714285714285714,0.921875,5.38295569998445,0.0027687999536283,True
wavelet,MLP,2,3,1,2,1192,294,0.8163265306122449,0.792430999240583,1.0,0.7455621301775148,0.5225225225225225,0.9016393442622952,9.929281099990476,0.0025488000246696,True
wavelet,MLP,2,3,1,3,1194,299,0.822742474916388,0.7985698436773542,0.9946524064171124,0.7528089887640449,0.5420560747663551,0.9047619047619048,8.341806899989024,0.0024697000044398,True
wavelet,MLP,2,3,1,4,1198,291,0.7697594501718213,0.7347426755432593,0.9945945945945946,0.7292817679558011,0.4150943396226415,0.8,7.018724699970335,0.0025891999830491,True
wavelet,MLP,3,0,3,0,1183,264,0.6893939393939394,0.7092070736310253,1.0,0.5454545454545454,0.6542056074766355,0.6371681415929203,9.9964349999791,0.0031955000013113,True
wavelet,MLP,3,0,3,1,1195,249,0.7269076305220884,0.7409573294139192,1.0,0.7304347826086957,0.5531914893617021,0.6802030456852792,7.46648569998797,0.0028583999956026,True
wavelet,MLP,3,0,3,2,1200,249,0.6987951807228916,0.7148782252230529,1.0,0.7454545454545455,0.4835164835164835,0.6305418719211823,11.150534600019457,0.0031869999947957,True
wavelet,MLP,3,0,3,3,1195,249,0.7188755020080321,0.7276714513556618,1.0,0.7894736842105263,0.4545454545454545,0.6666666666666666,8.74117260001367,0.0024170000106096,True
wavelet,MLP,3,0,3,4,1203,244,0.6557377049180327,0.6619801642587537,1.0,0.6732673267326733,0.3614457831325301,0.6132075471698113,10.686975200020242,0.0066099999821744,True
wavelet,MLP,3,1,2,0,1183,311,0.887459807073955,0.8775192442148678,1.0,0.8062015503875969,0.8591549295774648,0.84472049689441,12.039661700022409,0.0035167000023648,True
wavelet,MLP,3,1,2,1,1195,296,0.875,0.8637677326539093,1.0,0.8103448275862069,0.8396946564885496,0.8050314465408805,9.1345126000233,0.0033698999905027,True
wavelet,MLP,3,1,2,2,1200,295,0.8508474576271187,0.8394775301424918,1.0,0.8571428571428571,0.7478260869565218,0.7529411764705882,11.402761599980296,0.0024975999840535,True
wavelet,MLP,3,1,2,3,1195,296,0.8783783783783784,0.8688013507896584,1.0,0.8448275862068966,0.8489208633093526,0.7814569536423841,9.693710300023668,0.0025074000004678,True
wavelet,MLP,3,1,2,4,1203,291,0.845360824742268,0.8336191627733545,1.0,0.8717948717948718,0.7321428571428571,0.7305389221556886,6.38368209998589,0.0043062000186182,True
wavelet,MLP,3,2,1,0,1183,311,0.9292604501607716,0.9225095225925792,1.0,0.8682170542635659,0.9102564102564102,0.91156462585034,10.176206999982242,0.0042095999815501,True
wavelet,MLP,3,2,1,1,1195,295,0.9084745762711864,0.9002596734585517,1.0,0.8688524590163934,0.8769230769230769,0.8552631578947368,5.18348300002981,0.0012782999547198,True
wavelet,MLP,3,2,1,2,1200,297,0.9191919191919192,0.9105001309243258,1.0,0.8666666666666667,0.8805970149253731,0.8947368421052632,2.2618439000216317,0.0010753000387921,True
wavelet,MLP,3,2,1,3,1195,295,0.8915254237288136,0.8810703185703187,1.0,0.8376068376068376,0.8055555555555556,0.8811188811188811,2.041769299947191,0.0011042000260204,True
wavelet,MLP,3,2,1,4,1203,291,0.9381443298969072,0.9320980939815856,1.0,0.918032786885246,0.90625,0.9041095890410958,1.9468237000401127,0.0009741999674588,True
wavelet,MLP,3,3,0,0,1183,311,0.9935691318327974,0.99305421570519,1.0,0.9863013698630136,1.0,0.9859154929577464,2.097212499997113,0.0010267999605275,True
wavelet,MLP,3,3,0,1,1195,299,0.979933110367893,0.978184391554317,1.0,0.9577464788732394,0.9696969696969696,0.9852941176470588,1.5184162000077777,0.0009477999992668,True
wavelet,MLP,3,3,0,2,1200,294,0.9863945578231292,0.984987305074893,1.0,0.9927007299270072,0.9770992366412212,0.9701492537313432,2.155386099999305,0.0009460999863222,True
wavelet,MLP,3,3,0,3,1195,299,0.9933110367892976,0.9926738943752684,1.0,0.9927007299270072,0.9927007299270072,0.9852941176470588,1.9451431999914348,0.0009975000284612,True
wavelet,MLP,3,3,0,4,1203,291,0.9896907216494846,0.9886304909560724,1.0,0.9767441860465116,1.0,0.9777777777777776,2.0181604000390507,0.0010620999964885,True
espectrograma,SVM-RBF,0,0,0,0,991,264,0.9962121212121212,0.9965276103207136,1.0,0.993006993006993,1.0,0.993103448275862,0.1485367999994196,0.0742858999874442,True
espectrograma,SVM-RBF,0,0,0,1,1006,249,1.0,1.0,1.0,1.0,1.0,1.0,0.1407638000091537,0.0725462000118568,True
espectrograma,SVM-RBF,0,0,0,2,1006,249,0.9959839357429718,0.996268448900028,1.0,1.0,0.9924812030075189,0.9925925925925926,0.1773304999805987,0.0626821999903768,True
espectrograma,SVM-RBF,0,0,0,3,1006,249,1.0,1.0,1.0,1.0,1.0,1.0,0.1437769000185653,0.0731167999911122,True
espectrograma,SVM-RBF,0,0,0,4,1011,244,1.0,1.0,1.0,1.0,1.0,1.0,0.1344423999544233,0.0646128000225871,True
espectrograma,SVM-RBF,0,1,1,0,991,311,0.8713826366559485,0.8607954545454546,1.0,0.75,0.875,0.8181818181818182,0.1321524000377394,0.0788262999849394,True
espectrograma,SVM-RBF,0,1,1,1,1006,296,0.9155405405405406,0.906824108020954,1.0,0.8035714285714286,0.9770992366412212,0.8466257668711656,0.1333151000435464,0.0823554000235162,True
espectrograma,SVM-RBF,0,1,1,2,1006,295,0.911864406779661,0.9023367059970976,1.0,0.7964601769911505,0.9774436090225564,0.8354430379746836,0.1429951000027358,0.0849732999922707,True
espectrograma,SVM-RBF,0,1,1,3,1006,296,0.8986486486486487,0.8898313253012049,1.0,0.8,0.928,0.8313253012048193,0.1467293999739922,0.0821511999820359,True
espectrograma,SVM-RBF,0,1,1,4,1011,291,0.8831615120274914,0.8733156144176373,1.0,0.7889908256880734,0.9090909090909092,0.7951807228915663,0.1448199999867938,0.0828053000150248,True
espectrograma,SVM-RBF,0,2,2,0,991,311,0.9163987138263664,0.9105725600198004,1.0,0.8387096774193549,0.9565217391304348,0.8470588235294118,0.1399406000273302,0.0868031999561935,True
espectrograma,SVM-RBF,0,2,2,1,1006,295,0.9254237288135592,0.9171525973372008,1.0,0.8245614035087719,0.9850746268656716,0.8589743589743589,0.1450999000226147,0.0819706000038422,True
espectrograma,SVM-RBF,0,2,2,2,1006,297,0.9292929292929292,0.9215773620301576,1.0,0.8275862068965517,0.9924812030075189,0.8662420382165605,0.1479624999919906,0.0879261000081896,True
espectrograma,SVM-RBF,0,2,2,3,1006,295,0.9457627118644067,0.9404353233830848,1.0,0.8833333333333333,0.9850746268656716,0.8933333333333333,0.135132200026419,0.0877410999964922,True
espectrograma,SVM-RBF,0,2,2,4,1011,291,0.9175257731958762,0.9084272107527922,1.0,0.8108108108108109,0.9767441860465116,0.8461538461538461,0.1572185000404715,0.0797835999983362,True
espectrograma,SVM-RBF,0,3,3,0,991,311,0.9163987138263664,0.9051602124268474,1.0,0.7933884297520661,0.8860759493670886,0.9411764705882352,0.140744199976325,0.0972041999921202,True
espectrograma,SVM-RBF,0,3,3,1,1006,299,0.9297658862876256,0.9188371154130576,1.0,0.8173913043478261,0.912751677852349,0.9452054794520548,0.1538029000512324,0.0913928000372834,True
espectrograma,SVM-RBF,0,3,3,2,1006,294,0.9149659863945578,0.9047703830989388,1.0,0.7863247863247863,0.847682119205298,0.9850746268656716,0.1392320999875664,0.0945480000227689,True
espectrograma,SVM-RBF,0,3,3,3,1006,299,0.9230769230769232,0.9122133185962972,1.0,0.8,0.8701298701298701,0.9787234042553192,0.1505055999732576,0.0946486000320874,True
espectrograma,SVM-RBF,0,3,3,4,1011,291,0.9278350515463918,0.918326790427396,1.0,0.8141592920353983,0.8666666666666667,0.9924812030075189,0.1462499999906867,0.084965199988801,True
espectrograma,SVM-RBF,1,0,1,0,1178,264,1.0,1.0,1.0,1.0,1.0,1.0,0.1633440000005066,0.07218020001892,True
espectrograma,SVM-RBF,1,0,1,1,1193,249,1.0,1.0,1.0,1.0,1.0,1.0,0.1780422999872826,0.0858752999920398,True
espectrograma,SVM-RBF,1,0,1,2,1194,249,1.0,1.0,1.0,1.0,1.0,1.0,0.1671409000409767,0.0762622999609448,True
espectrograma,SVM-RBF,1,0,1,3,1193,249,0.9799196787148594,0.981560344076163,1.0,0.9852941176470588,0.9774436090225564,0.9635036496350364,0.1644117000396363,0.0770829999819397,True
espectrograma,SVM-RBF,1,0,1,4,1198,244,1.0,1.0,1.0,1.0,1.0,1.0,0.2058672999846749,0.0703470000298693,True
espectrograma,SVM-RBF,1,1,0,0,1178,311,1.0,1.0,1.0,1.0,1.0,1.0,0.1613808000111021,0.0914113000035286,True
espectrograma,SVM-RBF,1,1,0,1,1193,296,1.0,1.0,1.0,1.0,1.0,1.0,0.1689141999813728,0.0882009000051766,True
espectrograma,SVM-RBF,1,1,0,2,1194,295,0.9966101694915256,0.9962684489000276,1.0,1.0,0.9925925925925926,0.9924812030075189,0.1818531000171788,0.0882102000177837,True
espectrograma,SVM-RBF,1,1,0,3,1193,296,1.0,1.0,1.0,1.0,1.0,1.0,0.191832099983003,0.0869727000244893,True
espectrograma,SVM-RBF,1,1,0,4,1198,291,1.0,1.0,1.0,1.0,1.0,1.0,0.1813773000030778,0.0882009999477304,True
espectrograma,SVM-RBF,1,2,1,0,1178,311,0.990353697749196,0.9896285806748584,1.0,0.993006993006993,0.9859154929577464,0.979591836734694,0.1717843000078573,0.0887727999943308,True
espectrograma,SVM-RBF,1,2,1,1,1193,295,1.0,1.0,1.0,1.0,1.0,1.0,0.1674218999687582,0.0899849000270478,True
espectrograma,SVM-RBF,1,2,1,2,1194,297,1.0,1.0,1.0,1.0,1.0,1.0,0.1827694000094197,0.0981672999914735,True
espectrograma,SVM-RBF,1,2,1,3,1193,295,1.0,1.0,1.0,1.0,1.0,1.0,0.1907382000354118,0.08968759997515,True
espectrograma,SVM-RBF,1,2,1,4,1198,291,1.0,1.0,1.0,1.0,1.0,1.0,0.1691073999973014,0.0809654000331647,True
espectrograma,SVM-RBF,1,3,2,0,1178,311,0.9807073954983924,0.9790112596762844,1.0,0.9571428571428572,0.9793103448275862,0.979591836734694,0.1649954000022262,0.0857205999782309,True
espectrograma,SVM-RBF,1,3,2,1,1193,299,0.9866220735785952,0.9853652827312336,1.0,0.9774436090225564,0.9852941176470588,0.9787234042553192,0.1730809999862685,0.0938973000156693,True
espectrograma,SVM-RBF,1,3,2,2,1194,294,0.9829931972789115,0.9813702997127975,1.0,0.9629629629629628,0.9850746268656716,0.9774436090225564,0.1658158999634906,0.0899445000104606,True
espectrograma,SVM-RBF,1,3,2,3,1193,299,0.9866220735785952,0.9853944562899788,1.0,0.9701492537313432,1.0,0.9714285714285714,0.1697001999709755,0.0969855000148527,True
espectrograma,SVM-RBF,1,3,2,4,1198,291,0.9896907216494846,0.9885750039799256,1.0,0.9767441860465116,0.9924812030075189,0.9850746268656716,0.1715724999667145,0.08675509999739,True
espectrograma,SVM-RBF,2,0,2,0,1178,264,0.9545454545454546,0.9584528976770356,1.0,0.9166666666666666,0.9241379310344828,0.993006993006993,0.1654350000317208,0.082938700041268,True
espectrograma,SVM-RBF,2,0,2,1,1194,249,0.9759036144578314,0.977859477124183,1.0,0.9558823529411764,0.9629629629629628,0.9925925925925926,0.1688679999788291,0.0696119000203907,True
espectrograma,SVM-RBF,2,0,2,2,1192,249,0.9879518072289156,0.9887997689026564,1.0,0.9855072463768116,0.9770992366412212,0.9925925925925926,0.1659160000272095,0.0697291999822482,True
espectrograma,SVM-RBF,2,0,2,3,1194,249,0.963855421686747,0.9667909316845488,1.0,0.950354609929078,0.953846153846154,0.9629629629629628,0.1694929000223055,0.0692751999595202,True
espectrograma,SVM-RBF,2,0,2,4,1198,244,0.9877049180327868,0.9886357114159444,1.0,0.9774436090225564,0.9770992366412212,1.0,0.1680396000156179,0.072540300025139,True
espectrograma,SVM-RBF,2,1,1,0,1178,311,0.9839228295819936,0.9827196293639248,1.0,0.993006993006993,0.9714285714285714,0.9664429530201344,0.170994599990081,0.0838456000201404,True
espectrograma,SVM-RBF,2,1,1,1,1194,296,0.9898648648648648,0.9889556602241352,1.0,1.0,0.9770992366412212,0.9787234042553192,0.1469898999785073,0.0813250999781303,True
espectrograma,SVM-RBF,2,1,1,2,1192,295,0.9830508474576272,0.9815054713808162,1.0,0.9774436090225564,0.9850746268656716,0.9635036496350364,0.1635419999947771,0.0799706000252626,True
espectrograma,SVM-RBF,2,1,1,3,1194,296,0.9898648648648648,0.9890132730278306,1.0,0.9924812030075189,0.9848484848484848,0.9787234042553192,0.1782451000181026,0.0764358999440446,True
espectrograma,SVM-RBF,2,1,1,4,1198,291,0.972508591065292,0.9698058887677208,1.0,0.9923664122137404,0.944,0.9428571428571428,0.1585444000083953,0.0823838000069372,True
espectrograma,SVM-RBF,2,2,0,0,1178,311,0.9967845659163987,0.9965276103207136,1.0,0.993006993006993,1.0,0.993103448275862,0.2561566000222228,0.2342862999648787,True
espectrograma,SVM-RBF,2,2,0,1,1194,295,1.0,1.0,1.0,1.0,1.0,1.0,0.4225523000350222,0.2453903999994509,True
espectrograma,SVM-RBF,2,2,0,2,1192,297,1.0,1.0,1.0,1.0,1.0,1.0,0.4459194000228308,0.2628101999871433,True
espectrograma,SVM-RBF,2,2,0,3,1194,295,1.0,1.0,1.0,1.0,1.0,1.0,0.445836600032635,0.2123327999725006,True
espectrograma,SVM-RBF,2,2,0,4,1198,291,1.0,1.0,1.0,1.0,1.0,1.0,0.4174926000414416,0.2222498999908566,True
espectrograma,SVM-RBF,2,3,1,0,1178,311,0.9935691318327974,0.9930553880984916,1.0,0.9861111111111112,0.993103448275862,0.993006993006993,0.557245000032708,0.2301416000118479,True
espectrograma,SVM-RBF,2,3,1,1,1194,299,0.9966555183946488,0.996349586997069,1.0,1.0,0.9925925925925926,0.9928057553956836,0.4199480999959633,0.240683399955742,True
espectrograma,SVM-RBF,2,3,1,2,1192,294,0.9931972789115646,0.992530657748049,1.0,0.9855072463768116,1.0,0.9846153846153848,0.4264482000144198,0.2546352999634109,True
espectrograma,SVM-RBF,2,3,1,3,1194,299,0.9933110367892976,0.9927003410059676,1.0,1.0,0.9855072463768116,0.9852941176470588,0.5006112999981269,0.3351061000139452,True
espectrograma,SVM-RBF,2,3,1,4,1198,291,1.0,1.0,1.0,1.0,1.0,1.0,0.4602714999928139,0.234828699962236,True
espectrograma,SVM-RBF,3,0,3,0,1183,264,0.8674242424242424,0.8699999721315919,1.0,0.7017543859649122,0.9261744966442952,0.8520710059171598,0.404055499995593,0.1897408000077121,True
espectrograma,SVM-RBF,3,0,3,1,1195,249,0.8835341365461847,0.890885607772918,1.0,0.7818181818181819,0.9473684210526316,0.8343558282208589,0.3924904000014066,0.1718035000376403,True
espectrograma,SVM-RBF,3,0,3,2,1200,249,0.8875502008032129,0.8962152452239576,1.0,0.7964601769911505,0.9612403100775194,0.8271604938271605,0.4183125999988988,0.1894379999721422,True
espectrograma,SVM-RBF,3,0,3,3,1195,249,0.8835341365461847,0.8937099668846821,1.0,0.8070175438596491,0.9457364341085271,0.8220858895705522,0.4172257000464014,0.1788673000410199,True
espectrograma,SVM-RBF,3,0,3,4,1203,244,0.9016393442622952,0.905952380952381,1.0,0.7818181818181819,0.9848484848484848,0.8571428571428571,0.4955774999689311,0.1976376000093296,True
espectrograma,SVM-RBF,3,1,2,0,1183,311,0.8360128617363344,0.826923076923077,1.0,0.8,0.7692307692307693,0.7384615384615385,0.4284322000457905,0.2532789999968372,True
espectrograma,SVM-RBF,3,1,2,1,1195,296,0.8513513513513513,0.8413461538461539,1.0,0.8035714285714286,0.8035714285714286,0.7582417582417582,0.476095299993176,0.2092968000215478,True
espectrograma,SVM-RBF,3,1,2,2,1200,295,0.8203389830508474,0.8052253257843703,1.0,0.782608695652174,0.7169811320754716,0.7213114754098361,0.4346879000077024,0.2389371999888681,True
espectrograma,SVM-RBF,3,1,2,3,1195,296,0.847972972972973,0.8376156455049898,1.0,0.8035714285714286,0.7927927927927928,0.7540983606557377,0.4535018000169657,0.2300887999590486,True
espectrograma,SVM-RBF,3,1,2,4,1203,291,0.8487972508591065,0.8375,1.0,0.8,0.8,0.75,0.4889437000383623,0.2927051000297069,True
espectrograma,SVM-RBF,3,2,1,0,1183,311,0.9421221864951768,0.9370094035448366,1.0,0.8661417322834646,0.993006993006993,0.8888888888888888,0.5640149000100791,0.2586411999654956,True
espectrograma,SVM-RBF,3,2,1,1,1195,295,0.9389830508474576,0.9316016333938296,1.0,0.8448275862068966,1.0,0.881578947368421,0.4134327999781817,0.2043292999733239,True
espectrograma,SVM-RBF,3,2,1,2,1200,297,0.9393939393939394,0.9326436275588816,1.0,0.847457627118644,1.0,0.8831168831168831,0.4204450999968685,0.2284433000022545,True
espectrograma,SVM-RBF,3,2,1,3,1195,295,0.9389830508474576,0.9316016333938296,1.0,0.8448275862068966,1.0,0.881578947368421,0.4245202000020072,0.2390436999849043,True
espectrograma,SVM-RBF,3,2,1,4,1203,291,0.9312714776632304,0.9243347879303924,1.0,0.8521739130434782,0.9767441860465116,0.868421052631579,0.4372668999712914,0.2179224000428803,True
espectrograma,SVM-RBF,3,3,0,0,1183,311,1.0,1.0,1.0,1.0,1.0,1.0,0.4587143000098876,0.2603314000298269,True
espectrograma,SVM-RBF,3,3,0,1,1195,299,1.0,1.0,1.0,1.0,1.0,1.0,0.3932654000236653,0.2137786000384949,True
espectrograma,SVM-RBF,3,3,0,2,1200,294,1.0,1.0,1.0,1.0,1.0,1.0,0.4299063999787904,0.2196959999855607,True
espectrograma,SVM-RBF,3,3,0,3,1195,299,1.0,1.0,1.0,1.0,1.0,1.0,0.4180877999751828,0.2063056000042706,True
espectrograma,SVM-RBF,3,3,0,4,1203,291,1.0,1.0,1.0,1.0,1.0,1.0,0.4392281000036746,0.2119320000056177,True
espectrograma,RandomForest,0,0,0,0,991,264,0.9772727272727272,0.9791505791505792,1.0,1.0,0.9571428571428572,0.9594594594594594,2.7110465000150725,0.1664502999628894,True
espectrograma,RandomForest,0,0,0,1,1006,249,0.9839357429718876,0.9852099791126592,1.0,0.9852941176470588,0.9774436090225564,0.978102189781022,2.876517300028354,0.1601289000245742,True
espectrograma,RandomForest,0,0,0,2,1006,249,0.9919678714859438,0.992535650623886,1.0,1.0,0.9848484848484848,0.9852941176470588,2.855290699983016,0.1715001999982632,True
espectrograma,RandomForest,0,0,0,3,1006,249,0.963855421686747,0.9667385534173856,1.0,0.978102189781022,0.9545454545454546,0.9343065693430656,2.7663337999838404,0.1727736000320874,True
espectrograma,RandomForest,0,0,0,4,1011,244,0.9918032786885246,0.992422502870264,1.0,1.0,0.9846153846153848,0.9850746268656716,3.073224899999332,0.163901399995666,True
espectrograma,RandomForest,0,1,1,0,991,311,0.8102893890675241,0.7927583108715184,1.0,0.8095238095238095,0.6415094339622641,0.72,2.65163360000588,0.167019699991215,True
espectrograma,RandomForest,0,1,1,1,1006,296,0.8344594594594594,0.8202650380764953,1.0,0.8275862068965517,0.7115384615384616,0.7419354838709677,2.649467800045386,0.1762439000303857,True
espectrograma,RandomForest,0,1,1,2,1006,295,0.8067796610169492,0.7872257765874786,1.0,0.8205128205128205,0.6262626262626263,0.7021276595744681,2.5660128999734297,0.1497947000316344,True
espectrograma,RandomForest,0,1,1,3,1006,296,0.831081081081081,0.8177460479347272,1.0,0.8,0.7358490566037735,0.7351351351351352,2.924084900005255,0.3743637999868952,True
espectrograma,RandomForest,0,1,1,4,1011,291,0.8247422680412371,0.8105958991822069,1.0,0.7663551401869159,0.7547169811320755,0.7213114754098361,2.829538799996953,0.1701850999961607,True
espectrograma,RandomForest,0,2,2,0,991,311,0.8553054662379421,0.8453159060700044,1.0,0.816,0.7868852459016393,0.7783783783783784,2.701881399960257,0.165557800035458,True
espectrograma,RandomForest,0,2,2,1,1006,295,0.8338983050847457,0.8184982176799827,1.0,0.7927927927927928,0.7241379310344828,0.7570621468926554,2.6140354000381194,0.1717121999827213,True
espectrograma,RandomForest,0,2,2,2,1006,297,0.8518518518518519,0.8407205315937403,1.0,0.8173913043478261,0.7857142857142857,0.7597765363128491,2.873934899980668,0.1646637999801896,True
espectrograma,RandomForest,0,2,2,3,1006,295,0.8677966101694915,0.8555268753192945,1.0,0.8739495798319328,0.7457627118644068,0.8023952095808383,2.6338132999953814,0.1855937999789603,True
espectrograma,RandomForest,0,2,2,4,1011,291,0.8419243986254296,0.8229850866214502,0.9945945945945946,0.8264462809917356,0.6851851851851852,0.7857142857142857,2.97625240002526,0.1800426000263542,True
espectrograma,RandomForest,0,3,3,0,991,311,0.8778135048231511,0.8634822456024988,1.0,0.75,0.8051948051948052,0.8987341772151899,2.554937699984293,0.2619139000307768,True
espectrograma,RandomForest,0,3,3,1,1006,299,0.8762541806020067,0.8622019573347006,1.0,0.7964601769911505,0.7692307692307693,0.8831168831168831,2.849120799975936,0.1966801999951712,True
espectrograma,RandomForest,0,3,3,2,1006,294,0.8503401360544217,0.8327380952380953,1.0,0.75,0.7142857142857143,0.8666666666666667,2.8495848000166006,0.1760062999674119,True
espectrograma,RandomForest,0,3,3,3,1006,299,0.882943143812709,0.8698743625214214,1.0,0.773109243697479,0.7972972972972973,0.9090909090909092,3.086843100027181,0.2052605999633669,True
espectrograma,RandomForest,0,3,3,4,1011,291,0.8694158075601375,0.8523296846702887,1.0,0.7678571428571429,0.7555555555555555,0.8859060402684564,3.192191299982369,0.1836132000316865,True
espectrograma,RandomForest,1,0,1,0,1178,264,0.928030303030303,0.9338954852107296,1.0,0.8676470588235294,0.8961038961038961,0.971830985915493,3.327493399963714,0.2605695999809541,True
espectrograma,RandomForest,1,0,1,1,1193,249,0.9437751004016064,0.94819404916121,1.0,0.916030534351145,0.920863309352518,0.9558823529411764,3.763070199987851,0.2954216999933123,True
espectrograma,RandomForest,1,0,1,2,1194,249,0.9839357429718876,0.9851827094474154,1.0,0.9705882352941176,0.9852941176470588,0.9848484848484848,3.5869397999485955,0.3007400000351481,True
espectrograma,RandomForest,1,0,1,3,1193,249,0.9598393574297188,0.9629533804433952,1.0,0.943661971830986,0.9850746268656716,0.9230769230769232,3.488637699978426,0.2430307000176981,True
espectrograma,RandomForest,1,0,1,4,1198,244,0.9877049180327868,0.9886350689301584,1.0,0.9850746268656716,0.9923664122137404,0.9770992366412212,3.616780700045638,0.1844539999729022,True
espectrograma,RandomForest,1,1,0,0,1178,311,0.9807073954983924,0.9792108463401642,1.0,0.9726027397260274,0.9787234042553192,0.9655172413793104,3.413448999985121,0.1980004000361077,True
espectrograma,RandomForest,1,1,0,1,1193,296,0.983108108108108,0.9816782176497728,1.0,0.9850746268656716,0.9770992366412212,0.9645390070921984,3.3554443000466563,0.3823397000087425,True
espectrograma,RandomForest,1,1,0,2,1194,295,0.9694915254237289,0.9664798220058758,1.0,0.9420289855072465,0.9925925925925926,0.931297709923664,3.022448699979577,0.1837404000107199,True
espectrograma,RandomForest,1,1,0,3,1193,296,0.9695945945945946,0.9670150409201504,1.0,0.948905109489051,0.9848484848484848,0.9343065693430656,3.11240630003158,0.1629620000021532,True
espectrograma,RandomForest,1,1,0,4,1198,291,0.9656357388316152,0.9623766311331828,1.0,0.962406015037594,0.9606299212598424,0.9264705882352942,3.018371300015133,0.1642682999954559,True
espectrograma,RandomForest,1,2,1,0,1178,311,0.9710610932475884,0.968748492886424,1.0,0.9379310344827586,1.0,0.9370629370629372,3.19662740000058,0.2145373999956064,True
espectrograma,RandomForest,1,2,1,1,1193,295,0.9932203389830508,0.9925649530127142,1.0,0.9850746268656716,0.9925925925925926,0.9925925925925926,3.5989100000006147,0.1626655000145547,True
espectrograma,RandomForest,1,2,1,2,1194,297,0.9764309764309764,0.9742633144092998,1.0,0.948905109489051,1.0,0.9481481481481482,3.148549899982754,0.1761142999748699,True
espectrograma,RandomForest,1,2,1,3,1193,295,0.9932203389830508,0.9925373134328356,1.0,0.9850746268656716,1.0,0.9850746268656716,3.1542677999823354,0.1753285999875515,True
espectrograma,RandomForest,1,2,1,4,1198,291,0.9965635738831616,0.9962119038053148,1.0,0.9923664122137404,1.0,0.9924812030075189,2.985732699977234,0.2340251000132411,True
espectrograma,RandomForest,1,3,2,0,1178,311,0.9839228295819936,0.9826313504125054,1.0,0.9659863945578232,1.0,0.9645390070921984,2.878234600008,0.1709516000119038,True
espectrograma,RandomForest,1,3,2,1,1193,299,0.9632107023411371,0.9600611263903138,1.0,0.9343065693430656,0.9850746268656716,0.920863309352518,3.310710599995218,0.1737182000069879,True
espectrograma,RandomForest,1,3,2,2,1194,294,0.9625850340136054,0.959227314892372,1.0,0.9295774647887324,0.9770992366412212,0.9302325581395348,3.194338999979664,0.1676452999818138,True
espectrograma,RandomForest,1,3,2,3,1193,299,0.9698996655518396,0.9672623672623673,1.0,0.9370629370629372,0.9925925925925926,0.9393939393939394,3.0356464000069536,0.1982220000354573,True
espectrograma,RandomForest,1,3,2,4,1198,291,0.9896907216494846,0.9886357114159444,1.0,0.9774436090225564,1.0,0.9770992366412212,2.848657499998808,0.1704344999743625,True
espectrograma,RandomForest,2,0,2,0,1178,264,0.9090909090909092,0.9157677910917186,1.0,0.8260869565217391,0.913907284768212,0.9230769230769232,2.8426933000446297,0.177938400011044,True
espectrograma,RandomForest,2,0,2,1,1194,249,0.931726907630522,0.9369284274974812,1.0,0.8787878787878788,0.9130434782608696,0.9558823529411764,2.7088256999850278,0.166383899981156,True
espectrograma,RandomForest,2,0,2,2,1192,249,0.9558232931726908,0.9590131659899102,1.0,0.9302325581395348,0.9629629629629628,0.9428571428571428,2.8257268000161275,0.1812522999825887,True
espectrograma,RandomForest,2,0,2,3,1194,249,0.9156626506024096,0.922994111711332,1.0,0.8689655172413793,0.9253731343283582,0.8976377952755905,2.8440968000213616,0.1716654999763704,True
espectrograma,RandomForest,2,0,2,4,1198,244,0.930327868852459,0.935648419999565,1.0,0.8702290076335878,0.9185185185185184,0.953846153846154,2.8555217999964952,0.1699573000078089,True
espectrograma,RandomForest,2,1,1,0,1178,311,0.887459807073955,0.8799897723923934,1.0,0.8130081300813008,0.8955223880597015,0.8114285714285714,2.6382254000054672,0.1596119999885559,True
espectrograma,RandomForest,2,1,1,1,1194,296,0.8918918918918919,0.8843059991828031,1.0,0.8376068376068376,0.8852459016393442,0.8143712574850299,2.7937202000175603,0.1875414999667555,True
espectrograma,RandomForest,2,1,1,2,1192,295,0.888135593220339,0.8799786588555287,1.0,0.8264462809917356,0.896,0.7974683544303798,2.6351936999708414,0.1579487000126391,True
espectrograma,RandomForest,2,1,1,3,1194,296,0.9155405405405406,0.9093971613685248,1.0,0.8688524590163934,0.9206349206349206,0.8481012658227848,2.8585373999667354,0.1848882000194862,True
espectrograma,RandomForest,2,1,1,4,1198,291,0.8900343642611683,0.8812625826862237,1.0,0.8070175438596491,0.918032786885246,0.8,2.816345100000035,0.1718913000077009,True
espectrograma,RandomForest,2,2,0,0,1178,311,0.977491961414791,0.9755507988762764,1.0,0.9496402877697842,0.993103448275862,0.9594594594594594,2.7492605000152253,0.1936701000086031,True
espectrograma,RandomForest,2,2,0,1,1194,295,0.9796610169491524,0.977715179045484,1.0,0.9696969696969696,0.9701492537313432,0.9710144927536232,2.815923999994993,0.1745939000393264,True
espectrograma,RandomForest,2,2,0,2,1192,297,0.9797979797979798,0.9779411764705884,1.0,0.9558823529411764,1.0,0.9558823529411764,2.761815399979241,0.1710669000167399,True
espectrograma,RandomForest,2,2,0,3,1194,295,0.9898305084745764,0.9888003566055608,1.0,0.978102189781022,1.0,0.9770992366412212,2.7364296999876387,0.1776358999777585,True
espectrograma,RandomForest,2,2,0,4,1198,291,0.986254295532646,0.9848756506651244,1.0,0.9774436090225564,0.9846153846153848,0.9774436090225564,2.785461599996779,0.1819701999775134,True
espectrograma,RandomForest,2,3,1,0,1178,311,0.9807073954983924,0.9791479211784346,1.0,0.9594594594594594,0.993103448275862,0.9640287769784172,2.6115803999709897,0.1601973000215366,True
espectrograma,RandomForest,2,3,1,1,1194,299,0.9765886287625418,0.9743988836410478,1.0,0.9635036496350364,0.9635036496350364,0.9705882352941176,3.0377305999863893,0.1822962000151164,True
espectrograma,RandomForest,2,3,1,2,1192,294,0.9727891156462584,0.9703182969225432,1.0,0.951048951048951,0.9770992366412212,0.953125,2.847422499966342,0.1762563000083901,True
espectrograma,RandomForest,2,3,1,3,1194,299,0.9765886287625418,0.9744034591362836,1.0,0.951048951048951,1.0,0.9465648854961832,2.769180500006769,0.1853173000272363,True
espectrograma,RandomForest,2,3,1,4,1198,291,1.0,1.0,1.0,1.0,1.0,1.0,3.034906500019133,0.1975723999785259,True
espectrograma,RandomForest,3,0,3,0,1183,264,0.7765151515151515,0.7815519550660355,0.945054945054945,0.5932203389830508,0.7671232876712328,0.8208092485549133,3.167604800022673,0.1661925000371411,True
espectrograma,RandomForest,3,0,3,1,1195,249,0.8433734939759037,0.8486173102095236,0.989010989010989,0.6972477064220184,0.8759124087591241,0.8322981366459627,2.9556781999999657,0.1792551000253297,True
espectrograma,RandomForest,3,0,3,2,1200,249,0.8674698795180723,0.8731616441448953,0.989247311827957,0.7339449541284404,0.9473684210526316,0.8220858895705522,2.917873300029896,0.2022335999645292,True
espectrograma,RandomForest,3,0,3,3,1195,249,0.8433734939759037,0.8553185392477161,0.989010989010989,0.7288135593220338,0.931297709923664,0.7721518987341772,2.869004899985157,0.1550776999793015,True
espectrograma,RandomForest,3,0,3,4,1203,244,0.8647540983606558,0.871843019005848,0.9777777777777776,0.7543859649122807,0.921875,0.8333333333333334,3.0471819000085816,0.1842207000008784,True
espectrograma,RandomForest,3,1,2,0,1183,311,0.8167202572347267,0.8040227831136921,1.0,0.7933884297520661,0.7027027027027027,0.72,2.873218699998688,0.160718499973882,True
espectrograma,RandomForest,3,1,2,1,1195,296,0.8209459459459459,0.8070351986582354,1.0,0.7818181818181819,0.7238095238095238,0.7225130890052356,3.1589123000158,0.1648900000145658,True
espectrograma,RandomForest,3,1,2,2,1200,295,0.7830508474576271,0.7599892375665571,1.0,0.7857142857142857,0.5773195876288659,0.676923076923077,2.9595050000352785,0.1698183999978937,True
espectrograma,RandomForest,3,1,2,3,1195,296,0.8141891891891891,0.7985233023331164,1.0,0.7927927927927928,0.6862745098039216,0.7150259067357513,2.9429359000059776,0.1718735999893397,True
espectrograma,RandomForest,3,1,2,4,1203,291,0.8316151202749141,0.8183536714801236,1.0,0.7777777777777778,0.7663551401869159,0.7292817679558011,2.9725566999986768,0.1554864000063389,True
espectrograma,RandomForest,3,2,1,0,1183,311,0.9260450160771704,0.9211247162563296,1.0,0.875,0.9420289855072465,0.8674698795180723,2.948298799979966,0.1651183000067249,True
espectrograma,RandomForest,3,2,1,1,1195,295,0.8847457627118644,0.8773708635996771,1.0,0.864406779661017,0.847457627118644,0.7976190476190477,2.8819203000166453,0.1462416999856941,True
espectrograma,RandomForest,3,2,1,2,1200,297,0.9225589225589226,0.9161858736977238,1.0,0.85,0.9612403100775194,0.8535031847133758,3.032695400004741,0.1752064999891445,True
espectrograma,RandomForest,3,2,1,3,1195,295,0.9254237288135592,0.9188762850053174,1.0,0.8571428571428571,0.953846153846154,0.864516129032258,3.0100018000230198,0.1511953999870456,True
espectrograma,RandomForest,3,2,1,4,1203,291,0.9347079037800688,0.9296867413722788,1.0,0.9090909090909092,0.935483870967742,0.8741721854304636,2.951554999977816,0.165119900018908,True
espectrograma,RandomForest,3,3,0,0,1183,311,0.9967845659163987,0.9965276103207138,1.0,0.993103448275862,1.0,0.993006993006993,2.833734499989077,0.1657395000220276,True
espectrograma,RandomForest,3,3,0,1,1195,299,0.9832775919732442,0.981847852933912,1.0,0.9777777777777776,0.9850746268656716,0.9645390070921984,3.136479999986477,0.1630677999928593,True
espectrograma,RandomForest,3,3,0,2,1200,294,0.9659863945578232,0.962556561085973,1.0,0.9705882352941176,0.9384615384615383,0.9411764705882352,2.983773800020572,0.1915708999731578,True
espectrograma,RandomForest,3,3,0,3,1195,299,0.9899665551839464,0.9889964385203992,1.0,0.9855072463768116,0.9927007299270072,0.9777777777777776,3.4934707999927923,0.259431799990125,True
espectrograma,RandomForest,3,3,0,4,1203,291,1.0,1.0,1.0,1.0,1.0,1.0,3.5695916999829933,0.3430384999956004,True
espectrograma,MLP,0,0,0,0,991,264,1.0,1.0,1.0,1.0,1.0,1.0,4.164618300041184,0.0063291999977082,True
espectrograma,MLP,0,0,0,1,1006,249,1.0,1.0,1.0,1.0,1.0,1.0,4.200965000025462,0.0386859999853186,True
espectrograma,MLP,0,0,0,2,1006,249,1.0,1.0,1.0,1.0,1.0,1.0,4.480558299983386,0.037080300040543,True
espectrograma,MLP,0,0,0,3,1006,249,1.0,1.0,1.0,1.0,1.0,1.0,4.090406399976928,0.028260399994906,True
espectrograma,MLP,0,0,0,4,1011,244,1.0,1.0,1.0,1.0,1.0,1.0,4.693418599956203,0.0403707000077702,True
espectrograma,MLP,0,1,1,0,991,311,0.8263665594855305,0.8116685796612155,1.0,0.7559055118110236,0.7368421052631579,0.7539267015706806,3.924224599963054,0.0084663000307045,True
espectrograma,MLP,0,1,1,1,1006,296,0.8547297297297297,0.8443215339233038,1.0,0.7964601769911505,0.8141592920353983,0.7666666666666667,4.217453600023873,0.0059687999892048,True
espectrograma,MLP,0,1,1,2,1006,295,0.8440677966101695,0.8305444554361877,1.0,0.7627118644067796,0.7964601769911505,0.7630057803468208,4.242499299987685,0.0078677000128664,True
espectrograma,MLP,0,1,1,3,1006,296,0.8581081081081081,0.8486998746867168,1.0,0.8035714285714286,0.8245614035087719,0.7666666666666667,4.424087999970652,0.0099420999758876,True
espectrograma,MLP,0,1,1,4,1011,291,0.8419243986254296,0.8284090909090909,1.0,0.7818181818181819,0.7818181818181819,0.75,4.545987599994987,0.0054812000016681,True
espectrograma,MLP,0,2,2,0,991,311,0.8617363344051447,0.8538954945347907,1.0,0.7933884297520661,0.848,0.7741935483870968,3.793911700020544,0.0087316000135615,True
espectrograma,MLP,0,2,2,1,1006,295,0.8542372881355932,0.8445062199529775,1.0,0.8035714285714286,0.8173913043478261,0.7570621468926554,4.500241699977778,0.0093846999807283,True
espectrograma,MLP,0,2,2,2,1006,297,0.8552188552188552,0.8451995292031929,1.0,0.7964601769911505,0.8245614035087719,0.7597765363128491,4.509288500004914,0.0059969000285491,True
espectrograma,MLP,0,2,2,3,1006,295,0.8610169491525423,0.8517231379731379,1.0,0.8035714285714286,0.8376068376068376,0.7657142857142857,4.510059500054922,0.0069501000107266,True
espectrograma,MLP,0,2,2,4,1011,291,0.8556701030927835,0.8450123152709359,1.0,0.8,0.8214285714285714,0.7586206896551724,4.779990300012287,0.0080716999946162,True
espectrograma,MLP,0,3,3,0,991,311,0.919614147909968,0.9083675817853032,1.0,0.8,0.922077922077922,0.9113924050632912,3.786733399960213,0.0074678999953903,True
espectrograma,MLP,0,3,3,1,1006,299,0.9230769230769232,0.9112138454243716,1.0,0.8070175438596491,0.9054054054054054,0.9324324324324323,4.479049200017471,0.0067063000169582,True
espectrograma,MLP,0,3,3,2,1006,294,0.9183673469387756,0.906532297231666,1.0,0.8,0.896551724137931,0.9295774647887324,4.193060600024182,0.0078165999730117,True
espectrograma,MLP,0,3,3,3,1006,299,0.9264214046822744,0.9148509833615782,1.0,0.8070175438596491,0.9006622516556292,0.9517241379310344,4.632997100008652,0.0063123999862,True
espectrograma,MLP,0,3,3,4,1011,291,0.9243986254295532,0.9116287600880412,1.0,0.8,0.9103448275862068,0.9361702127659576,4.4869503999943845,0.0121102999546565,True
espectrograma,MLP,1,0,1,0,1178,264,0.9621212121212122,0.9654135338345864,1.0,0.9473684210526316,0.9714285714285714,0.9428571428571428,6.17072419996839,0.0077738999971188,True
espectrograma,MLP,1,0,1,1,1193,249,0.9437751004016064,0.9479348663094684,1.0,0.9219858156028368,0.9635036496350364,0.90625,5.941090300038923,0.0353280999697744,True
espectrograma,MLP,1,0,1,2,1194,249,0.9799196787148594,0.9814630347004448,1.0,0.9640287769784172,0.9925925925925926,0.9692307692307692,7.24565789999906,0.0305663000326603,True
espectrograma,MLP,1,0,1,3,1193,249,0.9558232931726908,0.9593362031771886,1.0,0.950354609929078,0.9696969696969696,0.9172932330827068,6.809765500016511,0.0302288000239059,True
espectrograma,MLP,1,0,1,4,1198,244,0.9918032786885246,0.992424025017436,1.0,0.9924812030075189,0.9923664122137404,0.9848484848484848,6.096948100021109,0.0393177999649196,True
espectrograma,MLP,1,1,0,0,1178,311,1.0,1.0,1.0,1.0,1.0,1.0,7.172615699993912,0.008812400046736,True
espectrograma,MLP,1,1,0,1,1193,296,1.0,1.0,1.0,1.0,1.0,1.0,7.012337899999693,0.0066944000427611,True
espectrograma,MLP,1,1,0,2,1194,295,1.0,1.0,1.0,1.0,1.0,1.0,6.456302700040396,0.0068021000479348,True
espectrograma,MLP,1,1,0,3,1193,296,0.9932432432432432,0.9926470588235294,1.0,0.9852941176470588,1.0,0.9852941176470588,6.438397999969311,0.0121184000163339,True
espectrograma,MLP,1,1,0,4,1198,291,0.993127147766323,0.992422502870264,1.0,1.0,0.9846153846153848,0.9850746268656716,5.933731299999636,0.0085524999885819,True
espectrograma,MLP,1,2,1,0,1178,311,0.990353697749196,0.9895788102475032,1.0,0.9787234042553192,1.0,0.979591836734694,6.239870999997947,0.0091324999812059,True
espectrograma,MLP,1,2,1,1,1193,295,1.0,1.0,1.0,1.0,1.0,1.0,6.381726499996148,0.0054630000377073,True
espectrograma,MLP,1,2,1,2,1194,297,0.9932659932659932,0.9926454683106208,1.0,0.9850746268656716,1.0,0.9855072463768116,7.021808700053953,0.0088361999951303,True
espectrograma,MLP,1,2,1,3,1193,295,0.9966101694915256,0.996268448900028,1.0,0.9924812030075189,1.0,0.9925925925925926,6.367995300039183,0.0063577000400982,True
espectrograma,MLP,1,2,1,4,1198,291,0.9965635738831616,0.9962119038053148,1.0,0.9923664122137404,1.0,0.9924812030075189,6.024421499983873,0.007671300030779,True
espectrograma,MLP,1,3,2,0,1178,311,0.964630225080386,0.9611942554799698,1.0,0.9185185185185184,0.979591836734694,0.9466666666666668,6.384704299969599,0.011422700015828,True
espectrograma,MLP,1,3,2,1,1193,299,0.9665551839464884,0.963751764824526,1.0,0.9375,0.9850746268656716,0.9324324324324323,6.252807100012433,0.0258787000202573,True
espectrograma,MLP,1,3,2,2,1194,294,0.9761904761904762,0.974365398202097,0.9946524064171124,0.9701492537313432,0.9696969696969696,0.9629629629629628,6.69685029995162,0.0088661999907344,True
espectrograma,MLP,1,3,2,3,1193,299,0.959866220735786,0.9560560555061578,1.0,0.916030534351145,0.9927007299270072,0.9154929577464788,6.330365700006951,0.0098369000479578,True
espectrograma,MLP,1,3,2,4,1198,291,0.993127147766323,0.992422502870264,1.0,0.9846153846153848,1.0,0.9850746268656716,6.088075599982403,0.0190090999822132,True
espectrograma,MLP,2,0,2,0,1178,264,0.8863636363636364,0.8963583477461602,1.0,0.8794326241134752,0.8466257668711656,0.859375,5.651798700040672,0.0065023000352084,True
espectrograma,MLP,2,0,2,1,1194,249,0.8714859437751004,0.8764708586137158,1.0,0.8783783783783784,0.8707482993197279,0.7567567567567568,6.006651500007138,0.032512100005988,True
espectrograma,MLP,2,0,2,2,1192,249,0.9156626506024096,0.9208738684199412,1.0,0.9496402877697842,0.8767123287671232,0.8571428571428571,6.5967799999634735,0.0239059000159613,True
espectrograma,MLP,2,0,2,3,1194,249,0.8514056224899599,0.8594791502650501,1.0,0.8493150684931506,0.8472222222222222,0.7413793103448276,5.83205009996891,0.0369962000404484,True
espectrograma,MLP,2,0,2,4,1198,244,0.9221311475409836,0.9276787376957596,1.0,0.9051094890510948,0.9130434782608696,0.8925619834710744,5.777186299965251,0.0345678000012412,True
espectrograma,MLP,2,1,1,0,1178,311,0.9581993569131833,0.9553765172406852,1.0,0.9361702127659576,0.9714285714285714,0.913907284768212,5.675230399996508,0.0085204999777488,True
espectrograma,MLP,2,1,1,1,1194,296,0.9628378378378378,0.9599454174483631,1.0,0.9365079365079364,0.9770992366412212,0.9261744966442952,6.014950900047552,0.0109692999976687,True
espectrograma,MLP,2,1,1,2,1192,295,0.9627118644067796,0.9593232501520108,1.0,0.9302325581395348,0.9850746268656716,0.9219858156028368,6.200478799990378,0.0117542999796569,True
espectrograma,MLP,2,1,1,3,1194,296,0.9662162162162162,0.963341109572064,1.0,0.9457364341085271,0.9696969696969696,0.9379310344827586,5.860852500016335,0.0072059999802149,True
espectrograma,MLP,2,1,1,4,1198,291,0.9450171821305842,0.940714908456844,1.0,0.935483870967742,0.935483870967742,0.8918918918918919,5.888062399986666,0.0069755000295117,True
espectrograma,MLP,2,2,0,0,1178,311,0.9967845659163987,0.9965276103207136,1.0,0.993006993006993,1.0,0.993103448275862,5.773053199984133,0.0118293999694287,True
espectrograma,MLP,2,2,0,1,1194,295,1.0,1.0,1.0,1.0,1.0,1.0,5.696628300007433,0.0064887999906204,True
espectrograma,MLP,2,2,0,2,1192,297,0.9966329966329966,0.9963233306299,1.0,0.9927007299270072,1.0,0.9925925925925926,6.261564799991902,0.0066872999886982,True
espectrograma,MLP,2,2,0,3,1194,295,0.9932203389830508,0.9925373134328356,1.0,0.9850746268656716,1.0,0.9850746268656716,6.469310100015719,0.007789600000251,True
espectrograma,MLP,2,2,0,4,1198,291,1.0,1.0,1.0,1.0,1.0,1.0,6.125633699994069,0.0071335000102408,True
espectrograma,MLP,2,3,1,0,1178,311,0.977491961414791,0.975814889336016,1.0,0.971830985915493,0.96,0.9714285714285714,5.7584291999810375,0.010542300005909,True
espectrograma,MLP,2,3,1,1,1194,299,0.9665551839464884,0.9630481837003576,1.0,0.9714285714285714,0.9565217391304348,0.9242424242424242,5.904524399957154,0.0100057999952696,True
espectrograma,MLP,2,3,1,2,1192,294,0.979591836734694,0.9773051204177324,1.0,0.9855072463768116,0.9705882352941176,0.953125,6.079567299981136,0.0081636999966576,True
espectrograma,MLP,2,3,1,3,1194,299,0.9765886287625418,0.9741026807779514,1.0,0.9784172661870504,0.9714285714285714,0.9465648854961832,6.127832300029695,0.010579299996607,True
espectrograma,MLP,2,3,1,4,1198,291,0.986254295532646,0.9849247083885924,1.0,0.9923664122137404,0.9705882352941176,0.9767441860465116,5.5819323000032455,0.0121980999829247,True
espectrograma,MLP,3,0,3,0,1183,264,0.8333333333333334,0.8289270515572629,1.0,0.5849056603773585,0.8805031446540881,0.8502994011976048,5.49955259996932,0.0090011999709531,True
espectrograma,MLP,3,0,3,1,1195,249,0.8594377510040161,0.8642536441175709,1.0,0.6972477064220184,0.9496402877697842,0.810126582278481,5.220871799974702,0.0414559000055305,True
espectrograma,MLP,3,0,3,2,1200,249,0.8674698795180723,0.8723664474443291,1.0,0.7289719626168224,0.9333333333333332,0.8271604938271605,5.449526599957608,0.0337080000317655,True
espectrograma,MLP,3,0,3,3,1195,249,0.8674698795180723,0.8759755996598102,1.0,0.7567567567567568,0.9323308270676692,0.8148148148148148,5.662306799960788,0.038254200015217,True
espectrograma,MLP,3,0,3,4,1203,244,0.8729508196721312,0.8773702243499485,1.0,0.7358490566037735,0.9402985074626866,0.8333333333333334,7.086124399967957,0.0143015999929048,True
espectrograma,MLP,3,1,2,0,1183,311,0.8617363344051447,0.8545133689839572,1.0,0.8,0.848,0.7700534759358288,5.310491900017951,0.0124346999800764,True
espectrograma,MLP,3,1,2,1,1195,296,0.8783783783783784,0.870002052545156,1.0,0.8035714285714286,0.8833333333333333,0.7931034482758621,5.803327700006776,0.0123683999991044,True
espectrograma,MLP,3,1,2,2,1200,295,0.864406779661017,0.855261223649781,1.0,0.7964601769911505,0.8571428571428571,0.7674418604651163,5.472031299956143,0.0073467000038363,True
espectrograma,MLP,3,1,2,3,1195,296,0.875,0.8665231092436975,1.0,0.8035714285714286,0.8739495798319328,0.7885714285714286,5.511268500005826,0.009066900005564,True
espectrograma,MLP,3,1,2,4,1203,291,0.8556701030927835,0.844867480605723,1.0,0.7889908256880734,0.831858407079646,0.7586206896551724,7.449769800005015,0.0148118000361137,True
espectrograma,MLP,3,2,1,0,1183,311,0.919614147909968,0.913702365078733,1.0,0.8387096774193549,0.9640287769784172,0.8520710059171598,5.476522200042382,0.0073554999544285,True
espectrograma,MLP,3,2,1,1,1195,295,0.9254237288135592,0.9183747287195564,1.0,0.8448275862068966,0.9696969696969696,0.8589743589743589,5.515523999987636,0.0097678000456653,True
espectrograma,MLP,3,2,1,2,1200,297,0.9124579124579124,0.9045344468162128,1.0,0.8173913043478261,0.9612403100775194,0.8395061728395061,5.41783230000874,0.0158070999896153,True
espectrograma,MLP,3,2,1,3,1195,295,0.9322033898305084,0.9250080208006096,1.0,0.8448275862068966,0.9850746268656716,0.8701298701298701,5.457571700040717,0.0179989000316709,True
espectrograma,MLP,3,2,1,4,1203,291,0.9278350515463918,0.9203986368109056,1.0,0.8421052631578947,0.9767441860465116,0.8627450980392157,7.350573299976531,0.0128159999730996,True
espectrograma,MLP,3,3,0,0,1183,311,0.9967845659163987,0.9965276103207136,1.0,0.993006993006993,0.993103448275862,1.0,4.938403100008145,0.0090067999553866,True
espectrograma,MLP,3,3,0,1,1195,299,1.0,1.0,1.0,1.0,1.0,1.0,5.780594900017604,0.0099285999895073,True
espectrograma,MLP,3,3,0,2,1200,294,0.9965986394557824,0.9962406015037596,1.0,1.0,0.9924812030075189,0.9924812030075189,5.760688800015487,0.0122806999715976,True
espectrograma,MLP,3,3,0,3,1195,299,0.9966555183946488,0.9963503649635036,1.0,1.0,0.9927007299270072,0.9927007299270072,5.476531700056512,0.0072343000210821,True
espectrograma,MLP,3,3,0,4,1203,291,1.0,1.0,1.0,1.0,1.0,1.0,6.311825300042983,0.0068952000001445,True
espectrograma_cnn,CNN2D,0,0,0,0,991,264,0.9924242424242424,0.99305421570519,1.0,0.9863013698630136,0.9859154929577465,1.0,23.894972699985374,,False
espectrograma_cnn,CNN2D,0,0,0,1,1006,249,0.9959839357429718,0.9962962962962962,1.0,0.9925925925925926,0.9925925925925926,1.0,6.209385699999984,,False
espectrograma_cnn,CNN2D,0,0,0,2,1006,249,1.0,1.0,1.0,1.0,1.0,1.0,5.813170499983244,,False
espectrograma_cnn,CNN2D,0,0,0,3,1006,249,1.0,1.0,1.0,1.0,1.0,1.0,6.110065599961672,,False
espectrograma_cnn,CNN2D,0,0,0,4,1011,244,1.0,1.0,1.0,1.0,1.0,1.0,6.073636099987198,,False
espectrograma_cnn,CNN2D,0,1,1,0,991,311,0.9967845659163987,0.9965276103207138,1.0,0.993103448275862,0.993006993006993,1.0,6.021236400003545,,False
espectrograma_cnn,CNN2D,0,1,1,1,1006,296,0.9966216216216216,0.9962684489000277,1.0,0.9925925925925926,0.9924812030075187,1.0,5.768197699973825,,False
espectrograma_cnn,CNN2D,0,1,1,2,1006,295,0.9694915254237289,0.966745318435039,1.0,0.9457364341085271,0.9850746268656716,0.9361702127659575,6.286378899996635,,False
espectrograma_cnn,CNN2D,0,1,1,3,1006,296,0.9966216216216216,0.9963217396008006,1.0,1.0,0.9924812030075187,0.9928057553956835,6.300192800001241,,False
espectrograma_cnn,CNN2D,0,1,1,4,1011,291,0.9862542955326461,0.9849247083885925,1.0,0.9923664122137404,0.9767441860465116,0.9705882352941176,6.453609799966216,,False
espectrograma_cnn,CNN2D,0,2,2,0,991,311,0.9389067524115756,0.9316045796308954,1.0,0.935064935064935,0.8571428571428571,0.9342105263157895,5.9726213999674655,,False
espectrograma_cnn,CNN2D,0,2,2,1,1006,295,0.9627118644067797,0.958787037037037,1.0,0.9925925925925926,0.912,0.9305555555555556,5.840673999977298,,False
espectrograma_cnn,CNN2D,0,2,2,2,1006,297,0.9427609427609428,0.9385972222222222,1.0,0.9375,0.928,0.8888888888888888,5.879748600011226,,False
espectrograma_cnn,CNN2D,0,2,2,3,1006,295,0.9796610169491525,0.9777472527472528,1.0,1.0,0.9538461538461539,0.9571428571428572,5.939284800027963,,False
espectrograma_cnn,CNN2D,0,2,2,4,1011,291,0.9621993127147767,0.9581963993453355,1.0,0.9846153846153847,0.912,0.9361702127659575,5.789473500044551,,False
espectrograma_cnn,CNN2D,0,3,3,0,991,311,0.9163987138263665,0.9082435791217897,1.0,0.8470588235294118,0.8,0.9859154929577465,6.45766380004352,,False
espectrograma_cnn,CNN2D,0,3,3,1,1006,299,0.9966555183946488,0.9963233306299,1.0,0.9927007299270073,0.9925925925925926,1.0,6.3780526999616995,,False
espectrograma_cnn,CNN2D,0,3,3,2,1006,294,0.935374149659864,0.9281793525491004,0.9946524064171123,0.8571428571428571,0.9629629629629629,0.8979591836734694,6.277564499992877,,False
espectrograma_cnn,CNN2D,0,3,3,3,1006,299,0.9866220735785953,0.9852296254470168,1.0,0.9696969696969697,0.9855072463768116,0.9857142857142858,6.056818699988071,,False
espectrograma_cnn,CNN2D,0,3,3,4,1011,291,0.9896907216494846,0.9886304909560724,1.0,0.9767441860465116,0.9777777777777777,1.0,5.981062400038354,,False
espectrograma_cnn,CNN2D,1,0,1,0,1178,264,0.9962121212121212,0.9965276103207138,1.0,0.993103448275862,1.0,0.993006993006993,7.4622755000018515,,False
espectrograma_cnn,CNN2D,1,0,1,1,1193,249,1.0,1.0,1.0,1.0,1.0,1.0,6.962408199964557,,False
espectrograma_cnn,CNN2D,1,0,1,2,1194,249,0.9959839357429718,0.9962684489000277,1.0,1.0,0.9925925925925926,0.9924812030075187,6.899297799973283,,False
espectrograma_cnn,CNN2D,1,0,1,3,1193,249,0.9959839357429718,0.9962962962962962,1.0,0.9925925925925926,1.0,0.9925925925925926,6.904042100009974,,False
espectrograma_cnn,CNN2D,1,0,1,4,1198,244,0.9959016393442623,0.9962119038053149,1.0,0.9924812030075187,1.0,0.9923664122137404,7.534249499964062,,False
espectrograma_cnn,CNN2D,1,1,0,0,1178,311,1.0,1.0,1.0,1.0,1.0,1.0,7.56897579994984,,False
espectrograma_cnn,CNN2D,1,1,0,1,1193,296,1.0,1.0,1.0,1.0,1.0,1.0,7.240817399986554,,False
espectrograma_cnn,CNN2D,1,1,0,2,1194,295,1.0,1.0,1.0,1.0,1.0,1.0,7.2406772000249475,,False
espectrograma_cnn,CNN2D,1,1,0,3,1193,296,1.0,1.0,1.0,1.0,1.0,1.0,7.083673299988732,,False
espectrograma_cnn,CNN2D,1,1,0,4,1198,291,1.0,1.0,1.0,1.0,1.0,1.0,7.225470400007907,,False
espectrograma_cnn,CNN2D,1,2,1,0,1178,311,0.9935691318327974,0.9930788389692499,1.0,0.9863013698630136,0.993006993006993,0.993006993006993,7.150445899984334,,False
espectrograma_cnn,CNN2D,1,2,1,1,1193,295,1.0,1.0,1.0,1.0,1.0,1.0,7.444890199985821,,False
espectrograma_cnn,CNN2D,1,2,1,2,1194,297,1.0,1.0,1.0,1.0,1.0,1.0,7.34385140001541,,False
espectrograma_cnn,CNN2D,1,2,1,3,1193,295,1.0,1.0,1.0,1.0,1.0,1.0,7.449890699994285,,False
espectrograma_cnn,CNN2D,1,2,1,4,1198,291,0.9896907216494846,0.9886898936517258,1.0,0.9777777777777777,0.9923664122137404,0.9846153846153847,7.54206200002227,,False
espectrograma_cnn,CNN2D,1,3,2,0,1178,311,0.9967845659163987,0.9965276103207138,1.0,1.0,0.993103448275862,0.993006993006993,7.739092399948277,,False
espectrograma_cnn,CNN2D,1,3,2,1,1193,299,0.9966555183946488,0.996349586997069,1.0,0.9925925925925926,1.0,0.9928057553956835,7.41941480000969,,False
espectrograma_cnn,CNN2D,1,3,2,2,1194,294,0.9965986394557823,0.9967834023561577,0.9946524064171123,1.0,0.9924812030075187,1.0,7.495687999995425,,False
espectrograma_cnn,CNN2D,1,3,2,3,1193,299,1.0,1.0,1.0,1.0,1.0,1.0,7.91554219997488,,False
espectrograma_cnn,CNN2D,1,3,2,4,1198,291,0.9759450171821306,0.9737213984112528,1.0,0.9496402877697842,0.9846153846153847,0.9606299212598425,7.623335600015707,,False
espectrograma_cnn,CNN2D,2,0,2,0,1178,264,1.0,1.0,1.0,1.0,1.0,1.0,7.373107399966102,,False
espectrograma_cnn,CNN2D,2,0,2,1,1194,249,0.9919678714859438,0.9925921861281826,1.0,0.9852941176470589,0.9850746268656716,1.0,7.414558799995575,,False
espectrograma_cnn,CNN2D,2,0,2,2,1192,249,1.0,1.0,1.0,1.0,1.0,1.0,7.716179299983196,,False
espectrograma_cnn,CNN2D,2,0,2,3,1194,249,0.8795180722891566,0.8916700020846362,1.0,0.8170731707317073,0.8376068376068376,0.912,4.915216400055215,,False
espectrograma_cnn,CNN2D,2,0,2,4,1198,244,1.0,1.0,1.0,1.0,1.0,1.0,3.8290126000065356,,False
espectrograma_cnn,CNN2D,2,1,1,0,1178,311,0.9903536977491961,0.9895788102475033,1.0,0.9795918367346939,0.9787234042553191,1.0,3.647623500030022,,False
espectrograma_cnn,CNN2D,2,1,1,1,1194,296,1.0,1.0,1.0,1.0,1.0,1.0,3.703769600018859,,False
espectrograma_cnn,CNN2D,2,1,1,2,1192,295,0.9966101694915255,0.9962684489000277,1.0,1.0,0.9925925925925926,0.9924812030075187,3.9554863999946974,,False
espectrograma_cnn,CNN2D,2,1,1,3,1194,296,0.9628378378378378,0.9599172365180192,1.0,0.9241379310344827,0.953125,0.9624060150375939,3.7398486000020057,,False
espectrograma_cnn,CNN2D,2,1,1,4,1198,291,0.979381443298969,0.9772621268656716,1.0,0.9552238805970149,0.96875,0.9850746268656716,3.726108899980318,,False
espectrograma_cnn,CNN2D,2,2,0,0,1178,311,0.9967845659163987,0.9965276103207137,1.0,1.0,0.993006993006993,0.993103448275862,3.665095600008499,,False
espectrograma_cnn,CNN2D,2,2,0,1,1194,295,1.0,1.0,1.0,1.0,1.0,1.0,3.629201300034765,,False
espectrograma_cnn,CNN2D,2,2,0,2,1192,297,1.0,1.0,1.0,1.0,1.0,1.0,3.7779718000092544,,False
espectrograma_cnn,CNN2D,2,2,0,3,1194,295,0.9661016949152542,0.9624775985663082,1.0,0.9305555555555556,1.0,0.9193548387096774,3.7073711999692023,,False
espectrograma_cnn,CNN2D,2,2,0,4,1198,291,1.0,1.0,1.0,1.0,1.0,1.0,3.788241799979005,,False
espectrograma_cnn,CNN2D,2,3,1,0,1178,311,1.0,1.0,1.0,1.0,1.0,1.0,6.750685299979523,,False
espectrograma_cnn,CNN2D,2,3,1,1,1194,299,1.0,1.0,1.0,1.0,1.0,1.0,7.633891300007235,,False
espectrograma_cnn,CNN2D,2,3,1,2,1192,294,1.0,1.0,1.0,1.0,1.0,1.0,8.246400100004394,,False
espectrograma_cnn,CNN2D,2,3,1,3,1194,299,0.9130434782608695,0.9035136209789261,1.0,0.8395061728395061,0.9850746268656716,0.7894736842105263,10.93489709997084,,False
espectrograma_cnn,CNN2D,2,3,1,4,1198,291,0.9896907216494846,0.9886304909560724,1.0,0.9767441860465116,0.9777777777777777,1.0,11.04538089997368,,False
espectrograma_cnn,CNN2D,3,0,3,0,1183,264,0.9924242424242424,0.99305421570519,1.0,0.9859154929577465,1.0,0.9863013698630136,11.552590899984352,,False
espectrograma_cnn,CNN2D,3,0,3,1,1195,249,0.4538152610441767,0.3955076551168413,0.9176470588235294,0.1643835616438356,0.0,0.5,11.370598000008613,,False
espectrograma_cnn,CNN2D,3,0,3,2,1200,249,0.9678714859437751,0.9702085117132013,1.0,0.9784172661870504,0.9411764705882353,0.9612403100775194,11.545397800044157,,False
espectrograma_cnn,CNN2D,3,0,3,3,1195,249,1.0,1.0,1.0,1.0,1.0,1.0,11.082229799998458,,False
espectrograma_cnn,CNN2D,3,0,3,4,1203,244,0.9959016393442623,0.9962119038053148,1.0,0.9924812030075187,0.9923664122137404,1.0,9.195956200012006,,False
espectrograma_cnn,CNN2D,3,1,2,0,1183,311,1.0,1.0,1.0,1.0,1.0,1.0,7.7225931999855675,,False
espectrograma_cnn,CNN2D,3,1,2,1,1195,296,0.5574324324324325,0.48276166072101645,0.8588957055214724,0.5591397849462365,0.0,0.5130111524163569,7.936713800008874,,False
espectrograma_cnn,CNN2D,3,1,2,2,1200,295,0.9898305084745763,0.9889645763166156,1.0,0.9784172661870504,0.9850746268656716,0.9923664122137404,9.83191969996551,,False
espectrograma_cnn,CNN2D,3,1,2,3,1195,296,0.9932432432432432,0.9925356506238859,1.0,0.9852941176470589,0.9848484848484849,1.0,9.81535150000127,,False
espectrograma_cnn,CNN2D,3,1,2,4,1203,291,0.979381443298969,0.9772256728778468,1.0,0.9565217391304348,0.9523809523809523,1.0,8.53396840003552,,False
espectrograma_cnn,CNN2D,3,2,1,0,1183,311,0.9967845659163987,0.9965276103207137,1.0,1.0,0.993006993006993,0.993103448275862,7.328704299987294,,False
espectrograma_cnn,CNN2D,3,2,1,1,1195,295,0.5627118644067797,0.4891752653139273,0.8727272727272727,0.574468085106383,0.0,0.5095057034220533,7.4906010999693535,,False
espectrograma_cnn,CNN2D,3,2,1,2,1200,297,1.0,1.0,1.0,1.0,1.0,1.0,7.430566499999259,,False
espectrograma_cnn,CNN2D,3,2,1,3,1195,295,1.0,1.0,1.0,1.0,1.0,1.0,7.656630500045139,,False
espectrograma_cnn,CNN2D,3,2,1,4,1203,291,1.0,1.0,1.0,1.0,1.0,1.0,7.837709899991751,,False
espectrograma_cnn,CNN2D,3,3,0,0,1183,311,1.0,1.0,1.0,1.0,1.0,1.0,8.736417399952188,,False
espectrograma_cnn,CNN2D,3,3,0,1,1195,299,0.5551839464882943,0.4807556605546713,0.8606060606060606,0.5531914893617021,0.0,0.5092250922509225,8.529685600020457,,False
espectrograma_cnn,CNN2D,3,3,0,2,1200,294,0.9897959183673469,0.9887110062539789,1.0,0.9855072463768116,0.9925925925925926,0.9767441860465116,9.71062859997619,,False
espectrograma_cnn,CNN2D,3,3,0,3,1195,299,0.9933110367892977,0.9927003410059676,1.0,1.0,0.9855072463768116,0.9852941176470589,8.492418500012718,,False
espectrograma_cnn,CNN2D,3,3,0,4,1203,291,1.0,1.0,1.0,1.0,1.0,1.0,8.587251899996772,,False
