representacion,clasificador,carga_train,carga_test,distancia_carga,fold,clase,diametro_pulg,n,recall
estadisticos,SVM-RBF,0,0,0,0,B,0.007,24,1.0
estadisticos,SVM-RBF,0,0,0,0,B,0.014,24,1.0
estadisticos,SVM-RBF,0,0,0,0,B,0.021,24,1.0
estadisticos,SVM-RBF,0,0,0,0,IR,0.007,24,1.0
estadisticos,SVM-RBF,0,0,0,0,IR,0.014,24,1.0
estadisticos,SVM-RBF,0,0,0,0,IR,0.021,24,1.0
estadisticos,SVM-RBF,0,0,0,0,Normal,0.0,48,1.0
estadisticos,SVM-RBF,0,0,0,0,OR,0.007,24,1.0
estadisticos,SVM-RBF,0,0,0,0,OR,0.014,24,0.5416666666666666
estadisticos,SVM-RBF,0,0,0,0,OR,0.021,24,1.0
estadisticos,SVM-RBF,0,0,0,1,B,0.007,23,1.0
estadisticos,SVM-RBF,0,0,0,1,B,0.014,22,0.9545454545454546
estadisticos,SVM-RBF,0,0,0,1,B,0.021,23,1.0
estadisticos,SVM-RBF,0,0,0,1,IR,0.007,22,1.0
estadisticos,SVM-RBF,0,0,0,1,IR,0.014,22,1.0
estadisticos,SVM-RBF,0,0,0,1,IR,0.021,23,1.0
estadisticos,SVM-RBF,0,0,0,1,Normal,0.0,46,1.0
estadisticos,SVM-RBF,0,0,0,1,OR,0.007,23,1.0
estadisticos,SVM-RBF,0,0,0,1,OR,0.014,22,0.3636363636363636
estadisticos,SVM-RBF,0,0,0,1,OR,0.021,23,1.0
estadisticos,SVM-RBF,0,0,0,2,B,0.007,22,1.0
estadisticos,SVM-RBF,0,0,0,2,B,0.014,23,0.7391304347826086
estadisticos,SVM-RBF,0,0,0,2,B,0.021,22,0.8636363636363636
estadisticos,SVM-RBF,0,0,0,2,IR,0.007,23,1.0
estadisticos,SVM-RBF,0,0,0,2,IR,0.014,23,1.0
estadisticos,SVM-RBF,0,0,0,2,IR,0.021,22,1.0
estadisticos,SVM-RBF,0,0,0,2,Normal,0.0,47,1.0
estadisticos,SVM-RBF,0,0,0,2,OR,0.007,22,1.0
estadisticos,SVM-RBF,0,0,0,2,OR,0.014,23,0.9565217391304348
estadisticos,SVM-RBF,0,0,0,2,OR,0.021,22,1.0
estadisticos,SVM-RBF,0,0,0,3,B,0.007,23,1.0
estadisticos,SVM-RBF,0,0,0,3,B,0.014,22,0.8636363636363636
estadisticos,SVM-RBF,0,0,0,3,B,0.021,23,0.8695652173913043
estadisticos,SVM-RBF,0,0,0,3,IR,0.007,22,1.0
estadisticos,SVM-RBF,0,0,0,3,IR,0.014,22,1.0
estadisticos,SVM-RBF,0,0,0,3,IR,0.021,23,1.0
estadisticos,SVM-RBF,0,0,0,3,Normal,0.0,46,1.0
estadisticos,SVM-RBF,0,0,0,3,OR,0.007,23,1.0
estadisticos,SVM-RBF,0,0,0,3,OR,0.014,22,0.9090909090909092
estadisticos,SVM-RBF,0,0,0,3,OR,0.021,23,1.0
estadisticos,SVM-RBF,0,0,0,4,B,0.007,22,1.0
estadisticos,SVM-RBF,0,0,0,4,B,0.014,22,1.0
estadisticos,SVM-RBF,0,0,0,4,B,0.021,22,1.0
estadisticos,SVM-RBF,0,0,0,4,IR,0.007,22,1.0
estadisticos,SVM-RBF,0,0,0,4,IR,0.014,22,1.0
estadisticos,SVM-RBF,0,0,0,4,IR,0.021,22,1.0
estadisticos,SVM-RBF,0,0,0,4,Normal,0.0,46,1.0
estadisticos,SVM-RBF,0,0,0,4,OR,0.007,22,1.0
estadisticos,SVM-RBF,0,0,0,4,OR,0.014,22,0.4545454545454545
estadisticos,SVM-RBF,0,0,0,4,OR,0.021,22,1.0
estadisticos,SVM-RBF,0,1,1,0,B,0.007,24,1.0
estadisticos,SVM-RBF,0,1,1,0,B,0.014,24,1.0
estadisticos,SVM-RBF,0,1,1,0,B,0.021,24,1.0
estadisticos,SVM-RBF,0,1,1,0,IR,0.007,24,1.0
estadisticos,SVM-RBF,0,1,1,0,IR,0.014,24,0.0
estadisticos,SVM-RBF,0,1,1,0,IR,0.021,24,1.0
estadisticos,SVM-RBF,0,1,1,0,Normal,0.0,95,1.0
estadisticos,SVM-RBF,0,1,1,0,OR,0.007,24,1.0
estadisticos,SVM-RBF,0,1,1,0,OR,0.014,24,0.0
estadisticos,SVM-RBF,0,1,1,0,OR,0.021,24,1.0
estadisticos,SVM-RBF,0,1,1,1,B,0.007,22,1.0
estadisticos,SVM-RBF,0,1,1,1,B,0.014,23,1.0
estadisticos,SVM-RBF,0,1,1,1,B,0.021,22,1.0
estadisticos,SVM-RBF,0,1,1,1,IR,0.007,23,1.0
estadisticos,SVM-RBF,0,1,1,1,IR,0.014,22,0.0
estadisticos,SVM-RBF,0,1,1,1,IR,0.021,22,1.0
estadisticos,SVM-RBF,0,1,1,1,Normal,0.0,93,1.0
estadisticos,SVM-RBF,0,1,1,1,OR,0.007,23,0.8695652173913043
estadisticos,SVM-RBF,0,1,1,1,OR,0.014,23,0.0
estadisticos,SVM-RBF,0,1,1,1,OR,0.021,23,1.0
estadisticos,SVM-RBF,0,1,1,2,B,0.007,23,1.0
estadisticos,SVM-RBF,0,1,1,2,B,0.014,22,1.0
estadisticos,SVM-RBF,0,1,1,2,B,0.021,23,0.9565217391304348
estadisticos,SVM-RBF,0,1,1,2,IR,0.007,22,1.0
estadisticos,SVM-RBF,0,1,1,2,IR,0.014,23,0.0
estadisticos,SVM-RBF,0,1,1,2,IR,0.021,23,1.0
estadisticos,SVM-RBF,0,1,1,2,Normal,0.0,93,1.0
estadisticos,SVM-RBF,0,1,1,2,OR,0.007,22,0.8636363636363636
estadisticos,SVM-RBF,0,1,1,2,OR,0.014,22,0.0
estadisticos,SVM-RBF,0,1,1,2,OR,0.021,22,1.0
estadisticos,SVM-RBF,0,1,1,3,B,0.007,22,1.0
estadisticos,SVM-RBF,0,1,1,3,B,0.014,23,0.9565217391304348
estadisticos,SVM-RBF,0,1,1,3,B,0.021,22,0.9090909090909092
estadisticos,SVM-RBF,0,1,1,3,IR,0.007,23,1.0
estadisticos,SVM-RBF,0,1,1,3,IR,0.014,22,0.0
estadisticos,SVM-RBF,0,1,1,3,IR,0.021,22,1.0
estadisticos,SVM-RBF,0,1,1,3,Normal,0.0,93,1.0
estadisticos,SVM-RBF,0,1,1,3,OR,0.007,23,1.0
estadisticos,SVM-RBF,0,1,1,3,OR,0.014,23,0.0
estadisticos,SVM-RBF,0,1,1,3,OR,0.021,23,1.0
estadisticos,SVM-RBF,0,1,1,4,B,0.007,22,1.0
estadisticos,SVM-RBF,0,1,1,4,B,0.014,22,1.0
estadisticos,SVM-RBF,0,1,1,4,B,0.021,22,1.0
estadisticos,SVM-RBF,0,1,1,4,IR,0.007,22,1.0
estadisticos,SVM-RBF,0,1,1,4,IR,0.014,22,0.0
estadisticos,SVM-RBF,0,1,1,4,IR,0.021,22,1.0
estadisticos,SVM-RBF,0,1,1,4,Normal,0.0,93,0.978494623655914
estadisticos,SVM-RBF,0,1,1,4,OR,0.007,22,0.8636363636363636
estadisticos,SVM-RBF,0,1,1,4,OR,0.014,22,0.0
estadisticos,SVM-RBF,0,1,1,4,OR,0.021,22,1.0
estadisticos,SVM-RBF,0,2,2,0,B,0.007,24,1.0
estadisticos,SVM-RBF,0,2,2,0,B,0.014,24,1.0
estadisticos,SVM-RBF,0,2,2,0,B,0.021,24,1.0
estadisticos,SVM-RBF,0,2,2,0,IR,0.007,24,1.0
estadisticos,SVM-RBF,0,2,2,0,IR,0.014,24,0.0
estadisticos,SVM-RBF,0,2,2,0,IR,0.021,24,1.0
estadisticos,SVM-RBF,0,2,2,0,Normal,0.0,95,1.0
estadisticos,SVM-RBF,0,2,2,0,OR,0.007,24,0.2083333333333333
estadisticos,SVM-RBF,0,2,2,0,OR,0.014,24,0.0
estadisticos,SVM-RBF,0,2,2,0,OR,0.021,24,1.0
estadisticos,SVM-RBF,0,2,2,1,B,0.007,22,1.0
estadisticos,SVM-RBF,0,2,2,1,B,0.014,23,1.0
estadisticos,SVM-RBF,0,2,2,1,B,0.021,23,0.9565217391304348
estadisticos,SVM-RBF,0,2,2,1,IR,0.007,23,1.0
estadisticos,SVM-RBF,0,2,2,1,IR,0.014,22,0.0
estadisticos,SVM-RBF,0,2,2,1,IR,0.021,22,1.0
estadisticos,SVM-RBF,0,2,2,1,Normal,0.0,93,1.0
estadisticos,SVM-RBF,0,2,2,1,OR,0.007,22,0.1363636363636363
estadisticos,SVM-RBF,0,2,2,1,OR,0.014,22,0.0
estadisticos,SVM-RBF,0,2,2,1,OR,0.021,23,1.0
estadisticos,SVM-RBF,0,2,2,2,B,0.007,23,1.0
estadisticos,SVM-RBF,0,2,2,2,B,0.014,22,1.0
estadisticos,SVM-RBF,0,2,2,2,B,0.021,22,0.6818181818181818
estadisticos,SVM-RBF,0,2,2,2,IR,0.007,22,1.0
estadisticos,SVM-RBF,0,2,2,2,IR,0.014,23,0.0
estadisticos,SVM-RBF,0,2,2,2,IR,0.021,23,1.0
estadisticos,SVM-RBF,0,2,2,2,Normal,0.0,94,1.0
estadisticos,SVM-RBF,0,2,2,2,OR,0.007,23,0.391304347826087
estadisticos,SVM-RBF,0,2,2,2,OR,0.014,23,0.0434782608695652
estadisticos,SVM-RBF,0,2,2,2,OR,0.021,22,1.0
estadisticos,SVM-RBF,0,2,2,3,B,0.007,22,1.0
estadisticos,SVM-RBF,0,2,2,3,B,0.014,23,1.0
estadisticos,SVM-RBF,0,2,2,3,B,0.021,23,0.9130434782608696
estadisticos,SVM-RBF,0,2,2,3,IR,0.007,23,1.0
estadisticos,SVM-RBF,0,2,2,3,IR,0.014,22,0.0
estadisticos,SVM-RBF,0,2,2,3,IR,0.021,22,1.0
estadisticos,SVM-RBF,0,2,2,3,Normal,0.0,93,1.0
estadisticos,SVM-RBF,0,2,2,3,OR,0.007,22,0.5
estadisticos,SVM-RBF,0,2,2,3,OR,0.014,22,0.0
estadisticos,SVM-RBF,0,2,2,3,OR,0.021,23,1.0
estadisticos,SVM-RBF,0,2,2,4,B,0.007,22,1.0
estadisticos,SVM-RBF,0,2,2,4,B,0.014,22,1.0
estadisticos,SVM-RBF,0,2,2,4,B,0.021,22,1.0
estadisticos,SVM-RBF,0,2,2,4,IR,0.007,22,1.0
estadisticos,SVM-RBF,0,2,2,4,IR,0.014,22,0.0
estadisticos,SVM-RBF,0,2,2,4,IR,0.021,22,1.0
estadisticos,SVM-RBF,0,2,2,4,Normal,0.0,93,1.0
estadisticos,SVM-RBF,0,2,2,4,OR,0.007,22,0.3181818181818182
estadisticos,SVM-RBF,0,2,2,4,OR,0.014,22,0.0
estadisticos,SVM-RBF,0,2,2,4,OR,0.021,22,1.0
estadisticos,SVM-RBF,0,3,3,0,B,0.007,24,1.0
estadisticos,SVM-RBF,0,3,3,0,B,0.014,24,1.0
estadisticos,SVM-RBF,0,3,3,0,B,0.021,24,1.0
estadisticos,SVM-RBF,0,3,3,0,IR,0.007,24,1.0
estadisticos,SVM-RBF,0,3,3,0,IR,0.014,24,0.0
estadisticos,SVM-RBF,0,3,3,0,IR,0.021,24,1.0
estadisticos,SVM-RBF,0,3,3,0,Normal,0.0,95,0.9894736842105264
estadisticos,SVM-RBF,0,3,3,0,OR,0.007,24,0.875
estadisticos,SVM-RBF,0,3,3,0,OR,0.014,24,0.0
estadisticos,SVM-RBF,0,3,3,0,OR,0.021,24,1.0
estadisticos,SVM-RBF,0,3,3,1,B,0.007,22,1.0
estadisticos,SVM-RBF,0,3,3,1,B,0.014,23,1.0
estadisticos,SVM-RBF,0,3,3,1,B,0.021,23,1.0
estadisticos,SVM-RBF,0,3,3,1,IR,0.007,23,0.9565217391304348
estadisticos,SVM-RBF,0,3,3,1,IR,0.014,22,0.0
estadisticos,SVM-RBF,0,3,3,1,IR,0.021,23,1.0
estadisticos,SVM-RBF,0,3,3,1,Normal,0.0,94,1.0
estadisticos,SVM-RBF,0,3,3,1,OR,0.007,23,0.8695652173913043
estadisticos,SVM-RBF,0,3,3,1,OR,0.014,23,0.0
estadisticos,SVM-RBF,0,3,3,1,OR,0.021,23,0.9565217391304348
estadisticos,SVM-RBF,0,3,3,2,B,0.007,23,1.0
estadisticos,SVM-RBF,0,3,3,2,B,0.014,22,0.8636363636363636
estadisticos,SVM-RBF,0,3,3,2,B,0.021,22,0.9545454545454546
estadisticos,SVM-RBF,0,3,3,2,IR,0.007,23,0.9130434782608696
estadisticos,SVM-RBF,0,3,3,2,IR,0.014,23,0.0
estadisticos,SVM-RBF,0,3,3,2,IR,0.021,22,1.0
estadisticos,SVM-RBF,0,3,3,2,Normal,0.0,93,1.0
estadisticos,SVM-RBF,0,3,3,2,OR,0.007,22,0.8636363636363636
estadisticos,SVM-RBF,0,3,3,2,OR,0.014,22,0.0
estadisticos,SVM-RBF,0,3,3,2,OR,0.021,22,1.0
estadisticos,SVM-RBF,0,3,3,3,B,0.007,22,1.0
estadisticos,SVM-RBF,0,3,3,3,B,0.014,23,1.0
estadisticos,SVM-RBF,0,3,3,3,B,0.021,23,1.0
estadisticos,SVM-RBF,0,3,3,3,IR,0.007,23,1.0
estadisticos,SVM-RBF,0,3,3,3,IR,0.014,22,0.0
estadisticos,SVM-RBF,0,3,3,3,IR,0.021,23,1.0
estadisticos,SVM-RBF,0,3,3,3,Normal,0.0,94,1.0
estadisticos,SVM-RBF,0,3,3,3,OR,0.007,23,0.8260869565217391
estadisticos,SVM-RBF,0,3,3,3,OR,0.014,23,0.0
estadisticos,SVM-RBF,0,3,3,3,OR,0.021,23,1.0
estadisticos,SVM-RBF,0,3,3,4,B,0.007,22,1.0
estadisticos,SVM-RBF,0,3,3,4,B,0.014,22,0.7727272727272727
estadisticos,SVM-RBF,0,3,3,4,B,0.021,22,1.0
estadisticos,SVM-RBF,0,3,3,4,IR,0.007,22,1.0
estadisticos,SVM-RBF,0,3,3,4,IR,0.014,22,0.0
estadisticos,SVM-RBF,0,3,3,4,IR,0.021,22,1.0
estadisticos,SVM-RBF,0,3,3,4,Normal,0.0,93,1.0
estadisticos,SVM-RBF,0,3,3,4,OR,0.007,22,0.7727272727272727
estadisticos,SVM-RBF,0,3,3,4,OR,0.014,22,0.0
estadisticos,SVM-RBF,0,3,3,4,OR,0.021,22,1.0
estadisticos,SVM-RBF,1,0,1,0,B,0.007,24,0.0
estadisticos,SVM-RBF,1,0,1,0,B,0.014,24,0.7916666666666666
estadisticos,SVM-RBF,1,0,1,0,B,0.021,24,0.1666666666666666
estadisticos,SVM-RBF,1,0,1,0,IR,0.007,24,1.0
estadisticos,SVM-RBF,1,0,1,0,IR,0.014,24,0.0
estadisticos,SVM-RBF,1,0,1,0,IR,0.021,24,1.0
estadisticos,SVM-RBF,1,0,1,0,Normal,0.0,48,1.0
estadisticos,SVM-RBF,1,0,1,0,OR,0.007,24,1.0
estadisticos,SVM-RBF,1,0,1,0,OR,0.014,24,0.1666666666666666
estadisticos,SVM-RBF,1,0,1,0,OR,0.021,24,1.0
estadisticos,SVM-RBF,1,0,1,1,B,0.007,23,0.0
estadisticos,SVM-RBF,1,0,1,1,B,0.014,22,0.7272727272727273
estadisticos,SVM-RBF,1,0,1,1,B,0.021,23,0.0
estadisticos,SVM-RBF,1,0,1,1,IR,0.007,22,1.0
estadisticos,SVM-RBF,1,0,1,1,IR,0.014,22,0.0
estadisticos,SVM-RBF,1,0,1,1,IR,0.021,23,0.4782608695652174
estadisticos,SVM-RBF,1,0,1,1,Normal,0.0,46,1.0
estadisticos,SVM-RBF,1,0,1,1,OR,0.007,23,1.0
estadisticos,SVM-RBF,1,0,1,1,OR,0.014,22,0.0
estadisticos,SVM-RBF,1,0,1,1,OR,0.021,23,1.0
estadisticos,SVM-RBF,1,0,1,2,B,0.007,22,0.0
estadisticos,SVM-RBF,1,0,1,2,B,0.014,23,0.7391304347826086
estadisticos,SVM-RBF,1,0,1,2,B,0.021,22,0.0
estadisticos,SVM-RBF,1,0,1,2,IR,0.007,23,1.0
estadisticos,SVM-RBF,1,0,1,2,IR,0.014,23,0.0
estadisticos,SVM-RBF,1,0,1,2,IR,0.021,22,1.0
estadisticos,SVM-RBF,1,0,1,2,Normal,0.0,47,1.0
estadisticos,SVM-RBF,1,0,1,2,OR,0.007,22,1.0
estadisticos,SVM-RBF,1,0,1,2,OR,0.014,23,0.0
estadisticos,SVM-RBF,1,0,1,2,OR,0.021,22,1.0
estadisticos,SVM-RBF,1,0,1,3,B,0.007,23,0.0
estadisticos,SVM-RBF,1,0,1,3,B,0.014,22,0.5
estadisticos,SVM-RBF,1,0,1,3,B,0.021,23,0.0
estadisticos,SVM-RBF,1,0,1,3,IR,0.007,22,1.0
estadisticos,SVM-RBF,1,0,1,3,IR,0.014,22,0.0
estadisticos,SVM-RBF,1,0,1,3,IR,0.021,23,1.0
estadisticos,SVM-RBF,1,0,1,3,Normal,0.0,46,1.0
estadisticos,SVM-RBF,1,0,1,3,OR,0.007,23,1.0
estadisticos,SVM-RBF,1,0,1,3,OR,0.014,22,0.0
estadisticos,SVM-RBF,1,0,1,3,OR,0.021,23,1.0
estadisticos,SVM-RBF,1,0,1,4,B,0.007,22,0.0
estadisticos,SVM-RBF,1,0,1,4,B,0.014,22,0.8181818181818182
estadisticos,SVM-RBF,1,0,1,4,B,0.021,22,0.0
estadisticos,SVM-RBF,1,0,1,4,IR,0.007,22,1.0
estadisticos,SVM-RBF,1,0,1,4,IR,0.014,22,0.3181818181818182
estadisticos,SVM-RBF,1,0,1,4,IR,0.021,22,1.0
estadisticos,SVM-RBF,1,0,1,4,Normal,0.0,46,1.0
estadisticos,SVM-RBF,1,0,1,4,OR,0.007,22,1.0
estadisticos,SVM-RBF,1,0,1,4,OR,0.014,22,0.0
estadisticos,SVM-RBF,1,0,1,4,OR,0.021,22,1.0
estadisticos,SVM-RBF,1,1,0,0,B,0.007,24,1.0
estadisticos,SVM-RBF,1,1,0,0,B,0.014,24,1.0
estadisticos,SVM-RBF,1,1,0,0,B,0.021,24,1.0
estadisticos,SVM-RBF,1,1,0,0,IR,0.007,24,1.0
estadisticos,SVM-RBF,1,1,0,0,IR,0.014,24,1.0
estadisticos,SVM-RBF,1,1,0,0,IR,0.021,24,1.0
estadisticos,SVM-RBF,1,1,0,0,Normal,0.0,95,1.0
estadisticos,SVM-RBF,1,1,0,0,OR,0.007,24,1.0
estadisticos,SVM-RBF,1,1,0,0,OR,0.014,24,1.0
estadisticos,SVM-RBF,1,1,0,0,OR,0.021,24,1.0
estadisticos,SVM-RBF,1,1,0,1,B,0.007,22,1.0
estadisticos,SVM-RBF,1,1,0,1,B,0.014,23,1.0
estadisticos,SVM-RBF,1,1,0,1,B,0.021,22,1.0
estadisticos,SVM-RBF,1,1,0,1,IR,0.007,23,1.0
estadisticos,SVM-RBF,1,1,0,1,IR,0.014,22,1.0
estadisticos,SVM-RBF,1,1,0,1,IR,0.021,22,1.0
estadisticos,SVM-RBF,1,1,0,1,Normal,0.0,93,1.0
estadisticos,SVM-RBF,1,1,0,1,OR,0.007,23,1.0
estadisticos,SVM-RBF,1,1,0,1,OR,0.014,23,1.0
estadisticos,SVM-RBF,1,1,0,1,OR,0.021,23,1.0
estadisticos,SVM-RBF,1,1,0,2,B,0.007,23,1.0
estadisticos,SVM-RBF,1,1,0,2,B,0.014,22,1.0
estadisticos,SVM-RBF,1,1,0,2,B,0.021,23,1.0
estadisticos,SVM-RBF,1,1,0,2,IR,0.007,22,1.0
estadisticos,SVM-RBF,1,1,0,2,IR,0.014,23,1.0
estadisticos,SVM-RBF,1,1,0,2,IR,0.021,23,1.0
estadisticos,SVM-RBF,1,1,0,2,Normal,0.0,93,1.0
estadisticos,SVM-RBF,1,1,0,2,OR,0.007,22,1.0
estadisticos,SVM-RBF,1,1,0,2,OR,0.014,22,1.0
estadisticos,SVM-RBF,1,1,0,2,OR,0.021,22,1.0
estadisticos,SVM-RBF,1,1,0,3,B,0.007,22,1.0
estadisticos,SVM-RBF,1,1,0,3,B,0.014,23,0.9565217391304348
estadisticos,SVM-RBF,1,1,0,3,B,0.021,22,1.0
estadisticos,SVM-RBF,1,1,0,3,IR,0.007,23,1.0
estadisticos,SVM-RBF,1,1,0,3,IR,0.014,22,1.0
estadisticos,SVM-RBF,1,1,0,3,IR,0.021,22,1.0
estadisticos,SVM-RBF,1,1,0,3,Normal,0.0,93,1.0
estadisticos,SVM-RBF,1,1,0,3,OR,0.007,23,1.0
estadisticos,SVM-RBF,1,1,0,3,OR,0.014,23,1.0
estadisticos,SVM-RBF,1,1,0,3,OR,0.021,23,1.0
estadisticos,SVM-RBF,1,1,0,4,B,0.007,22,1.0
estadisticos,SVM-RBF,1,1,0,4,B,0.014,22,1.0
estadisticos,SVM-RBF,1,1,0,4,B,0.021,22,1.0
estadisticos,SVM-RBF,1,1,0,4,IR,0.007,22,1.0
estadisticos,SVM-RBF,1,1,0,4,IR,0.014,22,1.0
estadisticos,SVM-RBF,1,1,0,4,IR,0.021,22,1.0
estadisticos,SVM-RBF,1,1,0,4,Normal,0.0,93,1.0
estadisticos,SVM-RBF,1,1,0,4,OR,0.007,22,1.0
estadisticos,SVM-RBF,1,1,0,4,OR,0.014,22,1.0
estadisticos,SVM-RBF,1,1,0,4,OR,0.021,22,1.0
estadisticos,SVM-RBF,1,2,1,0,B,0.007,24,1.0
estadisticos,SVM-RBF,1,2,1,0,B,0.014,24,1.0
estadisticos,SVM-RBF,1,2,1,0,B,0.021,24,1.0
estadisticos,SVM-RBF,1,2,1,0,IR,0.007,24,1.0
estadisticos,SVM-RBF,1,2,1,0,IR,0.014,24,1.0
estadisticos,SVM-RBF,1,2,1,0,IR,0.021,24,1.0
estadisticos,SVM-RBF,1,2,1,0,Normal,0.0,95,1.0
estadisticos,SVM-RBF,1,2,1,0,OR,0.007,24,1.0
estadisticos,SVM-RBF,1,2,1,0,OR,0.014,24,1.0
estadisticos,SVM-RBF,1,2,1,0,OR,0.021,24,1.0
estadisticos,SVM-RBF,1,2,1,1,B,0.007,22,1.0
estadisticos,SVM-RBF,1,2,1,1,B,0.014,23,0.7391304347826086
estadisticos,SVM-RBF,1,2,1,1,B,0.021,23,1.0
estadisticos,SVM-RBF,1,2,1,1,IR,0.007,23,1.0
estadisticos,SVM-RBF,1,2,1,1,IR,0.014,22,1.0
estadisticos,SVM-RBF,1,2,1,1,IR,0.021,22,1.0
estadisticos,SVM-RBF,1,2,1,1,Normal,0.0,93,1.0
estadisticos,SVM-RBF,1,2,1,1,OR,0.007,22,1.0
estadisticos,SVM-RBF,1,2,1,1,OR,0.014,22,1.0
estadisticos,SVM-RBF,1,2,1,1,OR,0.021,23,1.0
estadisticos,SVM-RBF,1,2,1,2,B,0.007,23,1.0
estadisticos,SVM-RBF,1,2,1,2,B,0.014,22,0.8636363636363636
estadisticos,SVM-RBF,1,2,1,2,B,0.021,22,1.0
estadisticos,SVM-RBF,1,2,1,2,IR,0.007,22,1.0
estadisticos,SVM-RBF,1,2,1,2,IR,0.014,23,1.0
estadisticos,SVM-RBF,1,2,1,2,IR,0.021,23,1.0
estadisticos,SVM-RBF,1,2,1,2,Normal,0.0,94,1.0
estadisticos,SVM-RBF,1,2,1,2,OR,0.007,23,1.0
estadisticos,SVM-RBF,1,2,1,2,OR,0.014,23,0.8695652173913043
estadisticos,SVM-RBF,1,2,1,2,OR,0.021,22,1.0
estadisticos,SVM-RBF,1,2,1,3,B,0.007,22,1.0
estadisticos,SVM-RBF,1,2,1,3,B,0.014,23,0.9565217391304348
estadisticos,SVM-RBF,1,2,1,3,B,0.021,23,1.0
estadisticos,SVM-RBF,1,2,1,3,IR,0.007,23,1.0
estadisticos,SVM-RBF,1,2,1,3,IR,0.014,22,1.0
estadisticos,SVM-RBF,1,2,1,3,IR,0.021,22,0.9545454545454546
estadisticos,SVM-RBF,1,2,1,3,Normal,0.0,93,1.0
estadisticos,SVM-RBF,1,2,1,3,OR,0.007,22,1.0
estadisticos,SVM-RBF,1,2,1,3,OR,0.014,22,1.0
estadisticos,SVM-RBF,1,2,1,3,OR,0.021,23,1.0
estadisticos,SVM-RBF,1,2,1,4,B,0.007,22,1.0
estadisticos,SVM-RBF,1,2,1,4,B,0.014,22,0.8636363636363636
estadisticos,SVM-RBF,1,2,1,4,B,0.021,22,0.9545454545454546
estadisticos,SVM-RBF,1,2,1,4,IR,0.007,22,1.0
estadisticos,SVM-RBF,1,2,1,4,IR,0.014,22,1.0
estadisticos,SVM-RBF,1,2,1,4,IR,0.021,22,1.0
estadisticos,SVM-RBF,1,2,1,4,Normal,0.0,93,1.0
estadisticos,SVM-RBF,1,2,1,4,OR,0.007,22,1.0
estadisticos,SVM-RBF,1,2,1,4,OR,0.014,22,1.0
estadisticos,SVM-RBF,1,2,1,4,OR,0.021,22,1.0
estadisticos,SVM-RBF,1,3,2,0,B,0.007,24,1.0
estadisticos,SVM-RBF,1,3,2,0,B,0.014,24,0.875
estadisticos,SVM-RBF,1,3,2,0,B,0.021,24,1.0
estadisticos,SVM-RBF,1,3,2,0,IR,0.007,24,1.0
estadisticos,SVM-RBF,1,3,2,0,IR,0.014,24,0.9166666666666666
estadisticos,SVM-RBF,1,3,2,0,IR,0.021,24,1.0
estadisticos,SVM-RBF,1,3,2,0,Normal,0.0,95,1.0
estadisticos,SVM-RBF,1,3,2,0,OR,0.007,24,1.0
estadisticos,SVM-RBF,1,3,2,0,OR,0.014,24,0.9166666666666666
estadisticos,SVM-RBF,1,3,2,0,OR,0.021,24,1.0
estadisticos,SVM-RBF,1,3,2,1,B,0.007,22,1.0
estadisticos,SVM-RBF,1,3,2,1,B,0.014,23,0.782608695652174
estadisticos,SVM-RBF,1,3,2,1,B,0.021,23,1.0
estadisticos,SVM-RBF,1,3,2,1,IR,0.007,23,1.0
estadisticos,SVM-RBF,1,3,2,1,IR,0.014,22,0.9545454545454546
estadisticos,SVM-RBF,1,3,2,1,IR,0.021,23,1.0
estadisticos,SVM-RBF,1,3,2,1,Normal,0.0,94,0.9893617021276596
estadisticos,SVM-RBF,1,3,2,1,OR,0.007,23,1.0
estadisticos,SVM-RBF,1,3,2,1,OR,0.014,23,0.8260869565217391
estadisticos,SVM-RBF,1,3,2,1,OR,0.021,23,1.0
estadisticos,SVM-RBF,1,3,2,2,B,0.007,23,1.0
estadisticos,SVM-RBF,1,3,2,2,B,0.014,22,0.5
estadisticos,SVM-RBF,1,3,2,2,B,0.021,22,1.0
estadisticos,SVM-RBF,1,3,2,2,IR,0.007,23,1.0
estadisticos,SVM-RBF,1,3,2,2,IR,0.014,23,0.9565217391304348
estadisticos,SVM-RBF,1,3,2,2,IR,0.021,22,1.0
estadisticos,SVM-RBF,1,3,2,2,Normal,0.0,93,1.0
estadisticos,SVM-RBF,1,3,2,2,OR,0.007,22,1.0
estadisticos,SVM-RBF,1,3,2,2,OR,0.014,22,0.9090909090909092
estadisticos,SVM-RBF,1,3,2,2,OR,0.021,22,1.0
estadisticos,SVM-RBF,1,3,2,3,B,0.007,22,1.0
estadisticos,SVM-RBF,1,3,2,3,B,0.014,23,1.0
estadisticos,SVM-RBF,1,3,2,3,B,0.021,23,1.0
estadisticos,SVM-RBF,1,3,2,3,IR,0.007,23,1.0
estadisticos,SVM-RBF,1,3,2,3,IR,0.014,22,1.0
estadisticos,SVM-RBF,1,3,2,3,IR,0.021,23,1.0
estadisticos,SVM-RBF,1,3,2,3,Normal,0.0,94,1.0
estadisticos,SVM-RBF,1,3,2,3,OR,0.007,23,1.0
estadisticos,SVM-RBF,1,3,2,3,OR,0.014,23,0.782608695652174
estadisticos,SVM-RBF,1,3,2,3,OR,0.021,23,1.0
estadisticos,SVM-RBF,1,3,2,4,B,0.007,22,1.0
estadisticos,SVM-RBF,1,3,2,4,B,0.014,22,0.7727272727272727
estadisticos,SVM-RBF,1,3,2,4,B,0.021,22,1.0
estadisticos,SVM-RBF,1,3,2,4,IR,0.007,22,1.0
estadisticos,SVM-RBF,1,3,2,4,IR,0.014,22,0.9090909090909092
estadisticos,SVM-RBF,1,3,2,4,IR,0.021,22,1.0
estadisticos,SVM-RBF,1,3,2,4,Normal,0.0,93,1.0
estadisticos,SVM-RBF,1,3,2,4,OR,0.007,22,1.0
estadisticos,SVM-RBF,1,3,2,4,OR,0.014,22,1.0
estadisticos,SVM-RBF,1,3,2,4,OR,0.021,22,1.0
estadisticos,SVM-RBF,2,0,2,0,B,0.007,24,0.0
estadisticos,SVM-RBF,2,0,2,0,B,0.014,24,0.8333333333333334
estadisticos,SVM-RBF,2,0,2,0,B,0.021,24,0.125
estadisticos,SVM-RBF,2,0,2,0,IR,0.007,24,1.0
estadisticos,SVM-RBF,2,0,2,0,IR,0.014,24,0.0
estadisticos,SVM-RBF,2,0,2,0,IR,0.021,24,0.9166666666666666
estadisticos,SVM-RBF,2,0,2,0,Normal,0.0,48,1.0
estadisticos,SVM-RBF,2,0,2,0,OR,0.007,24,1.0
estadisticos,SVM-RBF,2,0,2,0,OR,0.014,24,0.1666666666666666
estadisticos,SVM-RBF,2,0,2,0,OR,0.021,24,1.0
estadisticos,SVM-RBF,2,0,2,1,B,0.007,23,0.0
estadisticos,SVM-RBF,2,0,2,1,B,0.014,22,0.8181818181818182
estadisticos,SVM-RBF,2,0,2,1,B,0.021,23,0.3043478260869565
estadisticos,SVM-RBF,2,0,2,1,IR,0.007,22,1.0
estadisticos,SVM-RBF,2,0,2,1,IR,0.014,22,0.0
estadisticos,SVM-RBF,2,0,2,1,IR,0.021,23,0.1739130434782608
estadisticos,SVM-RBF,2,0,2,1,Normal,0.0,46,1.0
estadisticos,SVM-RBF,2,0,2,1,OR,0.007,23,1.0
estadisticos,SVM-RBF,2,0,2,1,OR,0.014,22,0.0
estadisticos,SVM-RBF,2,0,2,1,OR,0.021,23,1.0
estadisticos,SVM-RBF,2,0,2,2,B,0.007,22,0.0
estadisticos,SVM-RBF,2,0,2,2,B,0.014,23,0.8695652173913043
estadisticos,SVM-RBF,2,0,2,2,B,0.021,22,0.7272727272727273
estadisticos,SVM-RBF,2,0,2,2,IR,0.007,23,1.0
estadisticos,SVM-RBF,2,0,2,2,IR,0.014,23,0.0
estadisticos,SVM-RBF,2,0,2,2,IR,0.021,22,1.0
estadisticos,SVM-RBF,2,0,2,2,Normal,0.0,47,1.0
estadisticos,SVM-RBF,2,0,2,2,OR,0.007,22,1.0
estadisticos,SVM-RBF,2,0,2,2,OR,0.014,23,0.0
estadisticos,SVM-RBF,2,0,2,2,OR,0.021,22,1.0
estadisticos,SVM-RBF,2,0,2,3,B,0.007,23,0.0
estadisticos,SVM-RBF,2,0,2,3,B,0.014,22,0.7727272727272727
estadisticos,SVM-RBF,2,0,2,3,B,0.021,23,0.1304347826086956
estadisticos,SVM-RBF,2,0,2,3,IR,0.007,22,1.0
estadisticos,SVM-RBF,2,0,2,3,IR,0.014,22,0.0
estadisticos,SVM-RBF,2,0,2,3,IR,0.021,23,1.0
estadisticos,SVM-RBF,2,0,2,3,Normal,0.0,46,1.0
estadisticos,SVM-RBF,2,0,2,3,OR,0.007,23,1.0
estadisticos,SVM-RBF,2,0,2,3,OR,0.014,22,0.0
estadisticos,SVM-RBF,2,0,2,3,OR,0.021,23,1.0
estadisticos,SVM-RBF,2,0,2,4,B,0.007,22,0.0
estadisticos,SVM-RBF,2,0,2,4,B,0.014,22,1.0
estadisticos,SVM-RBF,2,0,2,4,B,0.021,22,0.0
estadisticos,SVM-RBF,2,0,2,4,IR,0.007,22,1.0
estadisticos,SVM-RBF,2,0,2,4,IR,0.014,22,0.0909090909090909
estadisticos,SVM-RBF,2,0,2,4,IR,0.021,22,1.0
estadisticos,SVM-RBF,2,0,2,4,Normal,0.0,46,1.0
estadisticos,SVM-RBF,2,0,2,4,OR,0.007,22,1.0
estadisticos,SVM-RBF,2,0,2,4,OR,0.014,22,0.0
estadisticos,SVM-RBF,2,0,2,4,OR,0.021,22,1.0
estadisticos,SVM-RBF,2,1,1,0,B,0.007,24,1.0
estadisticos,SVM-RBF,2,1,1,0,B,0.014,24,0.9583333333333334
estadisticos,SVM-RBF,2,1,1,0,B,0.021,24,1.0
estadisticos,SVM-RBF,2,1,1,0,IR,0.007,24,1.0
estadisticos,SVM-RBF,2,1,1,0,IR,0.014,24,1.0
estadisticos,SVM-RBF,2,1,1,0,IR,0.021,24,1.0
estadisticos,SVM-RBF,2,1,1,0,Normal,0.0,95,1.0
estadisticos,SVM-RBF,2,1,1,0,OR,0.007,24,1.0
estadisticos,SVM-RBF,2,1,1,0,OR,0.014,24,1.0
estadisticos,SVM-RBF,2,1,1,0,OR,0.021,24,1.0
estadisticos,SVM-RBF,2,1,1,1,B,0.007,22,0.9090909090909092
estadisticos,SVM-RBF,2,1,1,1,B,0.014,23,0.9565217391304348
estadisticos,SVM-RBF,2,1,1,1,B,0.021,22,1.0
estadisticos,SVM-RBF,2,1,1,1,IR,0.007,23,1.0
estadisticos,SVM-RBF,2,1,1,1,IR,0.014,22,1.0
estadisticos,SVM-RBF,2,1,1,1,IR,0.021,22,1.0
estadisticos,SVM-RBF,2,1,1,1,Normal,0.0,93,1.0
estadisticos,SVM-RBF,2,1,1,1,OR,0.007,23,1.0
estadisticos,SVM-RBF,2,1,1,1,OR,0.014,23,1.0
estadisticos,SVM-RBF,2,1,1,1,OR,0.021,23,1.0
estadisticos,SVM-RBF,2,1,1,2,B,0.007,23,1.0
estadisticos,SVM-RBF,2,1,1,2,B,0.014,22,1.0
estadisticos,SVM-RBF,2,1,1,2,B,0.021,23,0.9565217391304348
estadisticos,SVM-RBF,2,1,1,2,IR,0.007,22,1.0
estadisticos,SVM-RBF,2,1,1,2,IR,0.014,23,1.0
estadisticos,SVM-RBF,2,1,1,2,IR,0.021,23,1.0
estadisticos,SVM-RBF,2,1,1,2,Normal,0.0,93,0.989247311827957
estadisticos,SVM-RBF,2,1,1,2,OR,0.007,22,1.0
estadisticos,SVM-RBF,2,1,1,2,OR,0.014,22,1.0
estadisticos,SVM-RBF,2,1,1,2,OR,0.021,22,1.0
estadisticos,SVM-RBF,2,1,1,3,B,0.007,22,1.0
estadisticos,SVM-RBF,2,1,1,3,B,0.014,23,1.0
estadisticos,SVM-RBF,2,1,1,3,B,0.021,22,1.0
estadisticos,SVM-RBF,2,1,1,3,IR,0.007,23,1.0
estadisticos,SVM-RBF,2,1,1,3,IR,0.014,22,1.0
estadisticos,SVM-RBF,2,1,1,3,IR,0.021,22,1.0
estadisticos,SVM-RBF,2,1,1,3,Normal,0.0,93,1.0
estadisticos,SVM-RBF,2,1,1,3,OR,0.007,23,1.0
estadisticos,SVM-RBF,2,1,1,3,OR,0.014,23,1.0
estadisticos,SVM-RBF,2,1,1,3,OR,0.021,23,1.0
estadisticos,SVM-RBF,2,1,1,4,B,0.007,22,1.0
estadisticos,SVM-RBF,2,1,1,4,B,0.014,22,1.0
estadisticos,SVM-RBF,2,1,1,4,B,0.021,22,0.7272727272727273
estadisticos,SVM-RBF,2,1,1,4,IR,0.007,22,1.0
estadisticos,SVM-RBF,2,1,1,4,IR,0.014,22,1.0
estadisticos,SVM-RBF,2,1,1,4,IR,0.021,22,1.0
estadisticos,SVM-RBF,2,1,1,4,Normal,0.0,93,1.0
estadisticos,SVM-RBF,2,1,1,4,OR,0.007,22,1.0
estadisticos,SVM-RBF,2,1,1,4,OR,0.014,22,1.0
estadisticos,SVM-RBF,2,1,1,4,OR,0.021,22,1.0
estadisticos,SVM-RBF,2,2,0,0,B,0.007,24,1.0
estadisticos,SVM-RBF,2,2,0,0,B,0.014,24,1.0
estadisticos,SVM-RBF,2,2,0,0,B,0.021,24,1.0
estadisticos,SVM-RBF,2,2,0,0,IR,0.007,24,1.0
estadisticos,SVM-RBF,2,2,0,0,IR,0.014,24,1.0
estadisticos,SVM-RBF,2,2,0,0,IR,0.021,24,1.0
estadisticos,SVM-RBF,2,2,0,0,Normal,0.0,95,1.0
estadisticos,SVM-RBF,2,2,0,0,OR,0.007,24,1.0
estadisticos,SVM-RBF,2,2,0,0,OR,0.014,24,1.0
estadisticos,SVM-RBF,2,2,0,0,OR,0.021,24,1.0
estadisticos,SVM-RBF,2,2,0,1,B,0.007,22,1.0
estadisticos,SVM-RBF,2,2,0,1,B,0.014,23,0.9130434782608696
estadisticos,SVM-RBF,2,2,0,1,B,0.021,23,1.0
estadisticos,SVM-RBF,2,2,0,1,IR,0.007,23,1.0
estadisticos,SVM-RBF,2,2,0,1,IR,0.014,22,1.0
estadisticos,SVM-RBF,2,2,0,1,IR,0.021,22,1.0
estadisticos,SVM-RBF,2,2,0,1,Normal,0.0,93,1.0
estadisticos,SVM-RBF,2,2,0,1,OR,0.007,22,1.0
estadisticos,SVM-RBF,2,2,0,1,OR,0.014,22,1.0
estadisticos,SVM-RBF,2,2,0,1,OR,0.021,23,1.0
estadisticos,SVM-RBF,2,2,0,2,B,0.007,23,1.0
estadisticos,SVM-RBF,2,2,0,2,B,0.014,22,1.0
estadisticos,SVM-RBF,2,2,0,2,B,0.021,22,1.0
estadisticos,SVM-RBF,2,2,0,2,IR,0.007,22,1.0
estadisticos,SVM-RBF,2,2,0,2,IR,0.014,23,1.0
estadisticos,SVM-RBF,2,2,0,2,IR,0.021,23,1.0
estadisticos,SVM-RBF,2,2,0,2,Normal,0.0,94,1.0
estadisticos,SVM-RBF,2,2,0,2,OR,0.007,23,1.0
estadisticos,SVM-RBF,2,2,0,2,OR,0.014,23,0.9565217391304348
estadisticos,SVM-RBF,2,2,0,2,OR,0.021,22,1.0
estadisticos,SVM-RBF,2,2,0,3,B,0.007,22,1.0
estadisticos,SVM-RBF,2,2,0,3,B,0.014,23,1.0
estadisticos,SVM-RBF,2,2,0,3,B,0.021,23,1.0
estadisticos,SVM-RBF,2,2,0,3,IR,0.007,23,1.0
estadisticos,SVM-RBF,2,2,0,3,IR,0.014,22,1.0
estadisticos,SVM-RBF,2,2,0,3,IR,0.021,22,1.0
estadisticos,SVM-RBF,2,2,0,3,Normal,0.0,93,1.0
estadisticos,SVM-RBF,2,2,0,3,OR,0.007,22,1.0
estadisticos,SVM-RBF,2,2,0,3,OR,0.014,22,1.0
estadisticos,SVM-RBF,2,2,0,3,OR,0.021,23,1.0
estadisticos,SVM-RBF,2,2,0,4,B,0.007,22,1.0
estadisticos,SVM-RBF,2,2,0,4,B,0.014,22,1.0
estadisticos,SVM-RBF,2,2,0,4,B,0.021,22,0.9545454545454546
estadisticos,SVM-RBF,2,2,0,4,IR,0.007,22,1.0
estadisticos,SVM-RBF,2,2,0,4,IR,0.014,22,1.0
estadisticos,SVM-RBF,2,2,0,4,IR,0.021,22,1.0
estadisticos,SVM-RBF,2,2,0,4,Normal,0.0,93,1.0
estadisticos,SVM-RBF,2,2,0,4,OR,0.007,22,1.0
estadisticos,SVM-RBF,2,2,0,4,OR,0.014,22,1.0
estadisticos,SVM-RBF,2,2,0,4,OR,0.021,22,1.0
estadisticos,SVM-RBF,2,3,1,0,B,0.007,24,1.0
estadisticos,SVM-RBF,2,3,1,0,B,0.014,24,1.0
estadisticos,SVM-RBF,2,3,1,0,B,0.021,24,1.0
estadisticos,SVM-RBF,2,3,1,0,IR,0.007,24,1.0
estadisticos,SVM-RBF,2,3,1,0,IR,0.014,24,0.9583333333333334
estadisticos,SVM-RBF,2,3,1,0,IR,0.021,24,1.0
estadisticos,SVM-RBF,2,3,1,0,Normal,0.0,95,1.0
estadisticos,SVM-RBF,2,3,1,0,OR,0.007,24,1.0
estadisticos,SVM-RBF,2,3,1,0,OR,0.014,24,0.9166666666666666
estadisticos,SVM-RBF,2,3,1,0,OR,0.021,24,1.0
estadisticos,SVM-RBF,2,3,1,1,B,0.007,22,1.0
estadisticos,SVM-RBF,2,3,1,1,B,0.014,23,0.8695652173913043
estadisticos,SVM-RBF,2,3,1,1,B,0.021,23,1.0
estadisticos,SVM-RBF,2,3,1,1,IR,0.007,23,1.0
estadisticos,SVM-RBF,2,3,1,1,IR,0.014,22,1.0
estadisticos,SVM-RBF,2,3,1,1,IR,0.021,23,1.0
estadisticos,SVM-RBF,2,3,1,1,Normal,0.0,94,0.946808510638298
estadisticos,SVM-RBF,2,3,1,1,OR,0.007,23,1.0
estadisticos,SVM-RBF,2,3,1,1,OR,0.014,23,0.9130434782608696
estadisticos,SVM-RBF,2,3,1,1,OR,0.021,23,1.0
estadisticos,SVM-RBF,2,3,1,2,B,0.007,23,1.0
estadisticos,SVM-RBF,2,3,1,2,B,0.014,22,0.8636363636363636
estadisticos,SVM-RBF,2,3,1,2,B,0.021,22,1.0
estadisticos,SVM-RBF,2,3,1,2,IR,0.007,23,1.0
estadisticos,SVM-RBF,2,3,1,2,IR,0.014,23,0.8695652173913043
estadisticos,SVM-RBF,2,3,1,2,IR,0.021,22,1.0
estadisticos,SVM-RBF,2,3,1,2,Normal,0.0,93,1.0
estadisticos,SVM-RBF,2,3,1,2,OR,0.007,22,1.0
estadisticos,SVM-RBF,2,3,1,2,OR,0.014,22,0.9090909090909092
estadisticos,SVM-RBF,2,3,1,2,OR,0.021,22,1.0
estadisticos,SVM-RBF,2,3,1,3,B,0.007,22,1.0
estadisticos,SVM-RBF,2,3,1,3,B,0.014,23,1.0
estadisticos,SVM-RBF,2,3,1,3,B,0.021,23,1.0
estadisticos,SVM-RBF,2,3,1,3,IR,0.007,23,1.0
estadisticos,SVM-RBF,2,3,1,3,IR,0.014,22,0.9545454545454546
estadisticos,SVM-RBF,2,3,1,3,IR,0.021,23,1.0
estadisticos,SVM-RBF,2,3,1,3,Normal,0.0,94,1.0
estadisticos,SVM-RBF,2,3,1,3,OR,0.007,23,1.0
estadisticos,SVM-RBF,2,3,1,3,OR,0.014,23,0.9565217391304348
estadisticos,SVM-RBF,2,3,1,3,OR,0.021,23,1.0
estadisticos,SVM-RBF,2,3,1,4,B,0.007,22,1.0
estadisticos,SVM-RBF,2,3,1,4,B,0.014,22,0.9545454545454546
estadisticos,SVM-RBF,2,3,1,4,B,0.021,22,1.0
estadisticos,SVM-RBF,2,3,1,4,IR,0.007,22,1.0
estadisticos,SVM-RBF,2,3,1,4,IR,0.014,22,1.0
estadisticos,SVM-RBF,2,3,1,4,IR,0.021,22,1.0
estadisticos,SVM-RBF,2,3,1,4,Normal,0.0,93,1.0
estadisticos,SVM-RBF,2,3,1,4,OR,0.007,22,1.0
estadisticos,SVM-RBF,2,3,1,4,OR,0.014,22,1.0
estadisticos,SVM-RBF,2,3,1,4,OR,0.021,22,1.0
estadisticos,SVM-RBF,3,0,3,0,B,0.007,24,0.0
estadisticos,SVM-RBF,3,0,3,0,B,0.014,24,0.8333333333333334
estadisticos,SVM-RBF,3,0,3,0,B,0.021,24,0.125
estadisticos,SVM-RBF,3,0,3,0,IR,0.007,24,0.0416666666666666
estadisticos,SVM-RBF,3,0,3,0,IR,0.014,24,0.0
estadisticos,SVM-RBF,3,0,3,0,IR,0.021,24,0.2916666666666667
estadisticos,SVM-RBF,3,0,3,0,Normal,0.0,48,1.0
estadisticos,SVM-RBF,3,0,3,0,OR,0.007,24,1.0
estadisticos,SVM-RBF,3,0,3,0,OR,0.014,24,0.0833333333333333
estadisticos,SVM-RBF,3,0,3,0,OR,0.021,24,1.0
estadisticos,SVM-RBF,3,0,3,1,B,0.007,23,0.0
estadisticos,SVM-RBF,3,0,3,1,B,0.014,22,0.8181818181818182
estadisticos,SVM-RBF,3,0,3,1,B,0.021,23,0.4347826086956521
estadisticos,SVM-RBF,3,0,3,1,IR,0.007,22,0.0
estadisticos,SVM-RBF,3,0,3,1,IR,0.014,22,0.0
estadisticos,SVM-RBF,3,0,3,1,IR,0.021,23,0.0
estadisticos,SVM-RBF,3,0,3,1,Normal,0.0,46,1.0
estadisticos,SVM-RBF,3,0,3,1,OR,0.007,23,1.0
estadisticos,SVM-RBF,3,0,3,1,OR,0.014,22,0.0
estadisticos,SVM-RBF,3,0,3,1,OR,0.021,23,1.0
estadisticos,SVM-RBF,3,0,3,2,B,0.007,22,0.0
estadisticos,SVM-RBF,3,0,3,2,B,0.014,23,0.9130434782608696
estadisticos,SVM-RBF,3,0,3,2,B,0.021,22,0.6363636363636364
estadisticos,SVM-RBF,3,0,3,2,IR,0.007,23,0.0434782608695652
estadisticos,SVM-RBF,3,0,3,2,IR,0.014,23,0.0
estadisticos,SVM-RBF,3,0,3,2,IR,0.021,22,0.5909090909090909
estadisticos,SVM-RBF,3,0,3,2,Normal,0.0,47,1.0
estadisticos,SVM-RBF,3,0,3,2,OR,0.007,22,1.0
estadisticos,SVM-RBF,3,0,3,2,OR,0.014,23,0.0
estadisticos,SVM-RBF,3,0,3,2,OR,0.021,22,1.0
estadisticos,SVM-RBF,3,0,3,3,B,0.007,23,0.0
estadisticos,SVM-RBF,3,0,3,3,B,0.014,22,0.8181818181818182
estadisticos,SVM-RBF,3,0,3,3,B,0.021,23,0.1304347826086956
estadisticos,SVM-RBF,3,0,3,3,IR,0.007,22,0.0
estadisticos,SVM-RBF,3,0,3,3,IR,0.014,22,0.0
estadisticos,SVM-RBF,3,0,3,3,IR,0.021,23,1.0
estadisticos,SVM-RBF,3,0,3,3,Normal,0.0,46,1.0
estadisticos,SVM-RBF,3,0,3,3,OR,0.007,23,1.0
estadisticos,SVM-RBF,3,0,3,3,OR,0.014,22,0.0
estadisticos,SVM-RBF,3,0,3,3,OR,0.021,23,1.0
estadisticos,SVM-RBF,3,0,3,4,B,0.007,22,0.0
estadisticos,SVM-RBF,3,0,3,4,B,0.014,22,0.9545454545454546
estadisticos,SVM-RBF,3,0,3,4,B,0.021,22,0.0
estadisticos,SVM-RBF,3,0,3,4,IR,0.007,22,0.0
estadisticos,SVM-RBF,3,0,3,4,IR,0.014,22,0.0
estadisticos,SVM-RBF,3,0,3,4,IR,0.021,22,1.0
estadisticos,SVM-RBF,3,0,3,4,Normal,0.0,46,1.0
estadisticos,SVM-RBF,3,0,3,4,OR,0.007,22,1.0
estadisticos,SVM-RBF,3,0,3,4,OR,0.014,22,0.0
estadisticos,SVM-RBF,3,0,3,4,OR,0.021,22,1.0
estadisticos,SVM-RBF,3,1,2,0,B,0.007,24,1.0
estadisticos,SVM-RBF,3,1,2,0,B,0.014,24,0.9583333333333334
estadisticos,SVM-RBF,3,1,2,0,B,0.021,24,0.9166666666666666
estadisticos,SVM-RBF,3,1,2,0,IR,0.007,24,1.0
estadisticos,SVM-RBF,3,1,2,0,IR,0.014,24,0.9583333333333334
estadisticos,SVM-RBF,3,1,2,0,IR,0.021,24,1.0
estadisticos,SVM-RBF,3,1,2,0,Normal,0.0,95,1.0
estadisticos,SVM-RBF,3,1,2,0,OR,0.007,24,1.0
estadisticos,SVM-RBF,3,1,2,0,OR,0.014,24,1.0
estadisticos,SVM-RBF,3,1,2,0,OR,0.021,24,1.0
estadisticos,SVM-RBF,3,1,2,1,B,0.007,22,1.0
estadisticos,SVM-RBF,3,1,2,1,B,0.014,23,1.0
estadisticos,SVM-RBF,3,1,2,1,B,0.021,22,1.0
estadisticos,SVM-RBF,3,1,2,1,IR,0.007,23,1.0
estadisticos,SVM-RBF,3,1,2,1,IR,0.014,22,1.0
estadisticos,SVM-RBF,3,1,2,1,IR,0.021,22,1.0
estadisticos,SVM-RBF,3,1,2,1,Normal,0.0,93,1.0
estadisticos,SVM-RBF,3,1,2,1,OR,0.007,23,1.0
estadisticos,SVM-RBF,3,1,2,1,OR,0.014,23,1.0
estadisticos,SVM-RBF,3,1,2,1,OR,0.021,23,1.0
estadisticos,SVM-RBF,3,1,2,2,B,0.007,23,1.0
estadisticos,SVM-RBF,3,1,2,2,B,0.014,22,1.0
estadisticos,SVM-RBF,3,1,2,2,B,0.021,23,0.9565217391304348
estadisticos,SVM-RBF,3,1,2,2,IR,0.007,22,1.0
estadisticos,SVM-RBF,3,1,2,2,IR,0.014,23,1.0
estadisticos,SVM-RBF,3,1,2,2,IR,0.021,23,1.0
estadisticos,SVM-RBF,3,1,2,2,Normal,0.0,93,1.0
estadisticos,SVM-RBF,3,1,2,2,OR,0.007,22,1.0
estadisticos,SVM-RBF,3,1,2,2,OR,0.014,22,1.0
estadisticos,SVM-RBF,3,1,2,2,OR,0.021,22,1.0
estadisticos,SVM-RBF,3,1,2,3,B,0.007,22,1.0
estadisticos,SVM-RBF,3,1,2,3,B,0.014,23,1.0
estadisticos,SVM-RBF,3,1,2,3,B,0.021,22,0.9090909090909092
estadisticos,SVM-RBF,3,1,2,3,IR,0.007,23,1.0
estadisticos,SVM-RBF,3,1,2,3,IR,0.014,22,1.0
estadisticos,SVM-RBF,3,1,2,3,IR,0.021,22,1.0
estadisticos,SVM-RBF,3,1,2,3,Normal,0.0,93,1.0
estadisticos,SVM-RBF,3,1,2,3,OR,0.007,23,1.0
estadisticos,SVM-RBF,3,1,2,3,OR,0.014,23,1.0
estadisticos,SVM-RBF,3,1,2,3,OR,0.021,23,1.0
estadisticos,SVM-RBF,3,1,2,4,B,0.007,22,1.0
estadisticos,SVM-RBF,3,1,2,4,B,0.014,22,1.0
estadisticos,SVM-RBF,3,1,2,4,B,0.021,22,0.8636363636363636
estadisticos,SVM-RBF,3,1,2,4,IR,0.007,22,1.0
estadisticos,SVM-RBF,3,1,2,4,IR,0.014,22,1.0
estadisticos,SVM-RBF,3,1,2,4,IR,0.021,22,1.0
estadisticos,SVM-RBF,3,1,2,4,Normal,0.0,93,1.0
estadisticos,SVM-RBF,3,1,2,4,OR,0.007,22,1.0
estadisticos,SVM-RBF,3,1,2,4,OR,0.014,22,0.7727272727272727
estadisticos,SVM-RBF,3,1,2,4,OR,0.021,22,1.0
estadisticos,SVM-RBF,3,2,1,0,B,0.007,24,1.0
estadisticos,SVM-RBF,3,2,1,0,B,0.014,24,1.0
estadisticos,SVM-RBF,3,2,1,0,B,0.021,24,1.0
estadisticos,SVM-RBF,3,2,1,0,IR,0.007,24,1.0
estadisticos,SVM-RBF,3,2,1,0,IR,0.014,24,1.0
estadisticos,SVM-RBF,3,2,1,0,IR,0.021,24,1.0
estadisticos,SVM-RBF,3,2,1,0,Normal,0.0,95,1.0
estadisticos,SVM-RBF,3,2,1,0,OR,0.007,24,1.0
estadisticos,SVM-RBF,3,2,1,0,OR,0.014,24,1.0
estadisticos,SVM-RBF,3,2,1,0,OR,0.021,24,1.0
estadisticos,SVM-RBF,3,2,1,1,B,0.007,22,1.0
estadisticos,SVM-RBF,3,2,1,1,B,0.014,23,0.9130434782608696
estadisticos,SVM-RBF,3,2,1,1,B,0.021,23,1.0
estadisticos,SVM-RBF,3,2,1,1,IR,0.007,23,1.0
estadisticos,SVM-RBF,3,2,1,1,IR,0.014,22,1.0
estadisticos,SVM-RBF,3,2,1,1,IR,0.021,22,1.0
estadisticos,SVM-RBF,3,2,1,1,Normal,0.0,93,1.0
estadisticos,SVM-RBF,3,2,1,1,OR,0.007,22,1.0
estadisticos,SVM-RBF,3,2,1,1,OR,0.014,22,0.8636363636363636
estadisticos,SVM-RBF,3,2,1,1,OR,0.021,23,1.0
estadisticos,SVM-RBF,3,2,1,2,B,0.007,23,1.0
estadisticos,SVM-RBF,3,2,1,2,B,0.014,22,1.0
estadisticos,SVM-RBF,3,2,1,2,B,0.021,22,1.0
estadisticos,SVM-RBF,3,2,1,2,IR,0.007,22,1.0
estadisticos,SVM-RBF,3,2,1,2,IR,0.014,23,1.0
estadisticos,SVM-RBF,3,2,1,2,IR,0.021,23,1.0
estadisticos,SVM-RBF,3,2,1,2,Normal,0.0,94,1.0
estadisticos,SVM-RBF,3,2,1,2,OR,0.007,23,1.0
estadisticos,SVM-RBF,3,2,1,2,OR,0.014,23,0.7391304347826086
estadisticos,SVM-RBF,3,2,1,2,OR,0.021,22,1.0
estadisticos,SVM-RBF,3,2,1,3,B,0.007,22,1.0
estadisticos,SVM-RBF,3,2,1,3,B,0.014,23,1.0
estadisticos,SVM-RBF,3,2,1,3,B,0.021,23,1.0
estadisticos,SVM-RBF,3,2,1,3,IR,0.007,23,1.0
estadisticos,SVM-RBF,3,2,1,3,IR,0.014,22,0.9545454545454546
estadisticos,SVM-RBF,3,2,1,3,IR,0.021,22,1.0
estadisticos,SVM-RBF,3,2,1,3,Normal,0.0,93,1.0
estadisticos,SVM-RBF,3,2,1,3,OR,0.007,22,1.0
estadisticos,SVM-RBF,3,2,1,3,OR,0.014,22,1.0
estadisticos,SVM-RBF,3,2,1,3,OR,0.021,23,1.0
estadisticos,SVM-RBF,3,2,1,4,B,0.007,22,1.0
estadisticos,SVM-RBF,3,2,1,4,B,0.014,22,1.0
estadisticos,SVM-RBF,3,2,1,4,B,0.021,22,1.0
estadisticos,SVM-RBF,3,2,1,4,IR,0.007,22,1.0
estadisticos,SVM-RBF,3,2,1,4,IR,0.014,22,1.0
estadisticos,SVM-RBF,3,2,1,4,IR,0.021,22,1.0
estadisticos,SVM-RBF,3,2,1,4,Normal,0.0,93,1.0
estadisticos,SVM-RBF,3,2,1,4,OR,0.007,22,1.0
estadisticos,SVM-RBF,3,2,1,4,OR,0.014,22,1.0
estadisticos,SVM-RBF,3,2,1,4,OR,0.021,22,1.0
estadisticos,SVM-RBF,3,3,0,0,B,0.007,24,1.0
estadisticos,SVM-RBF,3,3,0,0,B,0.014,24,1.0
estadisticos,SVM-RBF,3,3,0,0,B,0.021,24,1.0
estadisticos,SVM-RBF,3,3,0,0,IR,0.007,24,1.0
estadisticos,SVM-RBF,3,3,0,0,IR,0.014,24,1.0
estadisticos,SVM-RBF,3,3,0,0,IR,0.021,24,1.0
estadisticos,SVM-RBF,3,3,0,0,Normal,0.0,95,1.0
estadisticos,SVM-RBF,3,3,0,0,OR,0.007,24,1.0
estadisticos,SVM-RBF,3,3,0,0,OR,0.014,24,1.0
estadisticos,SVM-RBF,3,3,0,0,OR,0.021,24,1.0
estadisticos,SVM-RBF,3,3,0,1,B,0.007,22,1.0
estadisticos,SVM-RBF,3,3,0,1,B,0.014,23,0.9130434782608696
estadisticos,SVM-RBF,3,3,0,1,B,0.021,23,1.0
estadisticos,SVM-RBF,3,3,0,1,IR,0.007,23,1.0
estadisticos,SVM-RBF,3,3,0,1,IR,0.014,22,1.0
estadisticos,SVM-RBF,3,3,0,1,IR,0.021,23,1.0
estadisticos,SVM-RBF,3,3,0,1,Normal,0.0,94,0.9680851063829788
estadisticos,SVM-RBF,3,3,0,1,OR,0.007,23,1.0
estadisticos,SVM-RBF,3,3,0,1,OR,0.014,23,1.0
estadisticos,SVM-RBF,3,3,0,1,OR,0.021,23,1.0
estadisticos,SVM-RBF,3,3,0,2,B,0.007,23,1.0
estadisticos,SVM-RBF,3,3,0,2,B,0.014,22,0.7727272727272727
estadisticos,SVM-RBF,3,3,0,2,B,0.021,22,1.0
estadisticos,SVM-RBF,3,3,0,2,IR,0.007,23,1.0
estadisticos,SVM-RBF,3,3,0,2,IR,0.014,23,1.0
estadisticos,SVM-RBF,3,3,0,2,IR,0.021,22,1.0
estadisticos,SVM-RBF,3,3,0,2,Normal,0.0,93,1.0
estadisticos,SVM-RBF,3,3,0,2,OR,0.007,22,1.0
estadisticos,SVM-RBF,3,3,0,2,OR,0.014,22,0.9545454545454546
estadisticos,SVM-RBF,3,3,0,2,OR,0.021,22,1.0
estadisticos,SVM-RBF,3,3,0,3,B,0.007,22,1.0
estadisticos,SVM-RBF,3,3,0,3,B,0.014,23,1.0
estadisticos,SVM-RBF,3,3,0,3,B,0.021,23,1.0
estadisticos,SVM-RBF,3,3,0,3,IR,0.007,23,1.0
estadisticos,SVM-RBF,3,3,0,3,IR,0.014,22,0.9545454545454546
estadisticos,SVM-RBF,3,3,0,3,IR,0.021,23,1.0
estadisticos,SVM-RBF,3,3,0,3,Normal,0.0,94,1.0
estadisticos,SVM-RBF,3,3,0,3,OR,0.007,23,1.0
estadisticos,SVM-RBF,3,3,0,3,OR,0.014,23,0.9565217391304348
estadisticos,SVM-RBF,3,3,0,3,OR,0.021,23,1.0
estadisticos,SVM-RBF,3,3,0,4,B,0.007,22,1.0
estadisticos,SVM-RBF,3,3,0,4,B,0.014,22,0.9545454545454546
estadisticos,SVM-RBF,3,3,0,4,B,0.021,22,1.0
estadisticos,SVM-RBF,3,3,0,4,IR,0.007,22,1.0
estadisticos,SVM-RBF,3,3,0,4,IR,0.014,22,1.0
estadisticos,SVM-RBF,3,3,0,4,IR,0.021,22,1.0
estadisticos,SVM-RBF,3,3,0,4,Normal,0.0,93,1.0
estadisticos,SVM-RBF,3,3,0,4,OR,0.007,22,1.0
estadisticos,SVM-RBF,3,3,0,4,OR,0.014,22,1.0
estadisticos,SVM-RBF,3,3,0,4,OR,0.021,22,1.0
estadisticos,RandomForest,0,0,0,0,B,0.007,24,1.0
estadisticos,RandomForest,0,0,0,0,B,0.014,24,1.0
estadisticos,RandomForest,0,0,0,0,B,0.021,24,1.0
estadisticos,RandomForest,0,0,0,0,IR,0.007,24,1.0
estadisticos,RandomForest,0,0,0,0,IR,0.014,24,1.0
estadisticos,RandomForest,0,0,0,0,IR,0.021,24,1.0
estadisticos,RandomForest,0,0,0,0,Normal,0.0,48,1.0
estadisticos,RandomForest,0,0,0,0,OR,0.007,24,1.0
estadisticos,RandomForest,0,0,0,0,OR,0.014,24,0.875
estadisticos,RandomForest,0,0,0,0,OR,0.021,24,1.0
estadisticos,RandomForest,0,0,0,1,B,0.007,23,1.0
estadisticos,RandomForest,0,0,0,1,B,0.014,22,0.9545454545454546
estadisticos,RandomForest,0,0,0,1,B,0.021,23,1.0
estadisticos,RandomForest,0,0,0,1,IR,0.007,22,1.0
estadisticos,RandomForest,0,0,0,1,IR,0.014,22,1.0
estadisticos,RandomForest,0,0,0,1,IR,0.021,23,1.0
estadisticos,RandomForest,0,0,0,1,Normal,0.0,46,1.0
estadisticos,RandomForest,0,0,0,1,OR,0.007,23,1.0
estadisticos,RandomForest,0,0,0,1,OR,0.014,22,1.0
estadisticos,RandomForest,0,0,0,1,OR,0.021,23,1.0
estadisticos,RandomForest,0,0,0,2,B,0.007,22,1.0
estadisticos,RandomForest,0,0,0,2,B,0.014,23,0.8260869565217391
estadisticos,RandomForest,0,0,0,2,B,0.021,22,0.8636363636363636
estadisticos,RandomForest,0,0,0,2,IR,0.007,23,1.0
estadisticos,RandomForest,0,0,0,2,IR,0.014,23,1.0
estadisticos,RandomForest,0,0,0,2,IR,0.021,22,1.0
estadisticos,RandomForest,0,0,0,2,Normal,0.0,47,1.0
estadisticos,RandomForest,0,0,0,2,OR,0.007,22,1.0
estadisticos,RandomForest,0,0,0,2,OR,0.014,23,1.0
estadisticos,RandomForest,0,0,0,2,OR,0.021,22,1.0
estadisticos,RandomForest,0,0,0,3,B,0.007,23,1.0
estadisticos,RandomForest,0,0,0,3,B,0.014,22,1.0
estadisticos,RandomForest,0,0,0,3,B,0.021,23,0.9130434782608696
estadisticos,RandomForest,0,0,0,3,IR,0.007,22,1.0
estadisticos,RandomForest,0,0,0,3,IR,0.014,22,1.0
estadisticos,RandomForest,0,0,0,3,IR,0.021,23,1.0
estadisticos,RandomForest,0,0,0,3,Normal,0.0,46,1.0
estadisticos,RandomForest,0,0,0,3,OR,0.007,23,1.0
estadisticos,RandomForest,0,0,0,3,OR,0.014,22,0.9090909090909092
estadisticos,RandomForest,0,0,0,3,OR,0.021,23,1.0
estadisticos,RandomForest,0,0,0,4,B,0.007,22,1.0
estadisticos,RandomForest,0,0,0,4,B,0.014,22,1.0
estadisticos,RandomForest,0,0,0,4,B,0.021,22,1.0
estadisticos,RandomForest,0,0,0,4,IR,0.007,22,1.0
estadisticos,RandomForest,0,0,0,4,IR,0.014,22,1.0
estadisticos,RandomForest,0,0,0,4,IR,0.021,22,1.0
estadisticos,RandomForest,0,0,0,4,Normal,0.0,46,1.0
estadisticos,RandomForest,0,0,0,4,OR,0.007,22,1.0
estadisticos,RandomForest,0,0,0,4,OR,0.014,22,0.8636363636363636
estadisticos,RandomForest,0,0,0,4,OR,0.021,22,1.0
estadisticos,RandomForest,0,1,1,0,B,0.007,24,1.0
estadisticos,RandomForest,0,1,1,0,B,0.014,24,1.0
estadisticos,RandomForest,0,1,1,0,B,0.021,24,0.8333333333333334
estadisticos,RandomForest,0,1,1,0,IR,0.007,24,0.0
estadisticos,RandomForest,0,1,1,0,IR,0.014,24,0.0
estadisticos,RandomForest,0,1,1,0,IR,0.021,24,0.8333333333333334
estadisticos,RandomForest,0,1,1,0,Normal,0.0,95,1.0
estadisticos,RandomForest,0,1,1,0,OR,0.007,24,1.0
estadisticos,RandomForest,0,1,1,0,OR,0.014,24,0.25
estadisticos,RandomForest,0,1,1,0,OR,0.021,24,1.0
estadisticos,RandomForest,0,1,1,1,B,0.007,22,1.0
estadisticos,RandomForest,0,1,1,1,B,0.014,23,1.0
estadisticos,RandomForest,0,1,1,1,B,0.021,22,0.3636363636363636
estadisticos,RandomForest,0,1,1,1,IR,0.007,23,0.6956521739130435
estadisticos,RandomForest,0,1,1,1,IR,0.014,22,0.0
estadisticos,RandomForest,0,1,1,1,IR,0.021,22,1.0
estadisticos,RandomForest,0,1,1,1,Normal,0.0,93,1.0
estadisticos,RandomForest,0,1,1,1,OR,0.007,23,1.0
estadisticos,RandomForest,0,1,1,1,OR,0.014,23,0.8260869565217391
estadisticos,RandomForest,0,1,1,1,OR,0.021,23,1.0
estadisticos,RandomForest,0,1,1,2,B,0.007,23,1.0
estadisticos,RandomForest,0,1,1,2,B,0.014,22,1.0
estadisticos,RandomForest,0,1,1,2,B,0.021,23,0.5652173913043478
estadisticos,RandomForest,0,1,1,2,IR,0.007,22,0.0454545454545454
estadisticos,RandomForest,0,1,1,2,IR,0.014,23,0.0
estadisticos,RandomForest,0,1,1,2,IR,0.021,23,0.4347826086956521
estadisticos,RandomForest,0,1,1,2,Normal,0.0,93,1.0
estadisticos,RandomForest,0,1,1,2,OR,0.007,22,1.0
estadisticos,RandomForest,0,1,1,2,OR,0.014,22,0.8636363636363636
estadisticos,RandomForest,0,1,1,2,OR,0.021,22,1.0
estadisticos,RandomForest,0,1,1,3,B,0.007,22,1.0
estadisticos,RandomForest,0,1,1,3,B,0.014,23,1.0
estadisticos,RandomForest,0,1,1,3,B,0.021,22,0.9545454545454546
estadisticos,RandomForest,0,1,1,3,IR,0.007,23,0.0
estadisticos,RandomForest,0,1,1,3,IR,0.014,22,0.0
estadisticos,RandomForest,0,1,1,3,IR,0.021,22,0.8636363636363636
estadisticos,RandomForest,0,1,1,3,Normal,0.0,93,1.0
estadisticos,RandomForest,0,1,1,3,OR,0.007,23,1.0
estadisticos,RandomForest,0,1,1,3,OR,0.014,23,1.0
estadisticos,RandomForest,0,1,1,3,OR,0.021,23,1.0
estadisticos,RandomForest,0,1,1,4,B,0.007,22,1.0
estadisticos,RandomForest,0,1,1,4,B,0.014,22,1.0
estadisticos,RandomForest,0,1,1,4,B,0.021,22,0.7727272727272727
estadisticos,RandomForest,0,1,1,4,IR,0.007,22,0.0
estadisticos,RandomForest,0,1,1,4,IR,0.014,22,0.0
estadisticos,RandomForest,0,1,1,4,IR,0.021,22,0.0909090909090909
estadisticos,RandomForest,0,1,1,4,Normal,0.0,93,0.978494623655914
estadisticos,RandomForest,0,1,1,4,OR,0.007,22,1.0
estadisticos,RandomForest,0,1,1,4,OR,0.014,22,1.0
estadisticos,RandomForest,0,1,1,4,OR,0.021,22,1.0
estadisticos,RandomForest,0,2,2,0,B,0.007,24,1.0
estadisticos,RandomForest,0,2,2,0,B,0.014,24,1.0
estadisticos,RandomForest,0,2,2,0,B,0.021,24,0.625
estadisticos,RandomForest,0,2,2,0,IR,0.007,24,0.0
estadisticos,RandomForest,0,2,2,0,IR,0.014,24,0.0
estadisticos,RandomForest,0,2,2,0,IR,0.021,24,0.9583333333333334
estadisticos,RandomForest,0,2,2,0,Normal,0.0,95,1.0
estadisticos,RandomForest,0,2,2,0,OR,0.007,24,0.9166666666666666
estadisticos,RandomForest,0,2,2,0,OR,0.014,24,0.8333333333333334
estadisticos,RandomForest,0,2,2,0,OR,0.021,24,1.0
estadisticos,RandomForest,0,2,2,1,B,0.007,22,1.0
estadisticos,RandomForest,0,2,2,1,B,0.014,23,1.0
estadisticos,RandomForest,0,2,2,1,B,0.021,23,0.1304347826086956
estadisticos,RandomForest,0,2,2,1,IR,0.007,23,0.4347826086956521
estadisticos,RandomForest,0,2,2,1,IR,0.014,22,0.0
estadisticos,RandomForest,0,2,2,1,IR,0.021,22,0.9545454545454546
estadisticos,RandomForest,0,2,2,1,Normal,0.0,93,0.978494623655914
estadisticos,RandomForest,0,2,2,1,OR,0.007,22,1.0
estadisticos,RandomForest,0,2,2,1,OR,0.014,22,0.9545454545454546
estadisticos,RandomForest,0,2,2,1,OR,0.021,23,1.0
estadisticos,RandomForest,0,2,2,2,B,0.007,23,1.0
estadisticos,RandomForest,0,2,2,2,B,0.014,22,1.0
estadisticos,RandomForest,0,2,2,2,B,0.021,22,0.1363636363636363
estadisticos,RandomForest,0,2,2,2,IR,0.007,22,0.0
estadisticos,RandomForest,0,2,2,2,IR,0.014,23,0.0
estadisticos,RandomForest,0,2,2,2,IR,0.021,23,0.3478260869565217
estadisticos,RandomForest,0,2,2,2,Normal,0.0,94,1.0
estadisticos,RandomForest,0,2,2,2,OR,0.007,23,1.0
estadisticos,RandomForest,0,2,2,2,OR,0.014,23,0.8695652173913043
estadisticos,RandomForest,0,2,2,2,OR,0.021,22,1.0
estadisticos,RandomForest,0,2,2,3,B,0.007,22,1.0
estadisticos,RandomForest,0,2,2,3,B,0.014,23,1.0
estadisticos,RandomForest,0,2,2,3,B,0.021,23,0.5652173913043478
estadisticos,RandomForest,0,2,2,3,IR,0.007,23,0.0869565217391304
estadisticos,RandomForest,0,2,2,3,IR,0.014,22,0.0
estadisticos,RandomForest,0,2,2,3,IR,0.021,22,1.0
estadisticos,RandomForest,0,2,2,3,Normal,0.0,93,1.0
estadisticos,RandomForest,0,2,2,3,OR,0.007,22,1.0
estadisticos,RandomForest,0,2,2,3,OR,0.014,22,0.9545454545454546
estadisticos,RandomForest,0,2,2,3,OR,0.021,23,1.0
estadisticos,RandomForest,0,2,2,4,B,0.007,22,1.0
estadisticos,RandomForest,0,2,2,4,B,0.014,22,1.0
estadisticos,RandomForest,0,2,2,4,B,0.021,22,0.6363636363636364
estadisticos,RandomForest,0,2,2,4,IR,0.007,22,0.0
estadisticos,RandomForest,0,2,2,4,IR,0.014,22,0.0
estadisticos,RandomForest,0,2,2,4,IR,0.021,22,0.2727272727272727
estadisticos,RandomForest,0,2,2,4,Normal,0.0,93,1.0
estadisticos,RandomForest,0,2,2,4,OR,0.007,22,1.0
estadisticos,RandomForest,0,2,2,4,OR,0.014,22,0.5
estadisticos,RandomForest,0,2,2,4,OR,0.021,22,1.0
estadisticos,RandomForest,0,3,3,0,B,0.007,24,1.0
estadisticos,RandomForest,0,3,3,0,B,0.014,24,1.0
estadisticos,RandomForest,0,3,3,0,B,0.021,24,0.9583333333333334
estadisticos,RandomForest,0,3,3,0,IR,0.007,24,0.0
estadisticos,RandomForest,0,3,3,0,IR,0.014,24,0.0
estadisticos,RandomForest,0,3,3,0,IR,0.021,24,0.75
estadisticos,RandomForest,0,3,3,0,Normal,0.0,95,1.0
estadisticos,RandomForest,0,3,3,0,OR,0.007,24,1.0
estadisticos,RandomForest,0,3,3,0,OR,0.014,24,0.2916666666666667
estadisticos,RandomForest,0,3,3,0,OR,0.021,24,1.0
estadisticos,RandomForest,0,3,3,1,B,0.007,22,1.0
estadisticos,RandomForest,0,3,3,1,B,0.014,23,1.0
estadisticos,RandomForest,0,3,3,1,B,0.021,23,0.8260869565217391
estadisticos,RandomForest,0,3,3,1,IR,0.007,23,0.0434782608695652
estadisticos,RandomForest,0,3,3,1,IR,0.014,22,0.0
estadisticos,RandomForest,0,3,3,1,IR,0.021,23,1.0
estadisticos,RandomForest,0,3,3,1,Normal,0.0,94,1.0
estadisticos,RandomForest,0,3,3,1,OR,0.007,23,1.0
estadisticos,RandomForest,0,3,3,1,OR,0.014,23,0.391304347826087
estadisticos,RandomForest,0,3,3,1,OR,0.021,23,0.9565217391304348
estadisticos,RandomForest,0,3,3,2,B,0.007,23,1.0
estadisticos,RandomForest,0,3,3,2,B,0.014,22,1.0
estadisticos,RandomForest,0,3,3,2,B,0.021,22,0.8636363636363636
estadisticos,RandomForest,0,3,3,2,IR,0.007,23,0.0
estadisticos,RandomForest,0,3,3,2,IR,0.014,23,0.0
estadisticos,RandomForest,0,3,3,2,IR,0.021,22,0.5454545454545454
estadisticos,RandomForest,0,3,3,2,Normal,0.0,93,1.0
estadisticos,RandomForest,0,3,3,2,OR,0.007,22,1.0
estadisticos,RandomForest,0,3,3,2,OR,0.014,22,0.5
estadisticos,RandomForest,0,3,3,2,OR,0.021,22,1.0
estadisticos,RandomForest,0,3,3,3,B,0.007,22,1.0
estadisticos,RandomForest,0,3,3,3,B,0.014,23,1.0
estadisticos,RandomForest,0,3,3,3,B,0.021,23,0.9130434782608696
estadisticos,RandomForest,0,3,3,3,IR,0.007,23,0.0
estadisticos,RandomForest,0,3,3,3,IR,0.014,22,0.0
estadisticos,RandomForest,0,3,3,3,IR,0.021,23,0.8695652173913043
estadisticos,RandomForest,0,3,3,3,Normal,0.0,94,1.0
estadisticos,RandomForest,0,3,3,3,OR,0.007,23,1.0
estadisticos,RandomForest,0,3,3,3,OR,0.014,23,0.5652173913043478
estadisticos,RandomForest,0,3,3,3,OR,0.021,23,1.0
estadisticos,RandomForest,0,3,3,4,B,0.007,22,1.0
estadisticos,RandomForest,0,3,3,4,B,0.014,22,0.9545454545454546
estadisticos,RandomForest,0,3,3,4,B,0.021,22,0.8636363636363636
estadisticos,RandomForest,0,3,3,4,IR,0.007,22,0.0
estadisticos,RandomForest,0,3,3,4,IR,0.014,22,0.0
estadisticos,RandomForest,0,3,3,4,IR,0.021,22,0.1363636363636363
estadisticos,RandomForest,0,3,3,4,Normal,0.0,93,1.0
estadisticos,RandomForest,0,3,3,4,OR,0.007,22,1.0
estadisticos,RandomForest,0,3,3,4,OR,0.014,22,0.0909090909090909
estadisticos,RandomForest,0,3,3,4,OR,0.021,22,1.0
estadisticos,RandomForest,1,0,1,0,B,0.007,24,1.0
estadisticos,RandomForest,1,0,1,0,B,0.014,24,0.7916666666666666
estadisticos,RandomForest,1,0,1,0,B,0.021,24,1.0
estadisticos,RandomForest,1,0,1,0,IR,0.007,24,1.0
estadisticos,RandomForest,1,0,1,0,IR,0.014,24,1.0
estadisticos,RandomForest,1,0,1,0,IR,0.021,24,0.0
estadisticos,RandomForest,1,0,1,0,Normal,0.0,48,1.0
estadisticos,RandomForest,1,0,1,0,OR,0.007,24,1.0
estadisticos,RandomForest,1,0,1,0,OR,0.014,24,0.4583333333333333
estadisticos,RandomForest,1,0,1,0,OR,0.021,24,1.0
estadisticos,RandomForest,1,0,1,1,B,0.007,23,1.0
estadisticos,RandomForest,1,0,1,1,B,0.014,22,0.6818181818181818
estadisticos,RandomForest,1,0,1,1,B,0.021,23,1.0
estadisticos,RandomForest,1,0,1,1,IR,0.007,22,1.0
estadisticos,RandomForest,1,0,1,1,IR,0.014,22,1.0
estadisticos,RandomForest,1,0,1,1,IR,0.021,23,0.0
estadisticos,RandomForest,1,0,1,1,Normal,0.0,46,1.0
estadisticos,RandomForest,1,0,1,1,OR,0.007,23,1.0
estadisticos,RandomForest,1,0,1,1,OR,0.014,22,0.5454545454545454
estadisticos,RandomForest,1,0,1,1,OR,0.021,23,1.0
estadisticos,RandomForest,1,0,1,2,B,0.007,22,1.0
estadisticos,RandomForest,1,0,1,2,B,0.014,23,0.8260869565217391
estadisticos,RandomForest,1,0,1,2,B,0.021,22,1.0
estadisticos,RandomForest,1,0,1,2,IR,0.007,23,1.0
estadisticos,RandomForest,1,0,1,2,IR,0.014,23,1.0
estadisticos,RandomForest,1,0,1,2,IR,0.021,22,0.0
estadisticos,RandomForest,1,0,1,2,Normal,0.0,47,1.0
estadisticos,RandomForest,1,0,1,2,OR,0.007,22,1.0
estadisticos,RandomForest,1,0,1,2,OR,0.014,23,0.3043478260869565
estadisticos,RandomForest,1,0,1,2,OR,0.021,22,1.0
estadisticos,RandomForest,1,0,1,3,B,0.007,23,1.0
estadisticos,RandomForest,1,0,1,3,B,0.014,22,0.4545454545454545
estadisticos,RandomForest,1,0,1,3,B,0.021,23,0.9565217391304348
estadisticos,RandomForest,1,0,1,3,IR,0.007,22,1.0
estadisticos,RandomForest,1,0,1,3,IR,0.014,22,1.0
estadisticos,RandomForest,1,0,1,3,IR,0.021,23,0.0
estadisticos,RandomForest,1,0,1,3,Normal,0.0,46,1.0
estadisticos,RandomForest,1,0,1,3,OR,0.007,23,1.0
estadisticos,RandomForest,1,0,1,3,OR,0.014,22,0.5
estadisticos,RandomForest,1,0,1,3,OR,0.021,23,1.0
estadisticos,RandomForest,1,0,1,4,B,0.007,22,1.0
estadisticos,RandomForest,1,0,1,4,B,0.014,22,0.8181818181818182
estadisticos,RandomForest,1,0,1,4,B,0.021,22,1.0
estadisticos,RandomForest,1,0,1,4,IR,0.007,22,1.0
estadisticos,RandomForest,1,0,1,4,IR,0.014,22,1.0
estadisticos,RandomForest,1,0,1,4,IR,0.021,22,0.0
estadisticos,RandomForest,1,0,1,4,Normal,0.0,46,1.0
estadisticos,RandomForest,1,0,1,4,OR,0.007,22,1.0
estadisticos,RandomForest,1,0,1,4,OR,0.014,22,0.6363636363636364
estadisticos,RandomForest,1,0,1,4,OR,0.021,22,1.0
estadisticos,RandomForest,1,1,0,0,B,0.007,24,1.0
estadisticos,RandomForest,1,1,0,0,B,0.014,24,1.0
estadisticos,RandomForest,1,1,0,0,B,0.021,24,1.0
estadisticos,RandomForest,1,1,0,0,IR,0.007,24,1.0
estadisticos,RandomForest,1,1,0,0,IR,0.014,24,1.0
estadisticos,RandomForest,1,1,0,0,IR,0.021,24,1.0
estadisticos,RandomForest,1,1,0,0,Normal,0.0,95,1.0
estadisticos,RandomForest,1,1,0,0,OR,0.007,24,1.0
estadisticos,RandomForest,1,1,0,0,OR,0.014,24,1.0
estadisticos,RandomForest,1,1,0,0,OR,0.021,24,1.0
estadisticos,RandomForest,1,1,0,1,B,0.007,22,1.0
estadisticos,RandomForest,1,1,0,1,B,0.014,23,1.0
estadisticos,RandomForest,1,1,0,1,B,0.021,22,1.0
estadisticos,RandomForest,1,1,0,1,IR,0.007,23,1.0
estadisticos,RandomForest,1,1,0,1,IR,0.014,22,0.9545454545454546
estadisticos,RandomForest,1,1,0,1,IR,0.021,22,0.9545454545454546
estadisticos,RandomForest,1,1,0,1,Normal,0.0,93,1.0
estadisticos,RandomForest,1,1,0,1,OR,0.007,23,1.0
estadisticos,RandomForest,1,1,0,1,OR,0.014,23,1.0
estadisticos,RandomForest,1,1,0,1,OR,0.021,23,1.0
estadisticos,RandomForest,1,1,0,2,B,0.007,23,1.0
estadisticos,RandomForest,1,1,0,2,B,0.014,22,1.0
estadisticos,RandomForest,1,1,0,2,B,0.021,23,1.0
estadisticos,RandomForest,1,1,0,2,IR,0.007,22,1.0
estadisticos,RandomForest,1,1,0,2,IR,0.014,23,1.0
estadisticos,RandomForest,1,1,0,2,IR,0.021,23,1.0
estadisticos,RandomForest,1,1,0,2,Normal,0.0,93,1.0
estadisticos,RandomForest,1,1,0,2,OR,0.007,22,1.0
estadisticos,RandomForest,1,1,0,2,OR,0.014,22,1.0
estadisticos,RandomForest,1,1,0,2,OR,0.021,22,1.0
estadisticos,RandomForest,1,1,0,3,B,0.007,22,1.0
estadisticos,RandomForest,1,1,0,3,B,0.014,23,0.9565217391304348
estadisticos,RandomForest,1,1,0,3,B,0.021,22,1.0
estadisticos,RandomForest,1,1,0,3,IR,0.007,23,1.0
estadisticos,RandomForest,1,1,0,3,IR,0.014,22,1.0
estadisticos,RandomForest,1,1,0,3,IR,0.021,22,1.0
estadisticos,RandomForest,1,1,0,3,Normal,0.0,93,1.0
estadisticos,RandomForest,1,1,0,3,OR,0.007,23,1.0
estadisticos,RandomForest,1,1,0,3,OR,0.014,23,1.0
estadisticos,RandomForest,1,1,0,3,OR,0.021,23,1.0
estadisticos,RandomForest,1,1,0,4,B,0.007,22,1.0
estadisticos,RandomForest,1,1,0,4,B,0.014,22,1.0
estadisticos,RandomForest,1,1,0,4,B,0.021,22,1.0
estadisticos,RandomForest,1,1,0,4,IR,0.007,22,1.0
estadisticos,RandomForest,1,1,0,4,IR,0.014,22,1.0
estadisticos,RandomForest,1,1,0,4,IR,0.021,22,1.0
estadisticos,RandomForest,1,1,0,4,Normal,0.0,93,1.0
estadisticos,RandomForest,1,1,0,4,OR,0.007,22,1.0
estadisticos,RandomForest,1,1,0,4,OR,0.014,22,1.0
estadisticos,RandomForest,1,1,0,4,OR,0.021,22,1.0
estadisticos,RandomForest,1,2,1,0,B,0.007,24,1.0
estadisticos,RandomForest,1,2,1,0,B,0.014,24,1.0
estadisticos,RandomForest,1,2,1,0,B,0.021,24,1.0
estadisticos,RandomForest,1,2,1,0,IR,0.007,24,1.0
estadisticos,RandomForest,1,2,1,0,IR,0.014,24,0.9583333333333334
estadisticos,RandomForest,1,2,1,0,IR,0.021,24,0.4583333333333333
estadisticos,RandomForest,1,2,1,0,Normal,0.0,95,1.0
estadisticos,RandomForest,1,2,1,0,OR,0.007,24,1.0
estadisticos,RandomForest,1,2,1,0,OR,0.014,24,0.75
estadisticos,RandomForest,1,2,1,0,OR,0.021,24,1.0
estadisticos,RandomForest,1,2,1,1,B,0.007,22,1.0
estadisticos,RandomForest,1,2,1,1,B,0.014,23,0.782608695652174
estadisticos,RandomForest,1,2,1,1,B,0.021,23,1.0
estadisticos,RandomForest,1,2,1,1,IR,0.007,23,1.0
estadisticos,RandomForest,1,2,1,1,IR,0.014,22,1.0
estadisticos,RandomForest,1,2,1,1,IR,0.021,22,0.8181818181818182
estadisticos,RandomForest,1,2,1,1,Normal,0.0,93,1.0
estadisticos,RandomForest,1,2,1,1,OR,0.007,22,1.0
estadisticos,RandomForest,1,2,1,1,OR,0.014,22,0.9090909090909092
estadisticos,RandomForest,1,2,1,1,OR,0.021,23,1.0
estadisticos,RandomForest,1,2,1,2,B,0.007,23,1.0
estadisticos,RandomForest,1,2,1,2,B,0.014,22,0.9090909090909092
estadisticos,RandomForest,1,2,1,2,B,0.021,22,1.0
estadisticos,RandomForest,1,2,1,2,IR,0.007,22,1.0
estadisticos,RandomForest,1,2,1,2,IR,0.014,23,1.0
estadisticos,RandomForest,1,2,1,2,IR,0.021,23,0.1739130434782608
estadisticos,RandomForest,1,2,1,2,Normal,0.0,94,1.0
estadisticos,RandomForest,1,2,1,2,OR,0.007,23,1.0
estadisticos,RandomForest,1,2,1,2,OR,0.014,23,0.6956521739130435
estadisticos,RandomForest,1,2,1,2,OR,0.021,22,1.0
estadisticos,RandomForest,1,2,1,3,B,0.007,22,1.0
estadisticos,RandomForest,1,2,1,3,B,0.014,23,1.0
estadisticos,RandomForest,1,2,1,3,B,0.021,23,0.9565217391304348
estadisticos,RandomForest,1,2,1,3,IR,0.007,23,1.0
estadisticos,RandomForest,1,2,1,3,IR,0.014,22,1.0
estadisticos,RandomForest,1,2,1,3,IR,0.021,22,0.1818181818181818
estadisticos,RandomForest,1,2,1,3,Normal,0.0,93,1.0
estadisticos,RandomForest,1,2,1,3,OR,0.007,22,1.0
estadisticos,RandomForest,1,2,1,3,OR,0.014,22,0.9545454545454546
estadisticos,RandomForest,1,2,1,3,OR,0.021,23,0.9565217391304348
estadisticos,RandomForest,1,2,1,4,B,0.007,22,1.0
estadisticos,RandomForest,1,2,1,4,B,0.014,22,0.9090909090909092
estadisticos,RandomForest,1,2,1,4,B,0.021,22,0.9545454545454546
estadisticos,RandomForest,1,2,1,4,IR,0.007,22,1.0
estadisticos,RandomForest,1,2,1,4,IR,0.014,22,1.0
estadisticos,RandomForest,1,2,1,4,IR,0.021,22,0.1818181818181818
estadisticos,RandomForest,1,2,1,4,Normal,0.0,93,1.0
estadisticos,RandomForest,1,2,1,4,OR,0.007,22,1.0
estadisticos,RandomForest,1,2,1,4,OR,0.014,22,0.9545454545454546
estadisticos,RandomForest,1,2,1,4,OR,0.021,22,1.0
estadisticos,RandomForest,1,3,2,0,B,0.007,24,1.0
estadisticos,RandomForest,1,3,2,0,B,0.014,24,1.0
estadisticos,RandomForest,1,3,2,0,B,0.021,24,1.0
estadisticos,RandomForest,1,3,2,0,IR,0.007,24,1.0
estadisticos,RandomForest,1,3,2,0,IR,0.014,24,0.875
estadisticos,RandomForest,1,3,2,0,IR,0.021,24,1.0
estadisticos,RandomForest,1,3,2,0,Normal,0.0,95,1.0
estadisticos,RandomForest,1,3,2,0,OR,0.007,24,1.0
estadisticos,RandomForest,1,3,2,0,OR,0.014,24,0.9166666666666666
estadisticos,RandomForest,1,3,2,0,OR,0.021,24,1.0
estadisticos,RandomForest,1,3,2,1,B,0.007,22,1.0
estadisticos,RandomForest,1,3,2,1,B,0.014,23,0.8260869565217391
estadisticos,RandomForest,1,3,2,1,B,0.021,23,1.0
estadisticos,RandomForest,1,3,2,1,IR,0.007,23,1.0
estadisticos,RandomForest,1,3,2,1,IR,0.014,22,1.0
estadisticos,RandomForest,1,3,2,1,IR,0.021,23,1.0
estadisticos,RandomForest,1,3,2,1,Normal,0.0,94,1.0
estadisticos,RandomForest,1,3,2,1,OR,0.007,23,1.0
estadisticos,RandomForest,1,3,2,1,OR,0.014,23,0.782608695652174
estadisticos,RandomForest,1,3,2,1,OR,0.021,23,0.9565217391304348
estadisticos,RandomForest,1,3,2,2,B,0.007,23,1.0
estadisticos,RandomForest,1,3,2,2,B,0.014,22,0.5
estadisticos,RandomForest,1,3,2,2,B,0.021,22,1.0
estadisticos,RandomForest,1,3,2,2,IR,0.007,23,1.0
estadisticos,RandomForest,1,3,2,2,IR,0.014,23,0.9565217391304348
estadisticos,RandomForest,1,3,2,2,IR,0.021,22,1.0
estadisticos,RandomForest,1,3,2,2,Normal,0.0,93,1.0
estadisticos,RandomForest,1,3,2,2,OR,0.007,22,1.0
estadisticos,RandomForest,1,3,2,2,OR,0.014,22,0.8636363636363636
estadisticos,RandomForest,1,3,2,2,OR,0.021,22,1.0
estadisticos,RandomForest,1,3,2,3,B,0.007,22,1.0
estadisticos,RandomForest,1,3,2,3,B,0.014,23,1.0
estadisticos,RandomForest,1,3,2,3,B,0.021,23,1.0
estadisticos,RandomForest,1,3,2,3,IR,0.007,23,1.0
estadisticos,RandomForest,1,3,2,3,IR,0.014,22,1.0
estadisticos,RandomForest,1,3,2,3,IR,0.021,23,1.0
estadisticos,RandomForest,1,3,2,3,Normal,0.0,94,1.0
estadisticos,RandomForest,1,3,2,3,OR,0.007,23,1.0
estadisticos,RandomForest,1,3,2,3,OR,0.014,23,0.6956521739130435
estadisticos,RandomForest,1,3,2,3,OR,0.021,23,1.0
estadisticos,RandomForest,1,3,2,4,B,0.007,22,1.0
estadisticos,RandomForest,1,3,2,4,B,0.014,22,1.0
estadisticos,RandomForest,1,3,2,4,B,0.021,22,1.0
estadisticos,RandomForest,1,3,2,4,IR,0.007,22,1.0
estadisticos,RandomForest,1,3,2,4,IR,0.014,22,0.9090909090909092
estadisticos,RandomForest,1,3,2,4,IR,0.021,22,0.9090909090909092
estadisticos,RandomForest,1,3,2,4,Normal,0.0,93,1.0
estadisticos,RandomForest,1,3,2,4,OR,0.007,22,1.0
estadisticos,RandomForest,1,3,2,4,OR,0.014,22,0.9090909090909092
estadisticos,RandomForest,1,3,2,4,OR,0.021,22,1.0
estadisticos,RandomForest,2,0,2,0,B,0.007,24,1.0
estadisticos,RandomForest,2,0,2,0,B,0.014,24,0.875
estadisticos,RandomForest,2,0,2,0,B,0.021,24,1.0
estadisticos,RandomForest,2,0,2,0,IR,0.007,24,1.0
estadisticos,RandomForest,2,0,2,0,IR,0.014,24,1.0
estadisticos,RandomForest,2,0,2,0,IR,0.021,24,1.0
estadisticos,RandomForest,2,0,2,0,Normal,0.0,48,1.0
estadisticos,RandomForest,2,0,2,0,OR,0.007,24,1.0
estadisticos,RandomForest,2,0,2,0,OR,0.014,24,0.0833333333333333
estadisticos,RandomForest,2,0,2,0,OR,0.021,24,1.0
estadisticos,RandomForest,2,0,2,1,B,0.007,23,1.0
estadisticos,RandomForest,2,0,2,1,B,0.014,22,0.8636363636363636
estadisticos,RandomForest,2,0,2,1,B,0.021,23,0.9565217391304348
estadisticos,RandomForest,2,0,2,1,IR,0.007,22,1.0
estadisticos,RandomForest,2,0,2,1,IR,0.014,22,1.0
estadisticos,RandomForest,2,0,2,1,IR,0.021,23,1.0
estadisticos,RandomForest,2,0,2,1,Normal,0.0,46,1.0
estadisticos,RandomForest,2,0,2,1,OR,0.007,23,1.0
estadisticos,RandomForest,2,0,2,1,OR,0.014,22,0.0
estadisticos,RandomForest,2,0,2,1,OR,0.021,23,1.0
estadisticos,RandomForest,2,0,2,2,B,0.007,22,1.0
estadisticos,RandomForest,2,0,2,2,B,0.014,23,0.9130434782608696
estadisticos,RandomForest,2,0,2,2,B,0.021,22,1.0
estadisticos,RandomForest,2,0,2,2,IR,0.007,23,1.0
estadisticos,RandomForest,2,0,2,2,IR,0.014,23,1.0
estadisticos,RandomForest,2,0,2,2,IR,0.021,22,1.0
estadisticos,RandomForest,2,0,2,2,Normal,0.0,47,1.0
estadisticos,RandomForest,2,0,2,2,OR,0.007,22,1.0
estadisticos,RandomForest,2,0,2,2,OR,0.014,23,0.0
estadisticos,RandomForest,2,0,2,2,OR,0.021,22,1.0
estadisticos,RandomForest,2,0,2,3,B,0.007,23,1.0
estadisticos,RandomForest,2,0,2,3,B,0.014,22,0.8636363636363636
estadisticos,RandomForest,2,0,2,3,B,0.021,23,0.9130434782608696
estadisticos,RandomForest,2,0,2,3,IR,0.007,22,1.0
estadisticos,RandomForest,2,0,2,3,IR,0.014,22,0.6363636363636364
estadisticos,RandomForest,2,0,2,3,IR,0.021,23,1.0
estadisticos,RandomForest,2,0,2,3,Normal,0.0,46,1.0
estadisticos,RandomForest,2,0,2,3,OR,0.007,23,1.0
estadisticos,RandomForest,2,0,2,3,OR,0.014,22,0.0
estadisticos,RandomForest,2,0,2,3,OR,0.021,23,1.0
estadisticos,RandomForest,2,0,2,4,B,0.007,22,1.0
estadisticos,RandomForest,2,0,2,4,B,0.014,22,1.0
estadisticos,RandomForest,2,0,2,4,B,0.021,22,1.0
estadisticos,RandomForest,2,0,2,4,IR,0.007,22,1.0
estadisticos,RandomForest,2,0,2,4,IR,0.014,22,1.0
estadisticos,RandomForest,2,0,2,4,IR,0.021,22,1.0
estadisticos,RandomForest,2,0,2,4,Normal,0.0,46,1.0
estadisticos,RandomForest,2,0,2,4,OR,0.007,22,1.0
estadisticos,RandomForest,2,0,2,4,OR,0.014,22,0.0
estadisticos,RandomForest,2,0,2,4,OR,0.021,22,1.0
estadisticos,RandomForest,2,1,1,0,B,0.007,24,1.0
estadisticos,RandomForest,2,1,1,0,B,0.014,24,1.0
estadisticos,RandomForest,2,1,1,0,B,0.021,24,1.0
estadisticos,RandomForest,2,1,1,0,IR,0.007,24,0.9583333333333334
estadisticos,RandomForest,2,1,1,0,IR,0.014,24,1.0
estadisticos,RandomForest,2,1,1,0,IR,0.021,24,1.0
estadisticos,RandomForest,2,1,1,0,Normal,0.0,95,1.0
estadisticos,RandomForest,2,1,1,0,OR,0.007,24,1.0
estadisticos,RandomForest,2,1,1,0,OR,0.014,24,1.0
estadisticos,RandomForest,2,1,1,0,OR,0.021,24,1.0
estadisticos,RandomForest,2,1,1,1,B,0.007,22,1.0
estadisticos,RandomForest,2,1,1,1,B,0.014,23,0.9565217391304348
estadisticos,RandomForest,2,1,1,1,B,0.021,22,0.8636363636363636
estadisticos,RandomForest,2,1,1,1,IR,0.007,23,1.0
estadisticos,RandomForest,2,1,1,1,IR,0.014,22,1.0
estadisticos,RandomForest,2,1,1,1,IR,0.021,22,1.0
estadisticos,RandomForest,2,1,1,1,Normal,0.0,93,1.0
estadisticos,RandomForest,2,1,1,1,OR,0.007,23,1.0
estadisticos,RandomForest,2,1,1,1,OR,0.014,23,1.0
estadisticos,RandomForest,2,1,1,1,OR,0.021,23,1.0
estadisticos,RandomForest,2,1,1,2,B,0.007,23,1.0
estadisticos,RandomForest,2,1,1,2,B,0.014,22,1.0
estadisticos,RandomForest,2,1,1,2,B,0.021,23,0.9565217391304348
estadisticos,RandomForest,2,1,1,2,IR,0.007,22,1.0
estadisticos,RandomForest,2,1,1,2,IR,0.014,23,1.0
estadisticos,RandomForest,2,1,1,2,IR,0.021,23,1.0
estadisticos,RandomForest,2,1,1,2,Normal,0.0,93,1.0
estadisticos,RandomForest,2,1,1,2,OR,0.007,22,1.0
estadisticos,RandomForest,2,1,1,2,OR,0.014,22,1.0
estadisticos,RandomForest,2,1,1,2,OR,0.021,22,1.0
estadisticos,RandomForest,2,1,1,3,B,0.007,22,1.0
estadisticos,RandomForest,2,1,1,3,B,0.014,23,1.0
estadisticos,RandomForest,2,1,1,3,B,0.021,22,0.9545454545454546
estadisticos,RandomForest,2,1,1,3,IR,0.007,23,1.0
estadisticos,RandomForest,2,1,1,3,IR,0.014,22,1.0
estadisticos,RandomForest,2,1,1,3,IR,0.021,22,1.0
estadisticos,RandomForest,2,1,1,3,Normal,0.0,93,1.0
estadisticos,RandomForest,2,1,1,3,OR,0.007,23,1.0
estadisticos,RandomForest,2,1,1,3,OR,0.014,23,1.0
estadisticos,RandomForest,2,1,1,3,OR,0.021,23,1.0
estadisticos,RandomForest,2,1,1,4,B,0.007,22,1.0
estadisticos,RandomForest,2,1,1,4,B,0.014,22,1.0
estadisticos,RandomForest,2,1,1,4,B,0.021,22,0.8181818181818182
estadisticos,RandomForest,2,1,1,4,IR,0.007,22,1.0
estadisticos,RandomForest,2,1,1,4,IR,0.014,22,1.0
estadisticos,RandomForest,2,1,1,4,IR,0.021,22,1.0
estadisticos,RandomForest,2,1,1,4,Normal,0.0,93,1.0
estadisticos,RandomForest,2,1,1,4,OR,0.007,22,1.0
estadisticos,RandomForest,2,1,1,4,OR,0.014,22,1.0
estadisticos,RandomForest,2,1,1,4,OR,0.021,22,1.0
estadisticos,RandomForest,2,2,0,0,B,0.007,24,1.0
estadisticos,RandomForest,2,2,0,0,B,0.014,24,1.0
estadisticos,RandomForest,2,2,0,0,B,0.021,24,1.0
estadisticos,RandomForest,2,2,0,0,IR,0.007,24,1.0
estadisticos,RandomForest,2,2,0,0,IR,0.014,24,1.0
estadisticos,RandomForest,2,2,0,0,IR,0.021,24,1.0
estadisticos,RandomForest,2,2,0,0,Normal,0.0,95,1.0
estadisticos,RandomForest,2,2,0,0,OR,0.007,24,1.0
estadisticos,RandomForest,2,2,0,0,OR,0.014,24,1.0
estadisticos,RandomForest,2,2,0,0,OR,0.021,24,1.0
estadisticos,RandomForest,2,2,0,1,B,0.007,22,1.0
estadisticos,RandomForest,2,2,0,1,B,0.014,23,0.8695652173913043
estadisticos,RandomForest,2,2,0,1,B,0.021,23,1.0
estadisticos,RandomForest,2,2,0,1,IR,0.007,23,1.0
estadisticos,RandomForest,2,2,0,1,IR,0.014,22,1.0
estadisticos,RandomForest,2,2,0,1,IR,0.021,22,1.0
estadisticos,RandomForest,2,2,0,1,Normal,0.0,93,1.0
estadisticos,RandomForest,2,2,0,1,OR,0.007,22,1.0
estadisticos,RandomForest,2,2,0,1,OR,0.014,22,1.0
estadisticos,RandomForest,2,2,0,1,OR,0.021,23,1.0
estadisticos,RandomForest,2,2,0,2,B,0.007,23,1.0
estadisticos,RandomForest,2,2,0,2,B,0.014,22,1.0
estadisticos,RandomForest,2,2,0,2,B,0.021,22,1.0
estadisticos,RandomForest,2,2,0,2,IR,0.007,22,1.0
estadisticos,RandomForest,2,2,0,2,IR,0.014,23,1.0
estadisticos,RandomForest,2,2,0,2,IR,0.021,23,1.0
estadisticos,RandomForest,2,2,0,2,Normal,0.0,94,1.0
estadisticos,RandomForest,2,2,0,2,OR,0.007,23,1.0
estadisticos,RandomForest,2,2,0,2,OR,0.014,23,0.9130434782608696
estadisticos,RandomForest,2,2,0,2,OR,0.021,22,1.0
estadisticos,RandomForest,2,2,0,3,B,0.007,22,1.0
estadisticos,RandomForest,2,2,0,3,B,0.014,23,1.0
estadisticos,RandomForest,2,2,0,3,B,0.021,23,1.0
estadisticos,RandomForest,2,2,0,3,IR,0.007,23,1.0
estadisticos,RandomForest,2,2,0,3,IR,0.014,22,0.9545454545454546
estadisticos,RandomForest,2,2,0,3,IR,0.021,22,1.0
estadisticos,RandomForest,2,2,0,3,Normal,0.0,93,1.0
estadisticos,RandomForest,2,2,0,3,OR,0.007,22,1.0
estadisticos,RandomForest,2,2,0,3,OR,0.014,22,1.0
estadisticos,RandomForest,2,2,0,3,OR,0.021,23,1.0
estadisticos,RandomForest,2,2,0,4,B,0.007,22,1.0
estadisticos,RandomForest,2,2,0,4,B,0.014,22,1.0
estadisticos,RandomForest,2,2,0,4,B,0.021,22,0.9545454545454546
estadisticos,RandomForest,2,2,0,4,IR,0.007,22,1.0
estadisticos,RandomForest,2,2,0,4,IR,0.014,22,1.0
estadisticos,RandomForest,2,2,0,4,IR,0.021,22,1.0
estadisticos,RandomForest,2,2,0,4,Normal,0.0,93,1.0
estadisticos,RandomForest,2,2,0,4,OR,0.007,22,1.0
estadisticos,RandomForest,2,2,0,4,OR,0.014,22,1.0
estadisticos,RandomForest,2,2,0,4,OR,0.021,22,1.0
estadisticos,RandomForest,2,3,1,0,B,0.007,24,1.0
estadisticos,RandomForest,2,3,1,0,B,0.014,24,1.0
estadisticos,RandomForest,2,3,1,0,B,0.021,24,1.0
estadisticos,RandomForest,2,3,1,0,IR,0.007,24,1.0
estadisticos,RandomForest,2,3,1,0,IR,0.014,24,0.875
estadisticos,RandomForest,2,3,1,0,IR,0.021,24,1.0
estadisticos,RandomForest,2,3,1,0,Normal,0.0,95,1.0
estadisticos,RandomForest,2,3,1,0,OR,0.007,24,1.0
estadisticos,RandomForest,2,3,1,0,OR,0.014,24,0.9583333333333334
estadisticos,RandomForest,2,3,1,0,OR,0.021,24,1.0
estadisticos,RandomForest,2,3,1,1,B,0.007,22,1.0
estadisticos,RandomForest,2,3,1,1,B,0.014,23,0.782608695652174
estadisticos,RandomForest,2,3,1,1,B,0.021,23,1.0
estadisticos,RandomForest,2,3,1,1,IR,0.007,23,1.0
estadisticos,RandomForest,2,3,1,1,IR,0.014,22,1.0
estadisticos,RandomForest,2,3,1,1,IR,0.021,23,1.0
estadisticos,RandomForest,2,3,1,1,Normal,0.0,94,1.0
estadisticos,RandomForest,2,3,1,1,OR,0.007,23,1.0
estadisticos,RandomForest,2,3,1,1,OR,0.014,23,0.9130434782608696
estadisticos,RandomForest,2,3,1,1,OR,0.021,23,0.9565217391304348
estadisticos,RandomForest,2,3,1,2,B,0.007,23,1.0
estadisticos,RandomForest,2,3,1,2,B,0.014,22,0.8636363636363636
estadisticos,RandomForest,2,3,1,2,B,0.021,22,1.0
estadisticos,RandomForest,2,3,1,2,IR,0.007,23,1.0
estadisticos,RandomForest,2,3,1,2,IR,0.014,23,0.9130434782608696
estadisticos,RandomForest,2,3,1,2,IR,0.021,22,1.0
estadisticos,RandomForest,2,3,1,2,Normal,0.0,93,1.0
estadisticos,RandomForest,2,3,1,2,OR,0.007,22,1.0
estadisticos,RandomForest,2,3,1,2,OR,0.014,22,1.0
estadisticos,RandomForest,2,3,1,2,OR,0.021,22,1.0
estadisticos,RandomForest,2,3,1,3,B,0.007,22,1.0
estadisticos,RandomForest,2,3,1,3,B,0.014,23,1.0
estadisticos,RandomForest,2,3,1,3,B,0.021,23,1.0
estadisticos,RandomForest,2,3,1,3,IR,0.007,23,1.0
estadisticos,RandomForest,2,3,1,3,IR,0.014,22,0.9545454545454546
estadisticos,RandomForest,2,3,1,3,IR,0.021,23,1.0
estadisticos,RandomForest,2,3,1,3,Normal,0.0,94,1.0
estadisticos,RandomForest,2,3,1,3,OR,0.007,23,1.0
estadisticos,RandomForest,2,3,1,3,OR,0.014,23,0.8260869565217391
estadisticos,RandomForest,2,3,1,3,OR,0.021,23,1.0
estadisticos,RandomForest,2,3,1,4,B,0.007,22,1.0
estadisticos,RandomForest,2,3,1,4,B,0.014,22,1.0
estadisticos,RandomForest,2,3,1,4,B,0.021,22,1.0
estadisticos,RandomForest,2,3,1,4,IR,0.007,22,1.0
estadisticos,RandomForest,2,3,1,4,IR,0.014,22,0.9090909090909092
estadisticos,RandomForest,2,3,1,4,IR,0.021,22,1.0
estadisticos,RandomForest,2,3,1,4,Normal,0.0,93,1.0
estadisticos,RandomForest,2,3,1,4,OR,0.007,22,1.0
estadisticos,RandomForest,2,3,1,4,OR,0.014,22,1.0
estadisticos,RandomForest,2,3,1,4,OR,0.021,22,1.0
estadisticos,RandomForest,3,0,3,0,B,0.007,24,1.0
estadisticos,RandomForest,3,0,3,0,B,0.014,24,0.7083333333333334
estadisticos,RandomForest,3,0,3,0,B,0.021,24,0.5833333333333334
estadisticos,RandomForest,3,0,3,0,IR,0.007,24,1.0
estadisticos,RandomForest,3,0,3,0,IR,0.014,24,0.125
estadisticos,RandomForest,3,0,3,0,IR,0.021,24,1.0
estadisticos,RandomForest,3,0,3,0,Normal,0.0,48,0.8958333333333334
estadisticos,RandomForest,3,0,3,0,OR,0.007,24,1.0
estadisticos,RandomForest,3,0,3,0,OR,0.014,24,0.0833333333333333
estadisticos,RandomForest,3,0,3,0,OR,0.021,24,1.0
estadisticos,RandomForest,3,0,3,1,B,0.007,23,1.0
estadisticos,RandomForest,3,0,3,1,B,0.014,22,1.0
estadisticos,RandomForest,3,0,3,1,B,0.021,23,0.9130434782608696
estadisticos,RandomForest,3,0,3,1,IR,0.007,22,1.0
estadisticos,RandomForest,3,0,3,1,IR,0.014,22,0.0
estadisticos,RandomForest,3,0,3,1,IR,0.021,23,0.8260869565217391
estadisticos,RandomForest,3,0,3,1,Normal,0.0,46,0.9565217391304348
estadisticos,RandomForest,3,0,3,1,OR,0.007,23,1.0
estadisticos,RandomForest,3,0,3,1,OR,0.014,22,0.0
estadisticos,RandomForest,3,0,3,1,OR,0.021,23,1.0
estadisticos,RandomForest,3,0,3,2,B,0.007,22,1.0
estadisticos,RandomForest,3,0,3,2,B,0.014,23,1.0
estadisticos,RandomForest,3,0,3,2,B,0.021,22,0.8636363636363636
estadisticos,RandomForest,3,0,3,2,IR,0.007,23,1.0
estadisticos,RandomForest,3,0,3,2,IR,0.014,23,0.1304347826086956
estadisticos,RandomForest,3,0,3,2,IR,0.021,22,1.0
estadisticos,RandomForest,3,0,3,2,Normal,0.0,47,0.851063829787234
estadisticos,RandomForest,3,0,3,2,OR,0.007,22,1.0
estadisticos,RandomForest,3,0,3,2,OR,0.014,23,0.0
estadisticos,RandomForest,3,0,3,2,OR,0.021,22,1.0
estadisticos,RandomForest,3,0,3,3,B,0.007,23,1.0
estadisticos,RandomForest,3,0,3,3,B,0.014,22,0.9090909090909092
estadisticos,RandomForest,3,0,3,3,B,0.021,23,0.8695652173913043
estadisticos,RandomForest,3,0,3,3,IR,0.007,22,1.0
estadisticos,RandomForest,3,0,3,3,IR,0.014,22,0.0
estadisticos,RandomForest,3,0,3,3,IR,0.021,23,1.0
estadisticos,RandomForest,3,0,3,3,Normal,0.0,46,0.7608695652173914
estadisticos,RandomForest,3,0,3,3,OR,0.007,23,1.0
estadisticos,RandomForest,3,0,3,3,OR,0.014,22,0.0
estadisticos,RandomForest,3,0,3,3,OR,0.021,23,1.0
estadisticos,RandomForest,3,0,3,4,B,0.007,22,1.0
estadisticos,RandomForest,3,0,3,4,B,0.014,22,0.7272727272727273
estadisticos,RandomForest,3,0,3,4,B,0.021,22,1.0
estadisticos,RandomForest,3,0,3,4,IR,0.007,22,1.0
estadisticos,RandomForest,3,0,3,4,IR,0.014,22,0.0
estadisticos,RandomForest,3,0,3,4,IR,0.021,22,0.8181818181818182
estadisticos,RandomForest,3,0,3,4,Normal,0.0,46,0.9782608695652174
estadisticos,RandomForest,3,0,3,4,OR,0.007,22,1.0
estadisticos,RandomForest,3,0,3,4,OR,0.014,22,0.0
estadisticos,RandomForest,3,0,3,4,OR,0.021,22,1.0
estadisticos,RandomForest,3,1,2,0,B,0.007,24,1.0
estadisticos,RandomForest,3,1,2,0,B,0.014,24,0.9583333333333334
estadisticos,RandomForest,3,1,2,0,B,0.021,24,0.9166666666666666
estadisticos,RandomForest,3,1,2,0,IR,0.007,24,1.0
estadisticos,RandomForest,3,1,2,0,IR,0.014,24,0.1666666666666666
estadisticos,RandomForest,3,1,2,0,IR,0.021,24,1.0
estadisticos,RandomForest,3,1,2,0,Normal,0.0,95,1.0
estadisticos,RandomForest,3,1,2,0,OR,0.007,24,1.0
estadisticos,RandomForest,3,1,2,0,OR,0.014,24,1.0
estadisticos,RandomForest,3,1,2,0,OR,0.021,24,1.0
estadisticos,RandomForest,3,1,2,1,B,0.007,22,1.0
estadisticos,RandomForest,3,1,2,1,B,0.014,23,0.9565217391304348
estadisticos,RandomForest,3,1,2,1,B,0.021,22,0.9545454545454546
estadisticos,RandomForest,3,1,2,1,IR,0.007,23,1.0
estadisticos,RandomForest,3,1,2,1,IR,0.014,22,0.0
estadisticos,RandomForest,3,1,2,1,IR,0.021,22,1.0
estadisticos,RandomForest,3,1,2,1,Normal,0.0,93,1.0
estadisticos,RandomForest,3,1,2,1,OR,0.007,23,1.0
estadisticos,RandomForest,3,1,2,1,OR,0.014,23,1.0
estadisticos,RandomForest,3,1,2,1,OR,0.021,23,1.0
estadisticos,RandomForest,3,1,2,2,B,0.007,23,1.0
estadisticos,RandomForest,3,1,2,2,B,0.014,22,0.7727272727272727
estadisticos,RandomForest,3,1,2,2,B,0.021,23,0.9565217391304348
estadisticos,RandomForest,3,1,2,2,IR,0.007,22,1.0
estadisticos,RandomForest,3,1,2,2,IR,0.014,23,0.5652173913043478
estadisticos,RandomForest,3,1,2,2,IR,0.021,23,1.0
estadisticos,RandomForest,3,1,2,2,Normal,0.0,93,1.0
estadisticos,RandomForest,3,1,2,2,OR,0.007,22,1.0
estadisticos,RandomForest,3,1,2,2,OR,0.014,22,1.0
estadisticos,RandomForest,3,1,2,2,OR,0.021,22,1.0
estadisticos,RandomForest,3,1,2,3,B,0.007,22,1.0
estadisticos,RandomForest,3,1,2,3,B,0.014,23,0.9130434782608696
estadisticos,RandomForest,3,1,2,3,B,0.021,22,0.9090909090909092
estadisticos,RandomForest,3,1,2,3,IR,0.007,23,1.0
estadisticos,RandomForest,3,1,2,3,IR,0.014,22,0.3181818181818182
estadisticos,RandomForest,3,1,2,3,IR,0.021,22,1.0
estadisticos,RandomForest,3,1,2,3,Normal,0.0,93,1.0
estadisticos,RandomForest,3,1,2,3,OR,0.007,23,1.0
estadisticos,RandomForest,3,1,2,3,OR,0.014,23,1.0
estadisticos,RandomForest,3,1,2,3,OR,0.021,23,1.0
estadisticos,RandomForest,3,1,2,4,B,0.007,22,1.0
estadisticos,RandomForest,3,1,2,4,B,0.014,22,1.0
estadisticos,RandomForest,3,1,2,4,B,0.021,22,0.8181818181818182
estadisticos,RandomForest,3,1,2,4,IR,0.007,22,1.0
estadisticos,RandomForest,3,1,2,4,IR,0.014,22,0.0
estadisticos,RandomForest,3,1,2,4,IR,0.021,22,1.0
estadisticos,RandomForest,3,1,2,4,Normal,0.0,93,1.0
estadisticos,RandomForest,3,1,2,4,OR,0.007,22,1.0
estadisticos,RandomForest,3,1,2,4,OR,0.014,22,1.0
estadisticos,RandomForest,3,1,2,4,OR,0.021,22,1.0
estadisticos,RandomForest,3,2,1,0,B,0.007,24,1.0
estadisticos,RandomForest,3,2,1,0,B,0.014,24,1.0
estadisticos,RandomForest,3,2,1,0,B,0.021,24,1.0
estadisticos,RandomForest,3,2,1,0,IR,0.007,24,1.0
estadisticos,RandomForest,3,2,1,0,IR,0.014,24,0.125
estadisticos,RandomForest,3,2,1,0,IR,0.021,24,1.0
estadisticos,RandomForest,3,2,1,0,Normal,0.0,95,1.0
estadisticos,RandomForest,3,2,1,0,OR,0.007,24,1.0
estadisticos,RandomForest,3,2,1,0,OR,0.014,24,1.0
estadisticos,RandomForest,3,2,1,0,OR,0.021,24,1.0
estadisticos,RandomForest,3,2,1,1,B,0.007,22,1.0
estadisticos,RandomForest,3,2,1,1,B,0.014,23,0.782608695652174
estadisticos,RandomForest,3,2,1,1,B,0.021,23,1.0
estadisticos,RandomForest,3,2,1,1,IR,0.007,23,1.0
estadisticos,RandomForest,3,2,1,1,IR,0.014,22,0.0
estadisticos,RandomForest,3,2,1,1,IR,0.021,22,1.0
estadisticos,RandomForest,3,2,1,1,Normal,0.0,93,1.0
estadisticos,RandomForest,3,2,1,1,OR,0.007,22,1.0
estadisticos,RandomForest,3,2,1,1,OR,0.014,22,1.0
estadisticos,RandomForest,3,2,1,1,OR,0.021,23,1.0
estadisticos,RandomForest,3,2,1,2,B,0.007,23,1.0
estadisticos,RandomForest,3,2,1,2,B,0.014,22,0.8181818181818182
estadisticos,RandomForest,3,2,1,2,B,0.021,22,1.0
estadisticos,RandomForest,3,2,1,2,IR,0.007,22,1.0
estadisticos,RandomForest,3,2,1,2,IR,0.014,23,0.6956521739130435
estadisticos,RandomForest,3,2,1,2,IR,0.021,23,1.0
estadisticos,RandomForest,3,2,1,2,Normal,0.0,94,1.0
estadisticos,RandomForest,3,2,1,2,OR,0.007,23,1.0
estadisticos,RandomForest,3,2,1,2,OR,0.014,23,0.8695652173913043
estadisticos,RandomForest,3,2,1,2,OR,0.021,22,1.0
estadisticos,RandomForest,3,2,1,3,B,0.007,22,1.0
estadisticos,RandomForest,3,2,1,3,B,0.014,23,0.6956521739130435
estadisticos,RandomForest,3,2,1,3,B,0.021,23,1.0
estadisticos,RandomForest,3,2,1,3,IR,0.007,23,1.0
estadisticos,RandomForest,3,2,1,3,IR,0.014,22,0.0
estadisticos,RandomForest,3,2,1,3,IR,0.021,22,1.0
estadisticos,RandomForest,3,2,1,3,Normal,0.0,93,1.0
estadisticos,RandomForest,3,2,1,3,OR,0.007,22,1.0
estadisticos,RandomForest,3,2,1,3,OR,0.014,22,1.0
estadisticos,RandomForest,3,2,1,3,OR,0.021,23,1.0
estadisticos,RandomForest,3,2,1,4,B,0.007,22,1.0
estadisticos,RandomForest,3,2,1,4,B,0.014,22,0.9090909090909092
estadisticos,RandomForest,3,2,1,4,B,0.021,22,1.0
estadisticos,RandomForest,3,2,1,4,IR,0.007,22,1.0
estadisticos,RandomForest,3,2,1,4,IR,0.014,22,0.1818181818181818
estadisticos,RandomForest,3,2,1,4,IR,0.021,22,1.0
estadisticos,RandomForest,3,2,1,4,Normal,0.0,93,1.0
estadisticos,RandomForest,3,2,1,4,OR,0.007,22,1.0
estadisticos,RandomForest,3,2,1,4,OR,0.014,22,1.0
estadisticos,RandomForest,3,2,1,4,OR,0.021,22,1.0
estadisticos,RandomForest,3,3,0,0,B,0.007,24,0.9166666666666666
estadisticos,RandomForest,3,3,0,0,B,0.014,24,1.0
estadisticos,RandomForest,3,3,0,0,B,0.021,24,1.0
estadisticos,RandomForest,3,3,0,0,IR,0.007,24,1.0
estadisticos,RandomForest,3,3,0,0,IR,0.014,24,1.0
estadisticos,RandomForest,3,3,0,0,IR,0.021,24,1.0
estadisticos,RandomForest,3,3,0,0,Normal,0.0,95,1.0
estadisticos,RandomForest,3,3,0,0,OR,0.007,24,1.0
estadisticos,RandomForest,3,3,0,0,OR,0.014,24,1.0
estadisticos,RandomForest,3,3,0,0,OR,0.021,24,1.0
estadisticos,RandomForest,3,3,0,1,B,0.007,22,1.0
estadisticos,RandomForest,3,3,0,1,B,0.014,23,0.9130434782608696
estadisticos,RandomForest,3,3,0,1,B,0.021,23,1.0
estadisticos,RandomForest,3,3,0,1,IR,0.007,23,1.0
estadisticos,RandomForest,3,3,0,1,IR,0.014,22,0.9545454545454546
estadisticos,RandomForest,3,3,0,1,IR,0.021,23,1.0
estadisticos,RandomForest,3,3,0,1,Normal,0.0,94,1.0
estadisticos,RandomForest,3,3,0,1,OR,0.007,23,1.0
estadisticos,RandomForest,3,3,0,1,OR,0.014,23,1.0
estadisticos,RandomForest,3,3,0,1,OR,0.021,23,1.0
estadisticos,RandomForest,3,3,0,2,B,0.007,23,1.0
estadisticos,RandomForest,3,3,0,2,B,0.014,22,0.7727272727272727
estadisticos,RandomForest,3,3,0,2,B,0.021,22,1.0
estadisticos,RandomForest,3,3,0,2,IR,0.007,23,1.0
estadisticos,RandomForest,3,3,0,2,IR,0.014,23,1.0
estadisticos,RandomForest,3,3,0,2,IR,0.021,22,1.0
estadisticos,RandomForest,3,3,0,2,Normal,0.0,93,1.0
estadisticos,RandomForest,3,3,0,2,OR,0.007,22,1.0
estadisticos,RandomForest,3,3,0,2,OR,0.014,22,0.9090909090909092
estadisticos,RandomForest,3,3,0,2,OR,0.021,22,1.0
estadisticos,RandomForest,3,3,0,3,B,0.007,22,1.0
estadisticos,RandomForest,3,3,0,3,B,0.014,23,0.9130434782608696
estadisticos,RandomForest,3,3,0,3,B,0.021,23,1.0
estadisticos,RandomForest,3,3,0,3,IR,0.007,23,1.0
estadisticos,RandomForest,3,3,0,3,IR,0.014,22,1.0
estadisticos,RandomForest,3,3,0,3,IR,0.021,23,1.0
estadisticos,RandomForest,3,3,0,3,Normal,0.0,94,1.0
estadisticos,RandomForest,3,3,0,3,OR,0.007,23,1.0
estadisticos,RandomForest,3,3,0,3,OR,0.014,23,0.9565217391304348
estadisticos,RandomForest,3,3,0,3,OR,0.021,23,1.0
estadisticos,RandomForest,3,3,0,4,B,0.007,22,1.0
estadisticos,RandomForest,3,3,0,4,B,0.014,22,1.0
estadisticos,RandomForest,3,3,0,4,B,0.021,22,1.0
estadisticos,RandomForest,3,3,0,4,IR,0.007,22,1.0
estadisticos,RandomForest,3,3,0,4,IR,0.014,22,0.9545454545454546
estadisticos,RandomForest,3,3,0,4,IR,0.021,22,1.0
estadisticos,RandomForest,3,3,0,4,Normal,0.0,93,1.0
estadisticos,RandomForest,3,3,0,4,OR,0.007,22,1.0
estadisticos,RandomForest,3,3,0,4,OR,0.014,22,1.0
estadisticos,RandomForest,3,3,0,4,OR,0.021,22,1.0
estadisticos,MLP,0,0,0,0,B,0.007,24,1.0
estadisticos,MLP,0,0,0,0,B,0.014,24,1.0
estadisticos,MLP,0,0,0,0,B,0.021,24,0.8333333333333334
estadisticos,MLP,0,0,0,0,IR,0.007,24,1.0
estadisticos,MLP,0,0,0,0,IR,0.014,24,0.9166666666666666
estadisticos,MLP,0,0,0,0,IR,0.021,24,1.0
estadisticos,MLP,0,0,0,0,Normal,0.0,48,1.0
estadisticos,MLP,0,0,0,0,OR,0.007,24,1.0
estadisticos,MLP,0,0,0,0,OR,0.014,24,0.5416666666666666
estadisticos,MLP,0,0,0,0,OR,0.021,24,1.0
estadisticos,MLP,0,0,0,1,B,0.007,23,1.0
estadisticos,MLP,0,0,0,1,B,0.014,22,0.9545454545454546
estadisticos,MLP,0,0,0,1,B,0.021,23,0.9130434782608696
estadisticos,MLP,0,0,0,1,IR,0.007,22,1.0
estadisticos,MLP,0,0,0,1,IR,0.014,22,1.0
estadisticos,MLP,0,0,0,1,IR,0.021,23,1.0
estadisticos,MLP,0,0,0,1,Normal,0.0,46,1.0
estadisticos,MLP,0,0,0,1,OR,0.007,23,1.0
estadisticos,MLP,0,0,0,1,OR,0.014,22,0.9545454545454546
estadisticos,MLP,0,0,0,1,OR,0.021,23,1.0
estadisticos,MLP,0,0,0,2,B,0.007,22,1.0
estadisticos,MLP,0,0,0,2,B,0.014,23,0.7391304347826086
estadisticos,MLP,0,0,0,2,B,0.021,22,0.9090909090909092
estadisticos,MLP,0,0,0,2,IR,0.007,23,1.0
estadisticos,MLP,0,0,0,2,IR,0.014,23,1.0
estadisticos,MLP,0,0,0,2,IR,0.021,22,1.0
estadisticos,MLP,0,0,0,2,Normal,0.0,47,1.0
estadisticos,MLP,0,0,0,2,OR,0.007,22,1.0
estadisticos,MLP,0,0,0,2,OR,0.014,23,1.0
estadisticos,MLP,0,0,0,2,OR,0.021,22,1.0
estadisticos,MLP,0,0,0,3,B,0.007,23,1.0
estadisticos,MLP,0,0,0,3,B,0.014,22,1.0
estadisticos,MLP,0,0,0,3,B,0.021,23,1.0
estadisticos,MLP,0,0,0,3,IR,0.007,22,1.0
estadisticos,MLP,0,0,0,3,IR,0.014,22,1.0
estadisticos,MLP,0,0,0,3,IR,0.021,23,1.0
estadisticos,MLP,0,0,0,3,Normal,0.0,46,1.0
estadisticos,MLP,0,0,0,3,OR,0.007,23,1.0
estadisticos,MLP,0,0,0,3,OR,0.014,22,1.0
estadisticos,MLP,0,0,0,3,OR,0.021,23,1.0
estadisticos,MLP,0,0,0,4,B,0.007,22,1.0
estadisticos,MLP,0,0,0,4,B,0.014,22,0.9090909090909092
estadisticos,MLP,0,0,0,4,B,0.021,22,0.9090909090909092
estadisticos,MLP,0,0,0,4,IR,0.007,22,1.0
estadisticos,MLP,0,0,0,4,IR,0.014,22,1.0
estadisticos,MLP,0,0,0,4,IR,0.021,22,1.0
estadisticos,MLP,0,0,0,4,Normal,0.0,46,1.0
estadisticos,MLP,0,0,0,4,OR,0.007,22,1.0
estadisticos,MLP,0,0,0,4,OR,0.014,22,0.8636363636363636
estadisticos,MLP,0,0,0,4,OR,0.021,22,1.0
estadisticos,MLP,0,1,1,0,B,0.007,24,1.0
estadisticos,MLP,0,1,1,0,B,0.014,24,1.0
estadisticos,MLP,0,1,1,0,B,0.021,24,1.0
estadisticos,MLP,0,1,1,0,IR,0.007,24,1.0
estadisticos,MLP,0,1,1,0,IR,0.014,24,0.0
estadisticos,MLP,0,1,1,0,IR,0.021,24,1.0
estadisticos,MLP,0,1,1,0,Normal,0.0,95,1.0
estadisticos,MLP,0,1,1,0,OR,0.007,24,0.0416666666666666
estadisticos,MLP,0,1,1,0,OR,0.014,24,0.0
estadisticos,MLP,0,1,1,0,OR,0.021,24,1.0
estadisticos,MLP,0,1,1,1,B,0.007,22,1.0
estadisticos,MLP,0,1,1,1,B,0.014,23,1.0
estadisticos,MLP,0,1,1,1,B,0.021,22,0.9545454545454546
estadisticos,MLP,0,1,1,1,IR,0.007,23,1.0
estadisticos,MLP,0,1,1,1,IR,0.014,22,0.0
estadisticos,MLP,0,1,1,1,IR,0.021,22,1.0
estadisticos,MLP,0,1,1,1,Normal,0.0,93,1.0
estadisticos,MLP,0,1,1,1,OR,0.007,23,1.0
estadisticos,MLP,0,1,1,1,OR,0.014,23,0.4782608695652174
estadisticos,MLP,0,1,1,1,OR,0.021,23,1.0
estadisticos,MLP,0,1,1,2,B,0.007,23,1.0
estadisticos,MLP,0,1,1,2,B,0.014,22,0.9545454545454546
estadisticos,MLP,0,1,1,2,B,0.021,23,0.3043478260869565
estadisticos,MLP,0,1,1,2,IR,0.007,22,1.0
estadisticos,MLP,0,1,1,2,IR,0.014,23,0.0
estadisticos,MLP,0,1,1,2,IR,0.021,23,1.0
estadisticos,MLP,0,1,1,2,Normal,0.0,93,0.935483870967742
estadisticos,MLP,0,1,1,2,OR,0.007,22,1.0
estadisticos,MLP,0,1,1,2,OR,0.014,22,0.7727272727272727
estadisticos,MLP,0,1,1,2,OR,0.021,22,1.0
estadisticos,MLP,0,1,1,3,B,0.007,22,1.0
estadisticos,MLP,0,1,1,3,B,0.014,23,1.0
estadisticos,MLP,0,1,1,3,B,0.021,22,1.0
estadisticos,MLP,0,1,1,3,IR,0.007,23,1.0
estadisticos,MLP,0,1,1,3,IR,0.014,22,0.0
estadisticos,MLP,0,1,1,3,IR,0.021,22,1.0
estadisticos,MLP,0,1,1,3,Normal,0.0,93,1.0
estadisticos,MLP,0,1,1,3,OR,0.007,23,0.9565217391304348
estadisticos,MLP,0,1,1,3,OR,0.014,23,0.0
estadisticos,MLP,0,1,1,3,OR,0.021,23,1.0
estadisticos,MLP,0,1,1,4,B,0.007,22,1.0
estadisticos,MLP,0,1,1,4,B,0.014,22,1.0
estadisticos,MLP,0,1,1,4,B,0.021,22,1.0
estadisticos,MLP,0,1,1,4,IR,0.007,22,1.0
estadisticos,MLP,0,1,1,4,IR,0.014,22,0.0
estadisticos,MLP,0,1,1,4,IR,0.021,22,1.0
estadisticos,MLP,0,1,1,4,Normal,0.0,93,0.978494623655914
estadisticos,MLP,0,1,1,4,OR,0.007,22,0.6818181818181818
estadisticos,MLP,0,1,1,4,OR,0.014,22,0.4090909090909091
estadisticos,MLP,0,1,1,4,OR,0.021,22,1.0
estadisticos,MLP,0,2,2,0,B,0.007,24,1.0
estadisticos,MLP,0,2,2,0,B,0.014,24,1.0
estadisticos,MLP,0,2,2,0,B,0.021,24,1.0
estadisticos,MLP,0,2,2,0,IR,0.007,24,1.0
estadisticos,MLP,0,2,2,0,IR,0.014,24,0.0
estadisticos,MLP,0,2,2,0,IR,0.021,24,1.0
estadisticos,MLP,0,2,2,0,Normal,0.0,95,1.0
estadisticos,MLP,0,2,2,0,OR,0.007,24,0.3333333333333333
estadisticos,MLP,0,2,2,0,OR,0.014,24,0.0
estadisticos,MLP,0,2,2,0,OR,0.021,24,1.0
estadisticos,MLP,0,2,2,1,B,0.007,22,1.0
estadisticos,MLP,0,2,2,1,B,0.014,23,1.0
estadisticos,MLP,0,2,2,1,B,0.021,23,0.8695652173913043
estadisticos,MLP,0,2,2,1,IR,0.007,23,1.0
estadisticos,MLP,0,2,2,1,IR,0.014,22,0.0
estadisticos,MLP,0,2,2,1,IR,0.021,22,1.0
estadisticos,MLP,0,2,2,1,Normal,0.0,93,0.989247311827957
estadisticos,MLP,0,2,2,1,OR,0.007,22,0.8181818181818182
estadisticos,MLP,0,2,2,1,OR,0.014,22,0.1818181818181818
estadisticos,MLP,0,2,2,1,OR,0.021,23,1.0
estadisticos,MLP,0,2,2,2,B,0.007,23,1.0
estadisticos,MLP,0,2,2,2,B,0.014,22,1.0
estadisticos,MLP,0,2,2,2,B,0.021,22,0.0909090909090909
estadisticos,MLP,0,2,2,2,IR,0.007,22,1.0
estadisticos,MLP,0,2,2,2,IR,0.014,23,0.0
estadisticos,MLP,0,2,2,2,IR,0.021,23,1.0
estadisticos,MLP,0,2,2,2,Normal,0.0,94,1.0
estadisticos,MLP,0,2,2,2,OR,0.007,23,1.0
estadisticos,MLP,0,2,2,2,OR,0.014,23,0.8260869565217391
estadisticos,MLP,0,2,2,2,OR,0.021,22,1.0
estadisticos,MLP,0,2,2,3,B,0.007,22,1.0
estadisticos,MLP,0,2,2,3,B,0.014,23,1.0
estadisticos,MLP,0,2,2,3,B,0.021,23,1.0
estadisticos,MLP,0,2,2,3,IR,0.007,23,1.0
estadisticos,MLP,0,2,2,3,IR,0.014,22,0.0
estadisticos,MLP,0,2,2,3,IR,0.021,22,1.0
estadisticos,MLP,0,2,2,3,Normal,0.0,93,1.0
estadisticos,MLP,0,2,2,3,OR,0.007,22,0.9545454545454546
estadisticos,MLP,0,2,2,3,OR,0.014,22,0.0
estadisticos,MLP,0,2,2,3,OR,0.021,23,1.0
estadisticos,MLP,0,2,2,4,B,0.007,22,1.0
estadisticos,MLP,0,2,2,4,B,0.014,22,1.0
estadisticos,MLP,0,2,2,4,B,0.021,22,1.0
estadisticos,MLP,0,2,2,4,IR,0.007,22,1.0
estadisticos,MLP,0,2,2,4,IR,0.014,22,0.0
estadisticos,MLP,0,2,2,4,IR,0.021,22,1.0
estadisticos,MLP,0,2,2,4,Normal,0.0,93,1.0
estadisticos,MLP,0,2,2,4,OR,0.007,22,0.6818181818181818
estadisticos,MLP,0,2,2,4,OR,0.014,22,0.1818181818181818
estadisticos,MLP,0,2,2,4,OR,0.021,22,1.0
estadisticos,MLP,0,3,3,0,B,0.007,24,1.0
estadisticos,MLP,0,3,3,0,B,0.014,24,1.0
estadisticos,MLP,0,3,3,0,B,0.021,24,1.0
estadisticos,MLP,0,3,3,0,IR,0.007,24,0.5
estadisticos,MLP,0,3,3,0,IR,0.014,24,0.0
estadisticos,MLP,0,3,3,0,IR,0.021,24,1.0
estadisticos,MLP,0,3,3,0,Normal,0.0,95,1.0
estadisticos,MLP,0,3,3,0,OR,0.007,24,0.9166666666666666
estadisticos,MLP,0,3,3,0,OR,0.014,24,0.0
estadisticos,MLP,0,3,3,0,OR,0.021,24,1.0
estadisticos,MLP,0,3,3,1,B,0.007,22,1.0
estadisticos,MLP,0,3,3,1,B,0.014,23,1.0
estadisticos,MLP,0,3,3,1,B,0.021,23,0.9565217391304348
estadisticos,MLP,0,3,3,1,IR,0.007,23,0.5217391304347826
estadisticos,MLP,0,3,3,1,IR,0.014,22,0.0
estadisticos,MLP,0,3,3,1,IR,0.021,23,1.0
estadisticos,MLP,0,3,3,1,Normal,0.0,94,1.0
estadisticos,MLP,0,3,3,1,OR,0.007,23,1.0
estadisticos,MLP,0,3,3,1,OR,0.014,23,0.0434782608695652
estadisticos,MLP,0,3,3,1,OR,0.021,23,0.9565217391304348
estadisticos,MLP,0,3,3,2,B,0.007,23,1.0
estadisticos,MLP,0,3,3,2,B,0.014,22,0.8636363636363636
estadisticos,MLP,0,3,3,2,B,0.021,22,0.3636363636363636
estadisticos,MLP,0,3,3,2,IR,0.007,23,0.1739130434782608
estadisticos,MLP,0,3,3,2,IR,0.014,23,0.0
estadisticos,MLP,0,3,3,2,IR,0.021,22,1.0
estadisticos,MLP,0,3,3,2,Normal,0.0,93,0.989247311827957
estadisticos,MLP,0,3,3,2,OR,0.007,22,1.0
estadisticos,MLP,0,3,3,2,OR,0.014,22,0.7727272727272727
estadisticos,MLP,0,3,3,2,OR,0.021,22,1.0
estadisticos,MLP,0,3,3,3,B,0.007,22,1.0
estadisticos,MLP,0,3,3,3,B,0.014,23,1.0
estadisticos,MLP,0,3,3,3,B,0.021,23,1.0
estadisticos,MLP,0,3,3,3,IR,0.007,23,0.5652173913043478
estadisticos,MLP,0,3,3,3,IR,0.014,22,0.0
estadisticos,MLP,0,3,3,3,IR,0.021,23,1.0
estadisticos,MLP,0,3,3,3,Normal,0.0,94,1.0
estadisticos,MLP,0,3,3,3,OR,0.007,23,1.0
estadisticos,MLP,0,3,3,3,OR,0.014,23,0.0
estadisticos,MLP,0,3,3,3,OR,0.021,23,1.0
estadisticos,MLP,0,3,3,4,B,0.007,22,1.0
estadisticos,MLP,0,3,3,4,B,0.014,22,0.9545454545454546
estadisticos,MLP,0,3,3,4,B,0.021,22,1.0
estadisticos,MLP,0,3,3,4,IR,0.007,22,0.6363636363636364
estadisticos,MLP,0,3,3,4,IR,0.014,22,0.0
estadisticos,MLP,0,3,3,4,IR,0.021,22,1.0
estadisticos,MLP,0,3,3,4,Normal,0.0,93,1.0
estadisticos,MLP,0,3,3,4,OR,0.007,22,0.8636363636363636
estadisticos,MLP,0,3,3,4,OR,0.014,22,0.0454545454545454
estadisticos,MLP,0,3,3,4,OR,0.021,22,1.0
estadisticos,MLP,1,0,1,0,B,0.007,24,0.0
estadisticos,MLP,1,0,1,0,B,0.014,24,0.7916666666666666
estadisticos,MLP,1,0,1,0,B,0.021,24,0.3333333333333333
estadisticos,MLP,1,0,1,0,IR,0.007,24,1.0
estadisticos,MLP,1,0,1,0,IR,0.014,24,0.0
estadisticos,MLP,1,0,1,0,IR,0.021,24,1.0
estadisticos,MLP,1,0,1,0,Normal,0.0,48,1.0
estadisticos,MLP,1,0,1,0,OR,0.007,24,0.0
estadisticos,MLP,1,0,1,0,OR,0.014,24,0.125
estadisticos,MLP,1,0,1,0,OR,0.021,24,1.0
estadisticos,MLP,1,0,1,1,B,0.007,23,0.6956521739130435
estadisticos,MLP,1,0,1,1,B,0.014,22,0.7272727272727273
estadisticos,MLP,1,0,1,1,B,0.021,23,0.0869565217391304
estadisticos,MLP,1,0,1,1,IR,0.007,22,1.0
estadisticos,MLP,1,0,1,1,IR,0.014,22,0.0
estadisticos,MLP,1,0,1,1,IR,0.021,23,1.0
estadisticos,MLP,1,0,1,1,Normal,0.0,46,0.9782608695652174
estadisticos,MLP,1,0,1,1,OR,0.007,23,0.0
estadisticos,MLP,1,0,1,1,OR,0.014,22,0.0
estadisticos,MLP,1,0,1,1,OR,0.021,23,1.0
estadisticos,MLP,1,0,1,2,B,0.007,22,0.1818181818181818
estadisticos,MLP,1,0,1,2,B,0.014,23,0.8695652173913043
estadisticos,MLP,1,0,1,2,B,0.021,22,0.1363636363636363
estadisticos,MLP,1,0,1,2,IR,0.007,23,1.0
estadisticos,MLP,1,0,1,2,IR,0.014,23,0.0
estadisticos,MLP,1,0,1,2,IR,0.021,22,1.0
estadisticos,MLP,1,0,1,2,Normal,0.0,47,1.0
estadisticos,MLP,1,0,1,2,OR,0.007,22,0.0
estadisticos,MLP,1,0,1,2,OR,0.014,23,0.0
estadisticos,MLP,1,0,1,2,OR,0.021,22,1.0
estadisticos,MLP,1,0,1,3,B,0.007,23,1.0
estadisticos,MLP,1,0,1,3,B,0.014,22,0.5909090909090909
estadisticos,MLP,1,0,1,3,B,0.021,23,0.1304347826086956
estadisticos,MLP,1,0,1,3,IR,0.007,22,1.0
estadisticos,MLP,1,0,1,3,IR,0.014,22,0.9090909090909092
estadisticos,MLP,1,0,1,3,IR,0.021,23,1.0
estadisticos,MLP,1,0,1,3,Normal,0.0,46,1.0
estadisticos,MLP,1,0,1,3,OR,0.007,23,0.0
estadisticos,MLP,1,0,1,3,OR,0.014,22,0.0
estadisticos,MLP,1,0,1,3,OR,0.021,23,1.0
estadisticos,MLP,1,0,1,4,B,0.007,22,0.2727272727272727
estadisticos,MLP,1,0,1,4,B,0.014,22,0.7727272727272727
estadisticos,MLP,1,0,1,4,B,0.021,22,0.0
estadisticos,MLP,1,0,1,4,IR,0.007,22,1.0
estadisticos,MLP,1,0,1,4,IR,0.014,22,0.0454545454545454
estadisticos,MLP,1,0,1,4,IR,0.021,22,1.0
estadisticos,MLP,1,0,1,4,Normal,0.0,46,1.0
estadisticos,MLP,1,0,1,4,OR,0.007,22,0.0
estadisticos,MLP,1,0,1,4,OR,0.014,22,0.0
estadisticos,MLP,1,0,1,4,OR,0.021,22,1.0
estadisticos,MLP,1,1,0,0,B,0.007,24,1.0
estadisticos,MLP,1,1,0,0,B,0.014,24,1.0
estadisticos,MLP,1,1,0,0,B,0.021,24,1.0
estadisticos,MLP,1,1,0,0,IR,0.007,24,1.0
estadisticos,MLP,1,1,0,0,IR,0.014,24,1.0
estadisticos,MLP,1,1,0,0,IR,0.021,24,1.0
estadisticos,MLP,1,1,0,0,Normal,0.0,95,1.0
estadisticos,MLP,1,1,0,0,OR,0.007,24,1.0
estadisticos,MLP,1,1,0,0,OR,0.014,24,1.0
estadisticos,MLP,1,1,0,0,OR,0.021,24,1.0
estadisticos,MLP,1,1,0,1,B,0.007,22,1.0
estadisticos,MLP,1,1,0,1,B,0.014,23,1.0
estadisticos,MLP,1,1,0,1,B,0.021,22,1.0
estadisticos,MLP,1,1,0,1,IR,0.007,23,1.0
estadisticos,MLP,1,1,0,1,IR,0.014,22,1.0
estadisticos,MLP,1,1,0,1,IR,0.021,22,1.0
estadisticos,MLP,1,1,0,1,Normal,0.0,93,1.0
estadisticos,MLP,1,1,0,1,OR,0.007,23,1.0
estadisticos,MLP,1,1,0,1,OR,0.014,23,1.0
estadisticos,MLP,1,1,0,1,OR,0.021,23,1.0
estadisticos,MLP,1,1,0,2,B,0.007,23,1.0
estadisticos,MLP,1,1,0,2,B,0.014,22,1.0
estadisticos,MLP,1,1,0,2,B,0.021,23,1.0
estadisticos,MLP,1,1,0,2,IR,0.007,22,1.0
estadisticos,MLP,1,1,0,2,IR,0.014,23,1.0
estadisticos,MLP,1,1,0,2,IR,0.021,23,1.0
estadisticos,MLP,1,1,0,2,Normal,0.0,93,1.0
estadisticos,MLP,1,1,0,2,OR,0.007,22,1.0
estadisticos,MLP,1,1,0,2,OR,0.014,22,0.9545454545454546
estadisticos,MLP,1,1,0,2,OR,0.021,22,1.0
estadisticos,MLP,1,1,0,3,B,0.007,22,1.0
estadisticos,MLP,1,1,0,3,B,0.014,23,0.9565217391304348
estadisticos,MLP,1,1,0,3,B,0.021,22,1.0
estadisticos,MLP,1,1,0,3,IR,0.007,23,1.0
estadisticos,MLP,1,1,0,3,IR,0.014,22,0.9090909090909092
estadisticos,MLP,1,1,0,3,IR,0.021,22,1.0
estadisticos,MLP,1,1,0,3,Normal,0.0,93,1.0
estadisticos,MLP,1,1,0,3,OR,0.007,23,1.0
estadisticos,MLP,1,1,0,3,OR,0.014,23,1.0
estadisticos,MLP,1,1,0,3,OR,0.021,23,1.0
estadisticos,MLP,1,1,0,4,B,0.007,22,1.0
estadisticos,MLP,1,1,0,4,B,0.014,22,1.0
estadisticos,MLP,1,1,0,4,B,0.021,22,0.9545454545454546
estadisticos,MLP,1,1,0,4,IR,0.007,22,1.0
estadisticos,MLP,1,1,0,4,IR,0.014,22,1.0
estadisticos,MLP,1,1,0,4,IR,0.021,22,1.0
estadisticos,MLP,1,1,0,4,Normal,0.0,93,1.0
estadisticos,MLP,1,1,0,4,OR,0.007,22,1.0
estadisticos,MLP,1,1,0,4,OR,0.014,22,0.8636363636363636
estadisticos,MLP,1,1,0,4,OR,0.021,22,1.0
estadisticos,MLP,1,2,1,0,B,0.007,24,1.0
estadisticos,MLP,1,2,1,0,B,0.014,24,1.0
estadisticos,MLP,1,2,1,0,B,0.021,24,1.0
estadisticos,MLP,1,2,1,0,IR,0.007,24,1.0
estadisticos,MLP,1,2,1,0,IR,0.014,24,1.0
estadisticos,MLP,1,2,1,0,IR,0.021,24,1.0
estadisticos,MLP,1,2,1,0,Normal,0.0,95,1.0
estadisticos,MLP,1,2,1,0,OR,0.007,24,1.0
estadisticos,MLP,1,2,1,0,OR,0.014,24,1.0
estadisticos,MLP,1,2,1,0,OR,0.021,24,1.0
estadisticos,MLP,1,2,1,1,B,0.007,22,1.0
estadisticos,MLP,1,2,1,1,B,0.014,23,0.782608695652174
estadisticos,MLP,1,2,1,1,B,0.021,23,1.0
estadisticos,MLP,1,2,1,1,IR,0.007,23,1.0
estadisticos,MLP,1,2,1,1,IR,0.014,22,1.0
estadisticos,MLP,1,2,1,1,IR,0.021,22,1.0
estadisticos,MLP,1,2,1,1,Normal,0.0,93,0.989247311827957
estadisticos,MLP,1,2,1,1,OR,0.007,22,1.0
estadisticos,MLP,1,2,1,1,OR,0.014,22,0.9545454545454546
estadisticos,MLP,1,2,1,1,OR,0.021,23,1.0
estadisticos,MLP,1,2,1,2,B,0.007,23,1.0
estadisticos,MLP,1,2,1,2,B,0.014,22,0.9545454545454546
estadisticos,MLP,1,2,1,2,B,0.021,22,1.0
estadisticos,MLP,1,2,1,2,IR,0.007,22,1.0
estadisticos,MLP,1,2,1,2,IR,0.014,23,1.0
estadisticos,MLP,1,2,1,2,IR,0.021,23,1.0
estadisticos,MLP,1,2,1,2,Normal,0.0,94,1.0
estadisticos,MLP,1,2,1,2,OR,0.007,23,1.0
estadisticos,MLP,1,2,1,2,OR,0.014,23,0.8695652173913043
estadisticos,MLP,1,2,1,2,OR,0.021,22,1.0
estadisticos,MLP,1,2,1,3,B,0.007,22,1.0
estadisticos,MLP,1,2,1,3,B,0.014,23,1.0
estadisticos,MLP,1,2,1,3,B,0.021,23,1.0
estadisticos,MLP,1,2,1,3,IR,0.007,23,1.0
estadisticos,MLP,1,2,1,3,IR,0.014,22,1.0
estadisticos,MLP,1,2,1,3,IR,0.021,22,1.0
estadisticos,MLP,1,2,1,3,Normal,0.0,93,1.0
estadisticos,MLP,1,2,1,3,OR,0.007,22,1.0
estadisticos,MLP,1,2,1,3,OR,0.014,22,1.0
estadisticos,MLP,1,2,1,3,OR,0.021,23,1.0
estadisticos,MLP,1,2,1,4,B,0.007,22,1.0
estadisticos,MLP,1,2,1,4,B,0.014,22,0.9090909090909092
estadisticos,MLP,1,2,1,4,B,0.021,22,1.0
estadisticos,MLP,1,2,1,4,IR,0.007,22,1.0
estadisticos,MLP,1,2,1,4,IR,0.014,22,1.0
estadisticos,MLP,1,2,1,4,IR,0.021,22,1.0
estadisticos,MLP,1,2,1,4,Normal,0.0,93,1.0
estadisticos,MLP,1,2,1,4,OR,0.007,22,1.0
estadisticos,MLP,1,2,1,4,OR,0.014,22,1.0
estadisticos,MLP,1,2,1,4,OR,0.021,22,1.0
estadisticos,MLP,1,3,2,0,B,0.007,24,1.0
estadisticos,MLP,1,3,2,0,B,0.014,24,1.0
estadisticos,MLP,1,3,2,0,B,0.021,24,1.0
estadisticos,MLP,1,3,2,0,IR,0.007,24,1.0
estadisticos,MLP,1,3,2,0,IR,0.014,24,1.0
estadisticos,MLP,1,3,2,0,IR,0.021,24,1.0
estadisticos,MLP,1,3,2,0,Normal,0.0,95,1.0
estadisticos,MLP,1,3,2,0,OR,0.007,24,1.0
estadisticos,MLP,1,3,2,0,OR,0.014,24,0.875
estadisticos,MLP,1,3,2,0,OR,0.021,24,1.0
estadisticos,MLP,1,3,2,1,B,0.007,22,1.0
estadisticos,MLP,1,3,2,1,B,0.014,23,0.8260869565217391
estadisticos,MLP,1,3,2,1,B,0.021,23,1.0
estadisticos,MLP,1,3,2,1,IR,0.007,23,1.0
estadisticos,MLP,1,3,2,1,IR,0.014,22,0.9545454545454546
estadisticos,MLP,1,3,2,1,IR,0.021,23,1.0
estadisticos,MLP,1,3,2,1,Normal,0.0,94,0.9893617021276596
estadisticos,MLP,1,3,2,1,OR,0.007,23,1.0
estadisticos,MLP,1,3,2,1,OR,0.014,23,0.8260869565217391
estadisticos,MLP,1,3,2,1,OR,0.021,23,1.0
estadisticos,MLP,1,3,2,2,B,0.007,23,1.0
estadisticos,MLP,1,3,2,2,B,0.014,22,0.5909090909090909
estadisticos,MLP,1,3,2,2,B,0.021,22,1.0
estadisticos,MLP,1,3,2,2,IR,0.007,23,0.9565217391304348
estadisticos,MLP,1,3,2,2,IR,0.014,23,1.0
estadisticos,MLP,1,3,2,2,IR,0.021,22,1.0
estadisticos,MLP,1,3,2,2,Normal,0.0,93,1.0
estadisticos,MLP,1,3,2,2,OR,0.007,22,1.0
estadisticos,MLP,1,3,2,2,OR,0.014,22,0.9090909090909092
estadisticos,MLP,1,3,2,2,OR,0.021,22,1.0
estadisticos,MLP,1,3,2,3,B,0.007,22,1.0
estadisticos,MLP,1,3,2,3,B,0.014,23,1.0
estadisticos,MLP,1,3,2,3,B,0.021,23,1.0
estadisticos,MLP,1,3,2,3,IR,0.007,23,1.0
estadisticos,MLP,1,3,2,3,IR,0.014,22,0.9545454545454546
estadisticos,MLP,1,3,2,3,IR,0.021,23,1.0
estadisticos,MLP,1,3,2,3,Normal,0.0,94,1.0
estadisticos,MLP,1,3,2,3,OR,0.007,23,1.0
estadisticos,MLP,1,3,2,3,OR,0.014,23,0.6956521739130435
estadisticos,MLP,1,3,2,3,OR,0.021,23,1.0
estadisticos,MLP,1,3,2,4,B,0.007,22,1.0
estadisticos,MLP,1,3,2,4,B,0.014,22,0.8636363636363636
estadisticos,MLP,1,3,2,4,B,0.021,22,1.0
estadisticos,MLP,1,3,2,4,IR,0.007,22,1.0
estadisticos,MLP,1,3,2,4,IR,0.014,22,1.0
estadisticos,MLP,1,3,2,4,IR,0.021,22,1.0
estadisticos,MLP,1,3,2,4,Normal,0.0,93,1.0
estadisticos,MLP,1,3,2,4,OR,0.007,22,1.0
estadisticos,MLP,1,3,2,4,OR,0.014,22,1.0
estadisticos,MLP,1,3,2,4,OR,0.021,22,1.0
estadisticos,MLP,2,0,2,0,B,0.007,24,0.0
estadisticos,MLP,2,0,2,0,B,0.014,24,0.875
estadisticos,MLP,2,0,2,0,B,0.021,24,0.125
estadisticos,MLP,2,0,2,0,IR,0.007,24,0.0
estadisticos,MLP,2,0,2,0,IR,0.014,24,0.0
estadisticos,MLP,2,0,2,0,IR,0.021,24,0.0
estadisticos,MLP,2,0,2,0,Normal,0.0,48,1.0
estadisticos,MLP,2,0,2,0,OR,0.007,24,0.0
estadisticos,MLP,2,0,2,0,OR,0.014,24,0.0833333333333333
estadisticos,MLP,2,0,2,0,OR,0.021,24,0.9583333333333334
estadisticos,MLP,2,0,2,1,B,0.007,23,0.0
estadisticos,MLP,2,0,2,1,B,0.014,22,0.8181818181818182
estadisticos,MLP,2,0,2,1,B,0.021,23,0.0
estadisticos,MLP,2,0,2,1,IR,0.007,22,0.0
estadisticos,MLP,2,0,2,1,IR,0.014,22,0.0
estadisticos,MLP,2,0,2,1,IR,0.021,23,0.5652173913043478
estadisticos,MLP,2,0,2,1,Normal,0.0,46,1.0
estadisticos,MLP,2,0,2,1,OR,0.007,23,0.0
estadisticos,MLP,2,0,2,1,OR,0.014,22,0.0
estadisticos,MLP,2,0,2,1,OR,0.021,23,1.0
estadisticos,MLP,2,0,2,2,B,0.007,22,0.0
estadisticos,MLP,2,0,2,2,B,0.014,23,1.0
estadisticos,MLP,2,0,2,2,B,0.021,22,0.0
estadisticos,MLP,2,0,2,2,IR,0.007,23,0.0
estadisticos,MLP,2,0,2,2,IR,0.014,23,0.0
estadisticos,MLP,2,0,2,2,IR,0.021,22,1.0
estadisticos,MLP,2,0,2,2,Normal,0.0,47,1.0
estadisticos,MLP,2,0,2,2,OR,0.007,22,0.0
estadisticos,MLP,2,0,2,2,OR,0.014,23,0.0
estadisticos,MLP,2,0,2,2,OR,0.021,22,1.0
estadisticos,MLP,2,0,2,3,B,0.007,23,0.0
estadisticos,MLP,2,0,2,3,B,0.014,22,0.7272727272727273
estadisticos,MLP,2,0,2,3,B,0.021,23,0.0
estadisticos,MLP,2,0,2,3,IR,0.007,22,0.0
estadisticos,MLP,2,0,2,3,IR,0.014,22,0.0
estadisticos,MLP,2,0,2,3,IR,0.021,23,1.0
estadisticos,MLP,2,0,2,3,Normal,0.0,46,1.0
estadisticos,MLP,2,0,2,3,OR,0.007,23,0.0
estadisticos,MLP,2,0,2,3,OR,0.014,22,0.0
estadisticos,MLP,2,0,2,3,OR,0.021,23,1.0
estadisticos,MLP,2,0,2,4,B,0.007,22,0.0
estadisticos,MLP,2,0,2,4,B,0.014,22,0.9545454545454546
estadisticos,MLP,2,0,2,4,B,0.021,22,0.0
estadisticos,MLP,2,0,2,4,IR,0.007,22,0.0
estadisticos,MLP,2,0,2,4,IR,0.014,22,0.0
estadisticos,MLP,2,0,2,4,IR,0.021,22,1.0
estadisticos,MLP,2,0,2,4,Normal,0.0,46,1.0
estadisticos,MLP,2,0,2,4,OR,0.007,22,0.0
estadisticos,MLP,2,0,2,4,OR,0.014,22,0.0
estadisticos,MLP,2,0,2,4,OR,0.021,22,1.0
estadisticos,MLP,2,1,1,0,B,0.007,24,0.9583333333333334
estadisticos,MLP,2,1,1,0,B,0.014,24,0.9583333333333334
estadisticos,MLP,2,1,1,0,B,0.021,24,1.0
estadisticos,MLP,2,1,1,0,IR,0.007,24,1.0
estadisticos,MLP,2,1,1,0,IR,0.014,24,1.0
estadisticos,MLP,2,1,1,0,IR,0.021,24,1.0
estadisticos,MLP,2,1,1,0,Normal,0.0,95,1.0
estadisticos,MLP,2,1,1,0,OR,0.007,24,1.0
estadisticos,MLP,2,1,1,0,OR,0.014,24,1.0
estadisticos,MLP,2,1,1,0,OR,0.021,24,1.0
estadisticos,MLP,2,1,1,1,B,0.007,22,0.8181818181818182
estadisticos,MLP,2,1,1,1,B,0.014,23,0.9565217391304348
estadisticos,MLP,2,1,1,1,B,0.021,22,1.0
estadisticos,MLP,2,1,1,1,IR,0.007,23,1.0
estadisticos,MLP,2,1,1,1,IR,0.014,22,1.0
estadisticos,MLP,2,1,1,1,IR,0.021,22,1.0
estadisticos,MLP,2,1,1,1,Normal,0.0,93,1.0
estadisticos,MLP,2,1,1,1,OR,0.007,23,1.0
estadisticos,MLP,2,1,1,1,OR,0.014,23,1.0
estadisticos,MLP,2,1,1,1,OR,0.021,23,1.0
estadisticos,MLP,2,1,1,2,B,0.007,23,1.0
estadisticos,MLP,2,1,1,2,B,0.014,22,1.0
estadisticos,MLP,2,1,1,2,B,0.021,23,1.0
estadisticos,MLP,2,1,1,2,IR,0.007,22,1.0
estadisticos,MLP,2,1,1,2,IR,0.014,23,1.0
estadisticos,MLP,2,1,1,2,IR,0.021,23,1.0
estadisticos,MLP,2,1,1,2,Normal,0.0,93,0.989247311827957
estadisticos,MLP,2,1,1,2,OR,0.007,22,1.0
estadisticos,MLP,2,1,1,2,OR,0.014,22,1.0
estadisticos,MLP,2,1,1,2,OR,0.021,22,1.0
estadisticos,MLP,2,1,1,3,B,0.007,22,1.0
estadisticos,MLP,2,1,1,3,B,0.014,23,1.0
estadisticos,MLP,2,1,1,3,B,0.021,22,0.9545454545454546
estadisticos,MLP,2,1,1,3,IR,0.007,23,1.0
estadisticos,MLP,2,1,1,3,IR,0.014,22,0.9545454545454546
estadisticos,MLP,2,1,1,3,IR,0.021,22,1.0
estadisticos,MLP,2,1,1,3,Normal,0.0,93,1.0
estadisticos,MLP,2,1,1,3,OR,0.007,23,1.0
estadisticos,MLP,2,1,1,3,OR,0.014,23,1.0
estadisticos,MLP,2,1,1,3,OR,0.021,23,1.0
estadisticos,MLP,2,1,1,4,B,0.007,22,1.0
estadisticos,MLP,2,1,1,4,B,0.014,22,1.0
estadisticos,MLP,2,1,1,4,B,0.021,22,0.5909090909090909
estadisticos,MLP,2,1,1,4,IR,0.007,22,1.0
estadisticos,MLP,2,1,1,4,IR,0.014,22,1.0
estadisticos,MLP,2,1,1,4,IR,0.021,22,1.0
estadisticos,MLP,2,1,1,4,Normal,0.0,93,1.0
estadisticos,MLP,2,1,1,4,OR,0.007,22,1.0
estadisticos,MLP,2,1,1,4,OR,0.014,22,1.0
estadisticos,MLP,2,1,1,4,OR,0.021,22,1.0
estadisticos,MLP,2,2,0,0,B,0.007,24,1.0
estadisticos,MLP,2,2,0,0,B,0.014,24,1.0
estadisticos,MLP,2,2,0,0,B,0.021,24,1.0
estadisticos,MLP,2,2,0,0,IR,0.007,24,1.0
estadisticos,MLP,2,2,0,0,IR,0.014,24,1.0
estadisticos,MLP,2,2,0,0,IR,0.021,24,1.0
estadisticos,MLP,2,2,0,0,Normal,0.0,95,1.0
estadisticos,MLP,2,2,0,0,OR,0.007,24,1.0
estadisticos,MLP,2,2,0,0,OR,0.014,24,1.0
estadisticos,MLP,2,2,0,0,OR,0.021,24,1.0
estadisticos,MLP,2,2,0,1,B,0.007,22,1.0
estadisticos,MLP,2,2,0,1,B,0.014,23,0.9130434782608696
estadisticos,MLP,2,2,0,1,B,0.021,23,1.0
estadisticos,MLP,2,2,0,1,IR,0.007,23,1.0
estadisticos,MLP,2,2,0,1,IR,0.014,22,1.0
estadisticos,MLP,2,2,0,1,IR,0.021,22,1.0
estadisticos,MLP,2,2,0,1,Normal,0.0,93,1.0
estadisticos,MLP,2,2,0,1,OR,0.007,22,1.0
estadisticos,MLP,2,2,0,1,OR,0.014,22,1.0
estadisticos,MLP,2,2,0,1,OR,0.021,23,1.0
estadisticos,MLP,2,2,0,2,B,0.007,23,1.0
estadisticos,MLP,2,2,0,2,B,0.014,22,1.0
estadisticos,MLP,2,2,0,2,B,0.021,22,1.0
estadisticos,MLP,2,2,0,2,IR,0.007,22,1.0
estadisticos,MLP,2,2,0,2,IR,0.014,23,1.0
estadisticos,MLP,2,2,0,2,IR,0.021,23,1.0
estadisticos,MLP,2,2,0,2,Normal,0.0,94,1.0
estadisticos,MLP,2,2,0,2,OR,0.007,23,1.0
estadisticos,MLP,2,2,0,2,OR,0.014,23,0.8260869565217391
estadisticos,MLP,2,2,0,2,OR,0.021,22,1.0
estadisticos,MLP,2,2,0,3,B,0.007,22,1.0
estadisticos,MLP,2,2,0,3,B,0.014,23,1.0
estadisticos,MLP,2,2,0,3,B,0.021,23,1.0
estadisticos,MLP,2,2,0,3,IR,0.007,23,1.0
estadisticos,MLP,2,2,0,3,IR,0.014,22,0.7272727272727273
estadisticos,MLP,2,2,0,3,IR,0.021,22,1.0
estadisticos,MLP,2,2,0,3,Normal,0.0,93,1.0
estadisticos,MLP,2,2,0,3,OR,0.007,22,1.0
estadisticos,MLP,2,2,0,3,OR,0.014,22,1.0
estadisticos,MLP,2,2,0,3,OR,0.021,23,1.0
estadisticos,MLP,2,2,0,4,B,0.007,22,1.0
estadisticos,MLP,2,2,0,4,B,0.014,22,1.0
estadisticos,MLP,2,2,0,4,B,0.021,22,0.8181818181818182
estadisticos,MLP,2,2,0,4,IR,0.007,22,1.0
estadisticos,MLP,2,2,0,4,IR,0.014,22,1.0
estadisticos,MLP,2,2,0,4,IR,0.021,22,1.0
estadisticos,MLP,2,2,0,4,Normal,0.0,93,1.0
estadisticos,MLP,2,2,0,4,OR,0.007,22,1.0
estadisticos,MLP,2,2,0,4,OR,0.014,22,1.0
estadisticos,MLP,2,2,0,4,OR,0.021,22,1.0
estadisticos,MLP,2,3,1,0,B,0.007,24,1.0
estadisticos,MLP,2,3,1,0,B,0.014,24,1.0
estadisticos,MLP,2,3,1,0,B,0.021,24,1.0
estadisticos,MLP,2,3,1,0,IR,0.007,24,1.0
estadisticos,MLP,2,3,1,0,IR,0.014,24,1.0
estadisticos,MLP,2,3,1,0,IR,0.021,24,1.0
estadisticos,MLP,2,3,1,0,Normal,0.0,95,1.0
estadisticos,MLP,2,3,1,0,OR,0.007,24,1.0
estadisticos,MLP,2,3,1,0,OR,0.014,24,0.9166666666666666
estadisticos,MLP,2,3,1,0,OR,0.021,24,1.0
estadisticos,MLP,2,3,1,1,B,0.007,22,1.0
estadisticos,MLP,2,3,1,1,B,0.014,23,0.8260869565217391
estadisticos,MLP,2,3,1,1,B,0.021,23,1.0
estadisticos,MLP,2,3,1,1,IR,0.007,23,1.0
estadisticos,MLP,2,3,1,1,IR,0.014,22,0.9545454545454546
estadisticos,MLP,2,3,1,1,IR,0.021,23,1.0
estadisticos,MLP,2,3,1,1,Normal,0.0,94,0.9893617021276596
estadisticos,MLP,2,3,1,1,OR,0.007,23,1.0
estadisticos,MLP,2,3,1,1,OR,0.014,23,0.9565217391304348
estadisticos,MLP,2,3,1,1,OR,0.021,23,1.0
estadisticos,MLP,2,3,1,2,B,0.007,23,1.0
estadisticos,MLP,2,3,1,2,B,0.014,22,0.8636363636363636
estadisticos,MLP,2,3,1,2,B,0.021,22,1.0
estadisticos,MLP,2,3,1,2,IR,0.007,23,1.0
estadisticos,MLP,2,3,1,2,IR,0.014,23,0.8260869565217391
estadisticos,MLP,2,3,1,2,IR,0.021,22,1.0
estadisticos,MLP,2,3,1,2,Normal,0.0,93,1.0
estadisticos,MLP,2,3,1,2,OR,0.007,22,1.0
estadisticos,MLP,2,3,1,2,OR,0.014,22,1.0
estadisticos,MLP,2,3,1,2,OR,0.021,22,1.0
estadisticos,MLP,2,3,1,3,B,0.007,22,1.0
estadisticos,MLP,2,3,1,3,B,0.014,23,1.0
estadisticos,MLP,2,3,1,3,B,0.021,23,1.0
estadisticos,MLP,2,3,1,3,IR,0.007,23,1.0
estadisticos,MLP,2,3,1,3,IR,0.014,22,1.0
estadisticos,MLP,2,3,1,3,IR,0.021,23,1.0
estadisticos,MLP,2,3,1,3,Normal,0.0,94,1.0
estadisticos,MLP,2,3,1,3,OR,0.007,23,1.0
estadisticos,MLP,2,3,1,3,OR,0.014,23,0.9565217391304348
estadisticos,MLP,2,3,1,3,OR,0.021,23,1.0
estadisticos,MLP,2,3,1,4,B,0.007,22,1.0
estadisticos,MLP,2,3,1,4,B,0.014,22,0.9545454545454546
estadisticos,MLP,2,3,1,4,B,0.021,22,1.0
estadisticos,MLP,2,3,1,4,IR,0.007,22,1.0
estadisticos,MLP,2,3,1,4,IR,0.014,22,1.0
estadisticos,MLP,2,3,1,4,IR,0.021,22,1.0
estadisticos,MLP,2,3,1,4,Normal,0.0,93,1.0
estadisticos,MLP,2,3,1,4,OR,0.007,22,1.0
estadisticos,MLP,2,3,1,4,OR,0.014,22,1.0
estadisticos,MLP,2,3,1,4,OR,0.021,22,1.0
estadisticos,MLP,3,0,3,0,B,0.007,24,0.0
estadisticos,MLP,3,0,3,0,B,0.014,24,0.7916666666666666
estadisticos,MLP,3,0,3,0,B,0.021,24,0.0833333333333333
estadisticos,MLP,3,0,3,0,IR,0.007,24,0.0
estadisticos,MLP,3,0,3,0,IR,0.014,24,0.0
estadisticos,MLP,3,0,3,0,IR,0.021,24,0.0
estadisticos,MLP,3,0,3,0,Normal,0.0,48,1.0
estadisticos,MLP,3,0,3,0,OR,0.007,24,0.0
estadisticos,MLP,3,0,3,0,OR,0.014,24,0.0416666666666666
estadisticos,MLP,3,0,3,0,OR,0.021,24,1.0
estadisticos,MLP,3,0,3,1,B,0.007,23,0.0
estadisticos,MLP,3,0,3,1,B,0.014,22,1.0
estadisticos,MLP,3,0,3,1,B,0.021,23,0.0
estadisticos,MLP,3,0,3,1,IR,0.007,22,0.0
estadisticos,MLP,3,0,3,1,IR,0.014,22,0.0
estadisticos,MLP,3,0,3,1,IR,0.021,23,0.0
estadisticos,MLP,3,0,3,1,Normal,0.0,46,1.0
estadisticos,MLP,3,0,3,1,OR,0.007,23,0.0
estadisticos,MLP,3,0,3,1,OR,0.014,22,0.0
estadisticos,MLP,3,0,3,1,OR,0.021,23,1.0
estadisticos,MLP,3,0,3,2,B,0.007,22,0.0
estadisticos,MLP,3,0,3,2,B,0.014,23,1.0
estadisticos,MLP,3,0,3,2,B,0.021,22,0.0
estadisticos,MLP,3,0,3,2,IR,0.007,23,0.0
estadisticos,MLP,3,0,3,2,IR,0.014,23,0.0
estadisticos,MLP,3,0,3,2,IR,0.021,22,0.0
estadisticos,MLP,3,0,3,2,Normal,0.0,47,1.0
estadisticos,MLP,3,0,3,2,OR,0.007,22,0.0
estadisticos,MLP,3,0,3,2,OR,0.014,23,0.0
estadisticos,MLP,3,0,3,2,OR,0.021,22,1.0
estadisticos,MLP,3,0,3,3,B,0.007,23,0.0
estadisticos,MLP,3,0,3,3,B,0.014,22,0.9545454545454546
estadisticos,MLP,3,0,3,3,B,0.021,23,0.0
estadisticos,MLP,3,0,3,3,IR,0.007,22,0.0
estadisticos,MLP,3,0,3,3,IR,0.014,22,0.0
estadisticos,MLP,3,0,3,3,IR,0.021,23,0.0
estadisticos,MLP,3,0,3,3,Normal,0.0,46,1.0
estadisticos,MLP,3,0,3,3,OR,0.007,23,0.0
estadisticos,MLP,3,0,3,3,OR,0.014,22,0.0
estadisticos,MLP,3,0,3,3,OR,0.021,23,1.0
estadisticos,MLP,3,0,3,4,B,0.007,22,0.0
estadisticos,MLP,3,0,3,4,B,0.014,22,0.9090909090909092
estadisticos,MLP,3,0,3,4,B,0.021,22,0.0
estadisticos,MLP,3,0,3,4,IR,0.007,22,0.0
estadisticos,MLP,3,0,3,4,IR,0.014,22,0.0
estadisticos,MLP,3,0,3,4,IR,0.021,22,0.2272727272727272
estadisticos,MLP,3,0,3,4,Normal,0.0,46,1.0
estadisticos,MLP,3,0,3,4,OR,0.007,22,0.0
estadisticos,MLP,3,0,3,4,OR,0.014,22,0.0
estadisticos,MLP,3,0,3,4,OR,0.021,22,1.0
estadisticos,MLP,3,1,2,0,B,0.007,24,1.0
estadisticos,MLP,3,1,2,0,B,0.014,24,0.9166666666666666
estadisticos,MLP,3,1,2,0,B,0.021,24,0.875
estadisticos,MLP,3,1,2,0,IR,0.007,24,0.9583333333333334
estadisticos,MLP,3,1,2,0,IR,0.014,24,0.4583333333333333
estadisticos,MLP,3,1,2,0,IR,0.021,24,1.0
estadisticos,MLP,3,1,2,0,Normal,0.0,95,1.0
estadisticos,MLP,3,1,2,0,OR,0.007,24,1.0
estadisticos,MLP,3,1,2,0,OR,0.014,24,1.0
estadisticos,MLP,3,1,2,0,OR,0.021,24,1.0
estadisticos,MLP,3,1,2,1,B,0.007,22,1.0
estadisticos,MLP,3,1,2,1,B,0.014,23,1.0
estadisticos,MLP,3,1,2,1,B,0.021,22,1.0
estadisticos,MLP,3,1,2,1,IR,0.007,23,0.9130434782608696
estadisticos,MLP,3,1,2,1,IR,0.014,22,0.5454545454545454
estadisticos,MLP,3,1,2,1,IR,0.021,22,1.0
estadisticos,MLP,3,1,2,1,Normal,0.0,93,1.0
estadisticos,MLP,3,1,2,1,OR,0.007,23,1.0
estadisticos,MLP,3,1,2,1,OR,0.014,23,0.8695652173913043
estadisticos,MLP,3,1,2,1,OR,0.021,23,1.0
estadisticos,MLP,3,1,2,2,B,0.007,23,1.0
estadisticos,MLP,3,1,2,2,B,0.014,22,1.0
estadisticos,MLP,3,1,2,2,B,0.021,23,0.9565217391304348
estadisticos,MLP,3,1,2,2,IR,0.007,22,0.6818181818181818
estadisticos,MLP,3,1,2,2,IR,0.014,23,0.4347826086956521
estadisticos,MLP,3,1,2,2,IR,0.021,23,1.0
estadisticos,MLP,3,1,2,2,Normal,0.0,93,1.0
estadisticos,MLP,3,1,2,2,OR,0.007,22,1.0
estadisticos,MLP,3,1,2,2,OR,0.014,22,1.0
estadisticos,MLP,3,1,2,2,OR,0.021,22,1.0
estadisticos,MLP,3,1,2,3,B,0.007,22,1.0
estadisticos,MLP,3,1,2,3,B,0.014,23,1.0
estadisticos,MLP,3,1,2,3,B,0.021,22,0.8636363636363636
estadisticos,MLP,3,1,2,3,IR,0.007,23,1.0
estadisticos,MLP,3,1,2,3,IR,0.014,22,0.9545454545454546
estadisticos,MLP,3,1,2,3,IR,0.021,22,1.0
estadisticos,MLP,3,1,2,3,Normal,0.0,93,1.0
estadisticos,MLP,3,1,2,3,OR,0.007,23,1.0
estadisticos,MLP,3,1,2,3,OR,0.014,23,1.0
estadisticos,MLP,3,1,2,3,OR,0.021,23,1.0
estadisticos,MLP,3,1,2,4,B,0.007,22,1.0
estadisticos,MLP,3,1,2,4,B,0.014,22,1.0
estadisticos,MLP,3,1,2,4,B,0.021,22,0.6363636363636364
estadisticos,MLP,3,1,2,4,IR,0.007,22,1.0
estadisticos,MLP,3,1,2,4,IR,0.014,22,0.9090909090909092
estadisticos,MLP,3,1,2,4,IR,0.021,22,1.0
estadisticos,MLP,3,1,2,4,Normal,0.0,93,1.0
estadisticos,MLP,3,1,2,4,OR,0.007,22,1.0
estadisticos,MLP,3,1,2,4,OR,0.014,22,0.5
estadisticos,MLP,3,1,2,4,OR,0.021,22,1.0
estadisticos,MLP,3,2,1,0,B,0.007,24,1.0
estadisticos,MLP,3,2,1,0,B,0.014,24,1.0
estadisticos,MLP,3,2,1,0,B,0.021,24,1.0
estadisticos,MLP,3,2,1,0,IR,0.007,24,1.0
estadisticos,MLP,3,2,1,0,IR,0.014,24,0.9166666666666666
estadisticos,MLP,3,2,1,0,IR,0.021,24,1.0
estadisticos,MLP,3,2,1,0,Normal,0.0,95,1.0
estadisticos,MLP,3,2,1,0,OR,0.007,24,1.0
estadisticos,MLP,3,2,1,0,OR,0.014,24,1.0
estadisticos,MLP,3,2,1,0,OR,0.021,24,1.0
estadisticos,MLP,3,2,1,1,B,0.007,22,1.0
estadisticos,MLP,3,2,1,1,B,0.014,23,0.9565217391304348
estadisticos,MLP,3,2,1,1,B,0.021,23,1.0
estadisticos,MLP,3,2,1,1,IR,0.007,23,1.0
estadisticos,MLP,3,2,1,1,IR,0.014,22,1.0
estadisticos,MLP,3,2,1,1,IR,0.021,22,1.0
estadisticos,MLP,3,2,1,1,Normal,0.0,93,1.0
estadisticos,MLP,3,2,1,1,OR,0.007,22,1.0
estadisticos,MLP,3,2,1,1,OR,0.014,22,0.8181818181818182
estadisticos,MLP,3,2,1,1,OR,0.021,23,1.0
estadisticos,MLP,3,2,1,2,B,0.007,23,1.0
estadisticos,MLP,3,2,1,2,B,0.014,22,1.0
estadisticos,MLP,3,2,1,2,B,0.021,22,1.0
estadisticos,MLP,3,2,1,2,IR,0.007,22,1.0
estadisticos,MLP,3,2,1,2,IR,0.014,23,0.5217391304347826
estadisticos,MLP,3,2,1,2,IR,0.021,23,1.0
estadisticos,MLP,3,2,1,2,Normal,0.0,94,1.0
estadisticos,MLP,3,2,1,2,OR,0.007,23,1.0
estadisticos,MLP,3,2,1,2,OR,0.014,23,0.7391304347826086
estadisticos,MLP,3,2,1,2,OR,0.021,22,1.0
estadisticos,MLP,3,2,1,3,B,0.007,22,1.0
estadisticos,MLP,3,2,1,3,B,0.014,23,0.9565217391304348
estadisticos,MLP,3,2,1,3,B,0.021,23,1.0
estadisticos,MLP,3,2,1,3,IR,0.007,23,1.0
estadisticos,MLP,3,2,1,3,IR,0.014,22,0.5454545454545454
estadisticos,MLP,3,2,1,3,IR,0.021,22,1.0
estadisticos,MLP,3,2,1,3,Normal,0.0,93,1.0
estadisticos,MLP,3,2,1,3,OR,0.007,22,1.0
estadisticos,MLP,3,2,1,3,OR,0.014,22,1.0
estadisticos,MLP,3,2,1,3,OR,0.021,23,1.0
estadisticos,MLP,3,2,1,4,B,0.007,22,1.0
estadisticos,MLP,3,2,1,4,B,0.014,22,1.0
estadisticos,MLP,3,2,1,4,B,0.021,22,1.0
estadisticos,MLP,3,2,1,4,IR,0.007,22,1.0
estadisticos,MLP,3,2,1,4,IR,0.014,22,0.8181818181818182
estadisticos,MLP,3,2,1,4,IR,0.021,22,1.0
estadisticos,MLP,3,2,1,4,Normal,0.0,93,1.0
estadisticos,MLP,3,2,1,4,OR,0.007,22,1.0
estadisticos,MLP,3,2,1,4,OR,0.014,22,0.8636363636363636
estadisticos,MLP,3,2,1,4,OR,0.021,22,1.0
estadisticos,MLP,3,3,0,0,B,0.007,24,1.0
estadisticos,MLP,3,3,0,0,B,0.014,24,1.0
estadisticos,MLP,3,3,0,0,B,0.021,24,1.0
estadisticos,MLP,3,3,0,0,IR,0.007,24,1.0
estadisticos,MLP,3,3,0,0,IR,0.014,24,1.0
estadisticos,MLP,3,3,0,0,IR,0.021,24,1.0
estadisticos,MLP,3,3,0,0,Normal,0.0,95,1.0
estadisticos,MLP,3,3,0,0,OR,0.007,24,1.0
estadisticos,MLP,3,3,0,0,OR,0.014,24,1.0
estadisticos,MLP,3,3,0,0,OR,0.021,24,1.0
estadisticos,MLP,3,3,0,1,B,0.007,22,1.0
estadisticos,MLP,3,3,0,1,B,0.014,23,0.9130434782608696
estadisticos,MLP,3,3,0,1,B,0.021,23,1.0
estadisticos,MLP,3,3,0,1,IR,0.007,23,1.0
estadisticos,MLP,3,3,0,1,IR,0.014,22,1.0
estadisticos,MLP,3,3,0,1,IR,0.021,23,1.0
estadisticos,MLP,3,3,0,1,Normal,0.0,94,0.9680851063829788
estadisticos,MLP,3,3,0,1,OR,0.007,23,1.0
estadisticos,MLP,3,3,0,1,OR,0.014,23,0.9565217391304348
estadisticos,MLP,3,3,0,1,OR,0.021,23,1.0
estadisticos,MLP,3,3,0,2,B,0.007,23,1.0
estadisticos,MLP,3,3,0,2,B,0.014,22,1.0
estadisticos,MLP,3,3,0,2,B,0.021,22,1.0
estadisticos,MLP,3,3,0,2,IR,0.007,23,1.0
estadisticos,MLP,3,3,0,2,IR,0.014,23,1.0
estadisticos,MLP,3,3,0,2,IR,0.021,22,1.0
estadisticos,MLP,3,3,0,2,Normal,0.0,93,1.0
estadisticos,MLP,3,3,0,2,OR,0.007,22,1.0
estadisticos,MLP,3,3,0,2,OR,0.014,22,1.0
estadisticos,MLP,3,3,0,2,OR,0.021,22,1.0
estadisticos,MLP,3,3,0,3,B,0.007,22,1.0
estadisticos,MLP,3,3,0,3,B,0.014,23,1.0
estadisticos,MLP,3,3,0,3,B,0.021,23,1.0
estadisticos,MLP,3,3,0,3,IR,0.007,23,1.0
estadisticos,MLP,3,3,0,3,IR,0.014,22,1.0
estadisticos,MLP,3,3,0,3,IR,0.021,23,1.0
estadisticos,MLP,3,3,0,3,Normal,0.0,94,1.0
estadisticos,MLP,3,3,0,3,OR,0.007,23,1.0
estadisticos,MLP,3,3,0,3,OR,0.014,23,0.9565217391304348
estadisticos,MLP,3,3,0,3,OR,0.021,23,1.0
estadisticos,MLP,3,3,0,4,B,0.007,22,1.0
estadisticos,MLP,3,3,0,4,B,0.014,22,1.0
estadisticos,MLP,3,3,0,4,B,0.021,22,1.0
estadisticos,MLP,3,3,0,4,IR,0.007,22,1.0
estadisticos,MLP,3,3,0,4,IR,0.014,22,1.0
estadisticos,MLP,3,3,0,4,IR,0.021,22,1.0
estadisticos,MLP,3,3,0,4,Normal,0.0,93,1.0
estadisticos,MLP,3,3,0,4,OR,0.007,22,1.0
estadisticos,MLP,3,3,0,4,OR,0.014,22,1.0
estadisticos,MLP,3,3,0,4,OR,0.021,22,1.0
fft,SVM-RBF,0,0,0,0,B,0.007,24,1.0
fft,SVM-RBF,0,0,0,0,B,0.014,24,1.0
fft,SVM-RBF,0,0,0,0,B,0.021,24,1.0
fft,SVM-RBF,0,0,0,0,IR,0.007,24,1.0
fft,SVM-RBF,0,0,0,0,IR,0.014,24,1.0
fft,SVM-RBF,0,0,0,0,IR,0.021,24,1.0
fft,SVM-RBF,0,0,0,0,Normal,0.0,48,1.0
fft,SVM-RBF,0,0,0,0,OR,0.007,24,1.0
fft,SVM-RBF,0,0,0,0,OR,0.014,24,1.0
fft,SVM-RBF,0,0,0,0,OR,0.021,24,1.0
fft,SVM-RBF,0,0,0,1,B,0.007,23,1.0
fft,SVM-RBF,0,0,0,1,B,0.014,22,1.0
fft,SVM-RBF,0,0,0,1,B,0.021,23,1.0
fft,SVM-RBF,0,0,0,1,IR,0.007,22,1.0
fft,SVM-RBF,0,0,0,1,IR,0.014,22,1.0
fft,SVM-RBF,0,0,0,1,IR,0.021,23,1.0
fft,SVM-RBF,0,0,0,1,Normal,0.0,46,1.0
fft,SVM-RBF,0,0,0,1,OR,0.007,23,1.0
fft,SVM-RBF,0,0,0,1,OR,0.014,22,1.0
fft,SVM-RBF,0,0,0,1,OR,0.021,23,1.0
fft,SVM-RBF,0,0,0,2,B,0.007,22,1.0
fft,SVM-RBF,0,0,0,2,B,0.014,23,1.0
fft,SVM-RBF,0,0,0,2,B,0.021,22,1.0
fft,SVM-RBF,0,0,0,2,IR,0.007,23,1.0
fft,SVM-RBF,0,0,0,2,IR,0.014,23,1.0
fft,SVM-RBF,0,0,0,2,IR,0.021,22,1.0
fft,SVM-RBF,0,0,0,2,Normal,0.0,47,1.0
fft,SVM-RBF,0,0,0,2,OR,0.007,22,1.0
fft,SVM-RBF,0,0,0,2,OR,0.014,23,1.0
fft,SVM-RBF,0,0,0,2,OR,0.021,22,1.0
fft,SVM-RBF,0,0,0,3,B,0.007,23,1.0
fft,SVM-RBF,0,0,0,3,B,0.014,22,1.0
fft,SVM-RBF,0,0,0,3,B,0.021,23,1.0
fft,SVM-RBF,0,0,0,3,IR,0.007,22,1.0
fft,SVM-RBF,0,0,0,3,IR,0.014,22,1.0
fft,SVM-RBF,0,0,0,3,IR,0.021,23,0.8695652173913043
fft,SVM-RBF,0,0,0,3,Normal,0.0,46,1.0
fft,SVM-RBF,0,0,0,3,OR,0.007,23,1.0
fft,SVM-RBF,0,0,0,3,OR,0.014,22,1.0
fft,SVM-RBF,0,0,0,3,OR,0.021,23,1.0
fft,SVM-RBF,0,0,0,4,B,0.007,22,1.0
fft,SVM-RBF,0,0,0,4,B,0.014,22,1.0
fft,SVM-RBF,0,0,0,4,B,0.021,22,1.0
fft,SVM-RBF,0,0,0,4,IR,0.007,22,1.0
fft,SVM-RBF,0,0,0,4,IR,0.014,22,1.0
fft,SVM-RBF,0,0,0,4,IR,0.021,22,1.0
fft,SVM-RBF,0,0,0,4,Normal,0.0,46,1.0
fft,SVM-RBF,0,0,0,4,OR,0.007,22,1.0
fft,SVM-RBF,0,0,0,4,OR,0.014,22,1.0
fft,SVM-RBF,0,0,0,4,OR,0.021,22,1.0
fft,SVM-RBF,0,1,1,0,B,0.007,24,1.0
fft,SVM-RBF,0,1,1,0,B,0.014,24,1.0
fft,SVM-RBF,0,1,1,0,B,0.021,24,1.0
fft,SVM-RBF,0,1,1,0,IR,0.007,24,0.0
fft,SVM-RBF,0,1,1,0,IR,0.014,24,0.9166666666666666
fft,SVM-RBF,0,1,1,0,IR,0.021,24,0.0
fft,SVM-RBF,0,1,1,0,Normal,0.0,95,1.0
fft,SVM-RBF,0,1,1,0,OR,0.007,24,1.0
fft,SVM-RBF,0,1,1,0,OR,0.014,24,1.0
fft,SVM-RBF,0,1,1,0,OR,0.021,24,1.0
fft,SVM-RBF,0,1,1,1,B,0.007,22,1.0
fft,SVM-RBF,0,1,1,1,B,0.014,23,1.0
fft,SVM-RBF,0,1,1,1,B,0.021,22,1.0
fft,SVM-RBF,0,1,1,1,IR,0.007,23,0.0
fft,SVM-RBF,0,1,1,1,IR,0.014,22,0.7272727272727273
fft,SVM-RBF,0,1,1,1,IR,0.021,22,0.0
fft,SVM-RBF,0,1,1,1,Normal,0.0,93,1.0
fft,SVM-RBF,0,1,1,1,OR,0.007,23,1.0
fft,SVM-RBF,0,1,1,1,OR,0.014,23,1.0
fft,SVM-RBF,0,1,1,1,OR,0.021,23,1.0
fft,SVM-RBF,0,1,1,2,B,0.007,23,1.0
fft,SVM-RBF,0,1,1,2,B,0.014,22,1.0
fft,SVM-RBF,0,1,1,2,B,0.021,23,1.0
fft,SVM-RBF,0,1,1,2,IR,0.007,22,0.0
fft,SVM-RBF,0,1,1,2,IR,0.014,23,0.6086956521739131
fft,SVM-RBF,0,1,1,2,IR,0.021,23,0.0
fft,SVM-RBF,0,1,1,2,Normal,0.0,93,1.0
fft,SVM-RBF,0,1,1,2,OR,0.007,22,1.0
fft,SVM-RBF,0,1,1,2,OR,0.014,22,1.0
fft,SVM-RBF,0,1,1,2,OR,0.021,22,1.0
fft,SVM-RBF,0,1,1,3,B,0.007,22,1.0
fft,SVM-RBF,0,1,1,3,B,0.014,23,1.0
fft,SVM-RBF,0,1,1,3,B,0.021,22,1.0
fft,SVM-RBF,0,1,1,3,IR,0.007,23,0.0
fft,SVM-RBF,0,1,1,3,IR,0.014,22,0.8636363636363636
fft,SVM-RBF,0,1,1,3,IR,0.021,22,0.0
fft,SVM-RBF,0,1,1,3,Normal,0.0,93,1.0
fft,SVM-RBF,0,1,1,3,OR,0.007,23,1.0
fft,SVM-RBF,0,1,1,3,OR,0.014,23,1.0
fft,SVM-RBF,0,1,1,3,OR,0.021,23,1.0
fft,SVM-RBF,0,1,1,4,B,0.007,22,1.0
fft,SVM-RBF,0,1,1,4,B,0.014,22,1.0
fft,SVM-RBF,0,1,1,4,B,0.021,22,1.0
fft,SVM-RBF,0,1,1,4,IR,0.007,22,0.0
fft,SVM-RBF,0,1,1,4,IR,0.014,22,0.7272727272727273
fft,SVM-RBF,0,1,1,4,IR,0.021,22,0.0
fft,SVM-RBF,0,1,1,4,Normal,0.0,93,1.0
fft,SVM-RBF,0,1,1,4,OR,0.007,22,1.0
fft,SVM-RBF,0,1,1,4,OR,0.014,22,1.0
fft,SVM-RBF,0,1,1,4,OR,0.021,22,1.0
fft,SVM-RBF,0,2,2,0,B,0.007,24,1.0
fft,SVM-RBF,0,2,2,0,B,0.014,24,1.0
fft,SVM-RBF,0,2,2,0,B,0.021,24,1.0
fft,SVM-RBF,0,2,2,0,IR,0.007,24,0.0
fft,SVM-RBF,0,2,2,0,IR,0.014,24,0.75
fft,SVM-RBF,0,2,2,0,IR,0.021,24,0.0
fft,SVM-RBF,0,2,2,0,Normal,0.0,95,1.0
fft,SVM-RBF,0,2,2,0,OR,0.007,24,1.0
fft,SVM-RBF,0,2,2,0,OR,0.014,24,1.0
fft,SVM-RBF,0,2,2,0,OR,0.021,24,1.0
fft,SVM-RBF,0,2,2,1,B,0.007,22,1.0
fft,SVM-RBF,0,2,2,1,B,0.014,23,1.0
fft,SVM-RBF,0,2,2,1,B,0.021,23,1.0
fft,SVM-RBF,0,2,2,1,IR,0.007,23,0.0
fft,SVM-RBF,0,2,2,1,IR,0.014,22,0.7272727272727273
fft,SVM-RBF,0,2,2,1,IR,0.021,22,0.0
fft,SVM-RBF,0,2,2,1,Normal,0.0,93,1.0
fft,SVM-RBF,0,2,2,1,OR,0.007,22,1.0
fft,SVM-RBF,0,2,2,1,OR,0.014,22,1.0
fft,SVM-RBF,0,2,2,1,OR,0.021,23,1.0
fft,SVM-RBF,0,2,2,2,B,0.007,23,1.0
fft,SVM-RBF,0,2,2,2,B,0.014,22,1.0
fft,SVM-RBF,0,2,2,2,B,0.021,22,1.0
fft,SVM-RBF,0,2,2,2,IR,0.007,22,0.0
fft,SVM-RBF,0,2,2,2,IR,0.014,23,0.6086956521739131
fft,SVM-RBF,0,2,2,2,IR,0.021,23,0.0
fft,SVM-RBF,0,2,2,2,Normal,0.0,94,1.0
fft,SVM-RBF,0,2,2,2,OR,0.007,23,1.0
fft,SVM-RBF,0,2,2,2,OR,0.014,23,1.0
fft,SVM-RBF,0,2,2,2,OR,0.021,22,1.0
fft,SVM-RBF,0,2,2,3,B,0.007,22,1.0
fft,SVM-RBF,0,2,2,3,B,0.014,23,1.0
fft,SVM-RBF,0,2,2,3,B,0.021,23,1.0
fft,SVM-RBF,0,2,2,3,IR,0.007,23,0.0
fft,SVM-RBF,0,2,2,3,IR,0.014,22,0.5909090909090909
fft,SVM-RBF,0,2,2,3,IR,0.021,22,0.0
fft,SVM-RBF,0,2,2,3,Normal,0.0,93,1.0
fft,SVM-RBF,0,2,2,3,OR,0.007,22,1.0
fft,SVM-RBF,0,2,2,3,OR,0.014,22,1.0
fft,SVM-RBF,0,2,2,3,OR,0.021,23,1.0
fft,SVM-RBF,0,2,2,4,B,0.007,22,1.0
fft,SVM-RBF,0,2,2,4,B,0.014,22,1.0
fft,SVM-RBF,0,2,2,4,B,0.021,22,1.0
fft,SVM-RBF,0,2,2,4,IR,0.007,22,0.0
fft,SVM-RBF,0,2,2,4,IR,0.014,22,0.6363636363636364
fft,SVM-RBF,0,2,2,4,IR,0.021,22,0.0
fft,SVM-RBF,0,2,2,4,Normal,0.0,93,1.0
fft,SVM-RBF,0,2,2,4,OR,0.007,22,1.0
fft,SVM-RBF,0,2,2,4,OR,0.014,22,1.0
fft,SVM-RBF,0,2,2,4,OR,0.021,22,1.0
fft,SVM-RBF,0,3,3,0,B,0.007,24,1.0
fft,SVM-RBF,0,3,3,0,B,0.014,24,1.0
fft,SVM-RBF,0,3,3,0,B,0.021,24,0.0
fft,SVM-RBF,0,3,3,0,IR,0.007,24,0.0
fft,SVM-RBF,0,3,3,0,IR,0.014,24,0.0
fft,SVM-RBF,0,3,3,0,IR,0.021,24,0.0
fft,SVM-RBF,0,3,3,0,Normal,0.0,95,1.0
fft,SVM-RBF,0,3,3,0,OR,0.007,24,1.0
fft,SVM-RBF,0,3,3,0,OR,0.014,24,1.0
fft,SVM-RBF,0,3,3,0,OR,0.021,24,1.0
fft,SVM-RBF,0,3,3,1,B,0.007,22,1.0
fft,SVM-RBF,0,3,3,1,B,0.014,23,1.0
fft,SVM-RBF,0,3,3,1,B,0.021,23,0.0
fft,SVM-RBF,0,3,3,1,IR,0.007,23,0.0
fft,SVM-RBF,0,3,3,1,IR,0.014,22,0.0
fft,SVM-RBF,0,3,3,1,IR,0.021,23,0.0
fft,SVM-RBF,0,3,3,1,Normal,0.0,94,1.0
fft,SVM-RBF,0,3,3,1,OR,0.007,23,1.0
fft,SVM-RBF,0,3,3,1,OR,0.014,23,1.0
fft,SVM-RBF,0,3,3,1,OR,0.021,23,1.0
fft,SVM-RBF,0,3,3,2,B,0.007,23,1.0
fft,SVM-RBF,0,3,3,2,B,0.014,22,1.0
fft,SVM-RBF,0,3,3,2,B,0.021,22,0.0
fft,SVM-RBF,0,3,3,2,IR,0.007,23,0.0
fft,SVM-RBF,0,3,3,2,IR,0.014,23,0.0
fft,SVM-RBF,0,3,3,2,IR,0.021,22,0.0
fft,SVM-RBF,0,3,3,2,Normal,0.0,93,1.0
fft,SVM-RBF,0,3,3,2,OR,0.007,22,1.0
fft,SVM-RBF,0,3,3,2,OR,0.014,22,1.0
fft,SVM-RBF,0,3,3,2,OR,0.021,22,1.0
fft,SVM-RBF,0,3,3,3,B,0.007,22,1.0
fft,SVM-RBF,0,3,3,3,B,0.014,23,1.0
fft,SVM-RBF,0,3,3,3,B,0.021,23,0.0
fft,SVM-RBF,0,3,3,3,IR,0.007,23,0.0
fft,SVM-RBF,0,3,3,3,IR,0.014,22,0.0
fft,SVM-RBF,0,3,3,3,IR,0.021,23,0.0
fft,SVM-RBF,0,3,3,3,Normal,0.0,94,1.0
fft,SVM-RBF,0,3,3,3,OR,0.007,23,1.0
fft,SVM-RBF,0,3,3,3,OR,0.014,23,1.0
fft,SVM-RBF,0,3,3,3,OR,0.021,23,1.0
fft,SVM-RBF,0,3,3,4,B,0.007,22,1.0
fft,SVM-RBF,0,3,3,4,B,0.014,22,1.0
fft,SVM-RBF,0,3,3,4,B,0.021,22,0.0
fft,SVM-RBF,0,3,3,4,IR,0.007,22,0.0
fft,SVM-RBF,0,3,3,4,IR,0.014,22,0.0
fft,SVM-RBF,0,3,3,4,IR,0.021,22,0.0
fft,SVM-RBF,0,3,3,4,Normal,0.0,93,1.0
fft,SVM-RBF,0,3,3,4,OR,0.007,22,1.0
fft,SVM-RBF,0,3,3,4,OR,0.014,22,1.0
fft,SVM-RBF,0,3,3,4,OR,0.021,22,1.0
fft,SVM-RBF,1,0,1,0,B,0.007,24,1.0
fft,SVM-RBF,1,0,1,0,B,0.014,24,0.7916666666666666
fft,SVM-RBF,1,0,1,0,B,0.021,24,1.0
fft,SVM-RBF,1,0,1,0,IR,0.007,24,0.0
fft,SVM-RBF,1,0,1,0,IR,0.014,24,1.0
fft,SVM-RBF,1,0,1,0,IR,0.021,24,0.0
fft,SVM-RBF,1,0,1,0,Normal,0.0,48,1.0
fft,SVM-RBF,1,0,1,0,OR,0.007,24,1.0
fft,SVM-RBF,1,0,1,0,OR,0.014,24,1.0
fft,SVM-RBF,1,0,1,0,OR,0.021,24,1.0
fft,SVM-RBF,1,0,1,1,B,0.007,23,1.0
fft,SVM-RBF,1,0,1,1,B,0.014,22,0.9090909090909092
fft,SVM-RBF,1,0,1,1,B,0.021,23,1.0
fft,SVM-RBF,1,0,1,1,IR,0.007,22,0.0
fft,SVM-RBF,1,0,1,1,IR,0.014,22,1.0
fft,SVM-RBF,1,0,1,1,IR,0.021,23,0.0
fft,SVM-RBF,1,0,1,1,Normal,0.0,46,1.0
fft,SVM-RBF,1,0,1,1,OR,0.007,23,1.0
fft,SVM-RBF,1,0,1,1,OR,0.014,22,1.0
fft,SVM-RBF,1,0,1,1,OR,0.021,23,1.0
fft,SVM-RBF,1,0,1,2,B,0.007,22,1.0
fft,SVM-RBF,1,0,1,2,B,0.014,23,1.0
fft,SVM-RBF,1,0,1,2,B,0.021,22,1.0
fft,SVM-RBF,1,0,1,2,IR,0.007,23,0.0
fft,SVM-RBF,1,0,1,2,IR,0.014,23,1.0
fft,SVM-RBF,1,0,1,2,IR,0.021,22,0.0
fft,SVM-RBF,1,0,1,2,Normal,0.0,47,1.0
fft,SVM-RBF,1,0,1,2,OR,0.007,22,1.0
fft,SVM-RBF,1,0,1,2,OR,0.014,23,1.0
fft,SVM-RBF,1,0,1,2,OR,0.021,22,1.0
fft,SVM-RBF,1,0,1,3,B,0.007,23,1.0
fft,SVM-RBF,1,0,1,3,B,0.014,22,0.7727272727272727
fft,SVM-RBF,1,0,1,3,B,0.021,23,0.9130434782608696
fft,SVM-RBF,1,0,1,3,IR,0.007,22,0.0
fft,SVM-RBF,1,0,1,3,IR,0.014,22,1.0
fft,SVM-RBF,1,0,1,3,IR,0.021,23,0.0
fft,SVM-RBF,1,0,1,3,Normal,0.0,46,1.0
fft,SVM-RBF,1,0,1,3,OR,0.007,23,1.0
fft,SVM-RBF,1,0,1,3,OR,0.014,22,1.0
fft,SVM-RBF,1,0,1,3,OR,0.021,23,1.0
fft,SVM-RBF,1,0,1,4,B,0.007,22,1.0
fft,SVM-RBF,1,0,1,4,B,0.014,22,0.7727272727272727
fft,SVM-RBF,1,0,1,4,B,0.021,22,1.0
fft,SVM-RBF,1,0,1,4,IR,0.007,22,0.0
fft,SVM-RBF,1,0,1,4,IR,0.014,22,1.0
fft,SVM-RBF,1,0,1,4,IR,0.021,22,0.0
fft,SVM-RBF,1,0,1,4,Normal,0.0,46,1.0
fft,SVM-RBF,1,0,1,4,OR,0.007,22,1.0
fft,SVM-RBF,1,0,1,4,OR,0.014,22,1.0
fft,SVM-RBF,1,0,1,4,OR,0.021,22,1.0
fft,SVM-RBF,1,1,0,0,B,0.007,24,1.0
fft,SVM-RBF,1,1,0,0,B,0.014,24,1.0
fft,SVM-RBF,1,1,0,0,B,0.021,24,1.0
fft,SVM-RBF,1,1,0,0,IR,0.007,24,1.0
fft,SVM-RBF,1,1,0,0,IR,0.014,24,1.0
fft,SVM-RBF,1,1,0,0,IR,0.021,24,1.0
fft,SVM-RBF,1,1,0,0,Normal,0.0,95,1.0
fft,SVM-RBF,1,1,0,0,OR,0.007,24,1.0
fft,SVM-RBF,1,1,0,0,OR,0.014,24,1.0
fft,SVM-RBF,1,1,0,0,OR,0.021,24,1.0
fft,SVM-RBF,1,1,0,1,B,0.007,22,1.0
fft,SVM-RBF,1,1,0,1,B,0.014,23,1.0
fft,SVM-RBF,1,1,0,1,B,0.021,22,1.0
fft,SVM-RBF,1,1,0,1,IR,0.007,23,1.0
fft,SVM-RBF,1,1,0,1,IR,0.014,22,1.0
fft,SVM-RBF,1,1,0,1,IR,0.021,22,1.0
fft,SVM-RBF,1,1,0,1,Normal,0.0,93,1.0
fft,SVM-RBF,1,1,0,1,OR,0.007,23,1.0
fft,SVM-RBF,1,1,0,1,OR,0.014,23,1.0
fft,SVM-RBF,1,1,0,1,OR,0.021,23,1.0
fft,SVM-RBF,1,1,0,2,B,0.007,23,1.0
fft,SVM-RBF,1,1,0,2,B,0.014,22,1.0
fft,SVM-RBF,1,1,0,2,B,0.021,23,1.0
fft,SVM-RBF,1,1,0,2,IR,0.007,22,1.0
fft,SVM-RBF,1,1,0,2,IR,0.014,23,1.0
fft,SVM-RBF,1,1,0,2,IR,0.021,23,1.0
fft,SVM-RBF,1,1,0,2,Normal,0.0,93,1.0
fft,SVM-RBF,1,1,0,2,OR,0.007,22,1.0
fft,SVM-RBF,1,1,0,2,OR,0.014,22,1.0
fft,SVM-RBF,1,1,0,2,OR,0.021,22,1.0
fft,SVM-RBF,1,1,0,3,B,0.007,22,1.0
fft,SVM-RBF,1,1,0,3,B,0.014,23,1.0
fft,SVM-RBF,1,1,0,3,B,0.021,22,1.0
fft,SVM-RBF,1,1,0,3,IR,0.007,23,1.0
fft,SVM-RBF,1,1,0,3,IR,0.014,22,1.0
fft,SVM-RBF,1,1,0,3,IR,0.021,22,1.0
fft,SVM-RBF,1,1,0,3,Normal,0.0,93,1.0
fft,SVM-RBF,1,1,0,3,OR,0.007,23,1.0
fft,SVM-RBF,1,1,0,3,OR,0.014,23,1.0
fft,SVM-RBF,1,1,0,3,OR,0.021,23,1.0
fft,SVM-RBF,1,1,0,4,B,0.007,22,1.0
fft,SVM-RBF,1,1,0,4,B,0.014,22,1.0
fft,SVM-RBF,1,1,0,4,B,0.021,22,1.0
fft,SVM-RBF,1,1,0,4,IR,0.007,22,1.0
fft,SVM-RBF,1,1,0,4,IR,0.014,22,1.0
fft,SVM-RBF,1,1,0,4,IR,0.021,22,1.0
fft,SVM-RBF,1,1,0,4,Normal,0.0,93,1.0
fft,SVM-RBF,1,1,0,4,OR,0.007,22,1.0
fft,SVM-RBF,1,1,0,4,OR,0.014,22,1.0
fft,SVM-RBF,1,1,0,4,OR,0.021,22,1.0
fft,SVM-RBF,1,2,1,0,B,0.007,24,1.0
fft,SVM-RBF,1,2,1,0,B,0.014,24,1.0
fft,SVM-RBF,1,2,1,0,B,0.021,24,1.0
fft,SVM-RBF,1,2,1,0,IR,0.007,24,0.0
fft,SVM-RBF,1,2,1,0,IR,0.014,24,1.0
fft,SVM-RBF,1,2,1,0,IR,0.021,24,0.0
fft,SVM-RBF,1,2,1,0,Normal,0.0,95,1.0
fft,SVM-RBF,1,2,1,0,OR,0.007,24,1.0
fft,SVM-RBF,1,2,1,0,OR,0.014,24,1.0
fft,SVM-RBF,1,2,1,0,OR,0.021,24,1.0
fft,SVM-RBF,1,2,1,1,B,0.007,22,1.0
fft,SVM-RBF,1,2,1,1,B,0.014,23,1.0
fft,SVM-RBF,1,2,1,1,B,0.021,23,1.0
fft,SVM-RBF,1,2,1,1,IR,0.007,23,0.0
fft,SVM-RBF,1,2,1,1,IR,0.014,22,1.0
fft,SVM-RBF,1,2,1,1,IR,0.021,22,0.0
fft,SVM-RBF,1,2,1,1,Normal,0.0,93,1.0
fft,SVM-RBF,1,2,1,1,OR,0.007,22,1.0
fft,SVM-RBF,1,2,1,1,OR,0.014,22,1.0
fft,SVM-RBF,1,2,1,1,OR,0.021,23,1.0
fft,SVM-RBF,1,2,1,2,B,0.007,23,1.0
fft,SVM-RBF,1,2,1,2,B,0.014,22,0.9545454545454546
fft,SVM-RBF,1,2,1,2,B,0.021,22,1.0
fft,SVM-RBF,1,2,1,2,IR,0.007,22,0.0
fft,SVM-RBF,1,2,1,2,IR,0.014,23,1.0
fft,SVM-RBF,1,2,1,2,IR,0.021,23,0.0
fft,SVM-RBF,1,2,1,2,Normal,0.0,94,1.0
fft,SVM-RBF,1,2,1,2,OR,0.007,23,1.0
fft,SVM-RBF,1,2,1,2,OR,0.014,23,1.0
fft,SVM-RBF,1,2,1,2,OR,0.021,22,1.0
fft,SVM-RBF,1,2,1,3,B,0.007,22,1.0
fft,SVM-RBF,1,2,1,3,B,0.014,23,1.0
fft,SVM-RBF,1,2,1,3,B,0.021,23,1.0
fft,SVM-RBF,1,2,1,3,IR,0.007,23,0.0
fft,SVM-RBF,1,2,1,3,IR,0.014,22,1.0
fft,SVM-RBF,1,2,1,3,IR,0.021,22,0.0
fft,SVM-RBF,1,2,1,3,Normal,0.0,93,1.0
fft,SVM-RBF,1,2,1,3,OR,0.007,22,1.0
fft,SVM-RBF,1,2,1,3,OR,0.014,22,1.0
fft,SVM-RBF,1,2,1,3,OR,0.021,23,1.0
fft,SVM-RBF,1,2,1,4,B,0.007,22,1.0
fft,SVM-RBF,1,2,1,4,B,0.014,22,1.0
fft,SVM-RBF,1,2,1,4,B,0.021,22,1.0
fft,SVM-RBF,1,2,1,4,IR,0.007,22,0.0
fft,SVM-RBF,1,2,1,4,IR,0.014,22,1.0
fft,SVM-RBF,1,2,1,4,IR,0.021,22,0.0
fft,SVM-RBF,1,2,1,4,Normal,0.0,93,1.0
fft,SVM-RBF,1,2,1,4,OR,0.007,22,1.0
fft,SVM-RBF,1,2,1,4,OR,0.014,22,1.0
fft,SVM-RBF,1,2,1,4,OR,0.021,22,1.0
fft,SVM-RBF,1,3,2,0,B,0.007,24,1.0
fft,SVM-RBF,1,3,2,0,B,0.014,24,1.0
fft,SVM-RBF,1,3,2,0,B,0.021,24,0.125
fft,SVM-RBF,1,3,2,0,IR,0.007,24,0.0
fft,SVM-RBF,1,3,2,0,IR,0.014,24,0.875
fft,SVM-RBF,1,3,2,0,IR,0.021,24,0.0
fft,SVM-RBF,1,3,2,0,Normal,0.0,95,1.0
fft,SVM-RBF,1,3,2,0,OR,0.007,24,1.0
fft,SVM-RBF,1,3,2,0,OR,0.014,24,1.0
fft,SVM-RBF,1,3,2,0,OR,0.021,24,1.0
fft,SVM-RBF,1,3,2,1,B,0.007,22,1.0
fft,SVM-RBF,1,3,2,1,B,0.014,23,1.0
fft,SVM-RBF,1,3,2,1,B,0.021,23,0.4347826086956521
fft,SVM-RBF,1,3,2,1,IR,0.007,23,0.0
fft,SVM-RBF,1,3,2,1,IR,0.014,22,0.9090909090909092
fft,SVM-RBF,1,3,2,1,IR,0.021,23,0.0
fft,SVM-RBF,1,3,2,1,Normal,0.0,94,1.0
fft,SVM-RBF,1,3,2,1,OR,0.007,23,1.0
fft,SVM-RBF,1,3,2,1,OR,0.014,23,1.0
fft,SVM-RBF,1,3,2,1,OR,0.021,23,1.0
fft,SVM-RBF,1,3,2,2,B,0.007,23,1.0
fft,SVM-RBF,1,3,2,2,B,0.014,22,1.0
fft,SVM-RBF,1,3,2,2,B,0.021,22,0.0
fft,SVM-RBF,1,3,2,2,IR,0.007,23,0.0
fft,SVM-RBF,1,3,2,2,IR,0.014,23,0.5652173913043478
fft,SVM-RBF,1,3,2,2,IR,0.021,22,0.0
fft,SVM-RBF,1,3,2,2,Normal,0.0,93,1.0
fft,SVM-RBF,1,3,2,2,OR,0.007,22,1.0
fft,SVM-RBF,1,3,2,2,OR,0.014,22,1.0
fft,SVM-RBF,1,3,2,2,OR,0.021,22,1.0
fft,SVM-RBF,1,3,2,3,B,0.007,22,1.0
fft,SVM-RBF,1,3,2,3,B,0.014,23,1.0
fft,SVM-RBF,1,3,2,3,B,0.021,23,0.0869565217391304
fft,SVM-RBF,1,3,2,3,IR,0.007,23,0.0
fft,SVM-RBF,1,3,2,3,IR,0.014,22,0.5909090909090909
fft,SVM-RBF,1,3,2,3,IR,0.021,23,0.0
fft,SVM-RBF,1,3,2,3,Normal,0.0,94,1.0
fft,SVM-RBF,1,3,2,3,OR,0.007,23,1.0
fft,SVM-RBF,1,3,2,3,OR,0.014,23,1.0
fft,SVM-RBF,1,3,2,3,OR,0.021,23,1.0
fft,SVM-RBF,1,3,2,4,B,0.007,22,1.0
fft,SVM-RBF,1,3,2,4,B,0.014,22,1.0
fft,SVM-RBF,1,3,2,4,B,0.021,22,0.0
fft,SVM-RBF,1,3,2,4,IR,0.007,22,0.0
fft,SVM-RBF,1,3,2,4,IR,0.014,22,0.5454545454545454
fft,SVM-RBF,1,3,2,4,IR,0.021,22,0.0
fft,SVM-RBF,1,3,2,4,Normal,0.0,93,1.0
fft,SVM-RBF,1,3,2,4,OR,0.007,22,1.0
fft,SVM-RBF,1,3,2,4,OR,0.014,22,1.0
fft,SVM-RBF,1,3,2,4,OR,0.021,22,1.0
fft,SVM-RBF,2,0,2,0,B,0.007,24,1.0
fft,SVM-RBF,2,0,2,0,B,0.014,24,1.0
fft,SVM-RBF,2,0,2,0,B,0.021,24,1.0
fft,SVM-RBF,2,0,2,0,IR,0.007,24,0.0
fft,SVM-RBF,2,0,2,0,IR,0.014,24,1.0
fft,SVM-RBF,2,0,2,0,IR,0.021,24,0.0
fft,SVM-RBF,2,0,2,0,Normal,0.0,48,1.0
fft,SVM-RBF,2,0,2,0,OR,0.007,24,1.0
fft,SVM-RBF,2,0,2,0,OR,0.014,24,1.0
fft,SVM-RBF,2,0,2,0,OR,0.021,24,1.0
fft,SVM-RBF,2,0,2,1,B,0.007,23,1.0
fft,SVM-RBF,2,0,2,1,B,0.014,22,1.0
fft,SVM-RBF,2,0,2,1,B,0.021,23,0.9130434782608696
fft,SVM-RBF,2,0,2,1,IR,0.007,22,0.0
fft,SVM-RBF,2,0,2,1,IR,0.014,22,1.0
fft,SVM-RBF,2,0,2,1,IR,0.021,23,0.0
fft,SVM-RBF,2,0,2,1,Normal,0.0,46,1.0
fft,SVM-RBF,2,0,2,1,OR,0.007,23,1.0
fft,SVM-RBF,2,0,2,1,OR,0.014,22,1.0
fft,SVM-RBF,2,0,2,1,OR,0.021,23,1.0
fft,SVM-RBF,2,0,2,2,B,0.007,22,1.0
fft,SVM-RBF,2,0,2,2,B,0.014,23,1.0
fft,SVM-RBF,2,0,2,2,B,0.021,22,0.8636363636363636
fft,SVM-RBF,2,0,2,2,IR,0.007,23,0.0
fft,SVM-RBF,2,0,2,2,IR,0.014,23,1.0
fft,SVM-RBF,2,0,2,2,IR,0.021,22,0.0
fft,SVM-RBF,2,0,2,2,Normal,0.0,47,1.0
fft,SVM-RBF,2,0,2,2,OR,0.007,22,1.0
fft,SVM-RBF,2,0,2,2,OR,0.014,23,1.0
fft,SVM-RBF,2,0,2,2,OR,0.021,22,1.0
fft,SVM-RBF,2,0,2,3,B,0.007,23,1.0
fft,SVM-RBF,2,0,2,3,B,0.014,22,0.9090909090909092
fft,SVM-RBF,2,0,2,3,B,0.021,23,0.7391304347826086
fft,SVM-RBF,2,0,2,3,IR,0.007,22,0.0
fft,SVM-RBF,2,0,2,3,IR,0.014,22,1.0
fft,SVM-RBF,2,0,2,3,IR,0.021,23,0.0
fft,SVM-RBF,2,0,2,3,Normal,0.0,46,1.0
fft,SVM-RBF,2,0,2,3,OR,0.007,23,1.0
fft,SVM-RBF,2,0,2,3,OR,0.014,22,1.0
fft,SVM-RBF,2,0,2,3,OR,0.021,23,1.0
fft,SVM-RBF,2,0,2,4,B,0.007,22,1.0
fft,SVM-RBF,2,0,2,4,B,0.014,22,1.0
fft,SVM-RBF,2,0,2,4,B,0.021,22,1.0
fft,SVM-RBF,2,0,2,4,IR,0.007,22,0.0
fft,SVM-RBF,2,0,2,4,IR,0.014,22,1.0
fft,SVM-RBF,2,0,2,4,IR,0.021,22,0.0
fft,SVM-RBF,2,0,2,4,Normal,0.0,46,1.0
fft,SVM-RBF,2,0,2,4,OR,0.007,22,1.0
fft,SVM-RBF,2,0,2,4,OR,0.014,22,1.0
fft,SVM-RBF,2,0,2,4,OR,0.021,22,1.0
fft,SVM-RBF,2,1,1,0,B,0.007,24,1.0
fft,SVM-RBF,2,1,1,0,B,0.014,24,1.0
fft,SVM-RBF,2,1,1,0,B,0.021,24,0.9166666666666666
fft,SVM-RBF,2,1,1,0,IR,0.007,24,0.0
fft,SVM-RBF,2,1,1,0,IR,0.014,24,1.0
fft,SVM-RBF,2,1,1,0,IR,0.021,24,0.0
fft,SVM-RBF,2,1,1,0,Normal,0.0,95,1.0
fft,SVM-RBF,2,1,1,0,OR,0.007,24,1.0
fft,SVM-RBF,2,1,1,0,OR,0.014,24,1.0
fft,SVM-RBF,2,1,1,0,OR,0.021,24,1.0
fft,SVM-RBF,2,1,1,1,B,0.007,22,1.0
fft,SVM-RBF,2,1,1,1,B,0.014,23,1.0
fft,SVM-RBF,2,1,1,1,B,0.021,22,1.0
fft,SVM-RBF,2,1,1,1,IR,0.007,23,0.0
fft,SVM-RBF,2,1,1,1,IR,0.014,22,1.0
fft,SVM-RBF,2,1,1,1,IR,0.021,22,0.0
fft,SVM-RBF,2,1,1,1,Normal,0.0,93,1.0
fft,SVM-RBF,2,1,1,1,OR,0.007,23,1.0
fft,SVM-RBF,2,1,1,1,OR,0.014,23,1.0
fft,SVM-RBF,2,1,1,1,OR,0.021,23,1.0
fft,SVM-RBF,2,1,1,2,B,0.007,23,1.0
fft,SVM-RBF,2,1,1,2,B,0.014,22,1.0
fft,SVM-RBF,2,1,1,2,B,0.021,23,1.0
fft,SVM-RBF,2,1,1,2,IR,0.007,22,0.0
fft,SVM-RBF,2,1,1,2,IR,0.014,23,1.0
fft,SVM-RBF,2,1,1,2,IR,0.021,23,0.0
fft,SVM-RBF,2,1,1,2,Normal,0.0,93,1.0
fft,SVM-RBF,2,1,1,2,OR,0.007,22,1.0
fft,SVM-RBF,2,1,1,2,OR,0.014,22,1.0
fft,SVM-RBF,2,1,1,2,OR,0.021,22,1.0
fft,SVM-RBF,2,1,1,3,B,0.007,22,1.0
fft,SVM-RBF,2,1,1,3,B,0.014,23,1.0
fft,SVM-RBF,2,1,1,3,B,0.021,22,0.9090909090909092
fft,SVM-RBF,2,1,1,3,IR,0.007,23,0.0
fft,SVM-RBF,2,1,1,3,IR,0.014,22,1.0
fft,SVM-RBF,2,1,1,3,IR,0.021,22,0.0
fft,SVM-RBF,2,1,1,3,Normal,0.0,93,1.0
fft,SVM-RBF,2,1,1,3,OR,0.007,23,1.0
fft,SVM-RBF,2,1,1,3,OR,0.014,23,1.0
fft,SVM-RBF,2,1,1,3,OR,0.021,23,1.0
fft,SVM-RBF,2,1,1,4,B,0.007,22,1.0
fft,SVM-RBF,2,1,1,4,B,0.014,22,1.0
fft,SVM-RBF,2,1,1,4,B,0.021,22,0.7727272727272727
fft,SVM-RBF,2,1,1,4,IR,0.007,22,0.0
fft,SVM-RBF,2,1,1,4,IR,0.014,22,1.0
fft,SVM-RBF,2,1,1,4,IR,0.021,22,0.0
fft,SVM-RBF,2,1,1,4,Normal,0.0,93,1.0
fft,SVM-RBF,2,1,1,4,OR,0.007,22,1.0
fft,SVM-RBF,2,1,1,4,OR,0.014,22,1.0
fft,SVM-RBF,2,1,1,4,OR,0.021,22,1.0
fft,SVM-RBF,2,2,0,0,B,0.007,24,1.0
fft,SVM-RBF,2,2,0,0,B,0.014,24,1.0
fft,SVM-RBF,2,2,0,0,B,0.021,24,1.0
fft,SVM-RBF,2,2,0,0,IR,0.007,24,1.0
fft,SVM-RBF,2,2,0,0,IR,0.014,24,1.0
fft,SVM-RBF,2,2,0,0,IR,0.021,24,1.0
fft,SVM-RBF,2,2,0,0,Normal,0.0,95,1.0
fft,SVM-RBF,2,2,0,0,OR,0.007,24,1.0
fft,SVM-RBF,2,2,0,0,OR,0.014,24,1.0
fft,SVM-RBF,2,2,0,0,OR,0.021,24,1.0
fft,SVM-RBF,2,2,0,1,B,0.007,22,1.0
fft,SVM-RBF,2,2,0,1,B,0.014,23,1.0
fft,SVM-RBF,2,2,0,1,B,0.021,23,1.0
fft,SVM-RBF,2,2,0,1,IR,0.007,23,1.0
fft,SVM-RBF,2,2,0,1,IR,0.014,22,1.0
fft,SVM-RBF,2,2,0,1,IR,0.021,22,0.9090909090909092
fft,SVM-RBF,2,2,0,1,Normal,0.0,93,1.0
fft,SVM-RBF,2,2,0,1,OR,0.007,22,1.0
fft,SVM-RBF,2,2,0,1,OR,0.014,22,1.0
fft,SVM-RBF,2,2,0,1,OR,0.021,23,1.0
fft,SVM-RBF,2,2,0,2,B,0.007,23,1.0
fft,SVM-RBF,2,2,0,2,B,0.014,22,1.0
fft,SVM-RBF,2,2,0,2,B,0.021,22,1.0
fft,SVM-RBF,2,2,0,2,IR,0.007,22,1.0
fft,SVM-RBF,2,2,0,2,IR,0.014,23,1.0
fft,SVM-RBF,2,2,0,2,IR,0.021,23,1.0
fft,SVM-RBF,2,2,0,2,Normal,0.0,94,1.0
fft,SVM-RBF,2,2,0,2,OR,0.007,23,1.0
fft,SVM-RBF,2,2,0,2,OR,0.014,23,1.0
fft,SVM-RBF,2,2,0,2,OR,0.021,22,1.0
fft,SVM-RBF,2,2,0,3,B,0.007,22,1.0
fft,SVM-RBF,2,2,0,3,B,0.014,23,1.0
fft,SVM-RBF,2,2,0,3,B,0.021,23,1.0
fft,SVM-RBF,2,2,0,3,IR,0.007,23,1.0
fft,SVM-RBF,2,2,0,3,IR,0.014,22,1.0
fft,SVM-RBF,2,2,0,3,IR,0.021,22,1.0
fft,SVM-RBF,2,2,0,3,Normal,0.0,93,1.0
fft,SVM-RBF,2,2,0,3,OR,0.007,22,1.0
fft,SVM-RBF,2,2,0,3,OR,0.014,22,1.0
fft,SVM-RBF,2,2,0,3,OR,0.021,23,1.0
fft,SVM-RBF,2,2,0,4,B,0.007,22,1.0
fft,SVM-RBF,2,2,0,4,B,0.014,22,1.0
fft,SVM-RBF,2,2,0,4,B,0.021,22,1.0
fft,SVM-RBF,2,2,0,4,IR,0.007,22,1.0
fft,SVM-RBF,2,2,0,4,IR,0.014,22,1.0
fft,SVM-RBF,2,2,0,4,IR,0.021,22,1.0
fft,SVM-RBF,2,2,0,4,Normal,0.0,93,1.0
fft,SVM-RBF,2,2,0,4,OR,0.007,22,1.0
fft,SVM-RBF,2,2,0,4,OR,0.014,22,1.0
fft,SVM-RBF,2,2,0,4,OR,0.021,22,1.0
fft,SVM-RBF,2,3,1,0,B,0.007,24,1.0
fft,SVM-RBF,2,3,1,0,B,0.014,24,1.0
fft,SVM-RBF,2,3,1,0,B,0.021,24,1.0
fft,SVM-RBF,2,3,1,0,IR,0.007,24,0.0
fft,SVM-RBF,2,3,1,0,IR,0.014,24,1.0
fft,SVM-RBF,2,3,1,0,IR,0.021,24,0.0
fft,SVM-RBF,2,3,1,0,Normal,0.0,95,1.0
fft,SVM-RBF,2,3,1,0,OR,0.007,24,1.0
fft,SVM-RBF,2,3,1,0,OR,0.014,24,1.0
fft,SVM-RBF,2,3,1,0,OR,0.021,24,1.0
fft,SVM-RBF,2,3,1,1,B,0.007,22,1.0
fft,SVM-RBF,2,3,1,1,B,0.014,23,0.9130434782608696
fft,SVM-RBF,2,3,1,1,B,0.021,23,1.0
fft,SVM-RBF,2,3,1,1,IR,0.007,23,0.0
fft,SVM-RBF,2,3,1,1,IR,0.014,22,1.0
fft,SVM-RBF,2,3,1,1,IR,0.021,23,0.0
fft,SVM-RBF,2,3,1,1,Normal,0.0,94,1.0
fft,SVM-RBF,2,3,1,1,OR,0.007,23,1.0
fft,SVM-RBF,2,3,1,1,OR,0.014,23,1.0
fft,SVM-RBF,2,3,1,1,OR,0.021,23,1.0
fft,SVM-RBF,2,3,1,2,B,0.007,23,1.0
fft,SVM-RBF,2,3,1,2,B,0.014,22,0.9545454545454546
fft,SVM-RBF,2,3,1,2,B,0.021,22,1.0
fft,SVM-RBF,2,3,1,2,IR,0.007,23,0.0
fft,SVM-RBF,2,3,1,2,IR,0.014,23,1.0
fft,SVM-RBF,2,3,1,2,IR,0.021,22,0.0
fft,SVM-RBF,2,3,1,2,Normal,0.0,93,1.0
fft,SVM-RBF,2,3,1,2,OR,0.007,22,1.0
fft,SVM-RBF,2,3,1,2,OR,0.014,22,1.0
fft,SVM-RBF,2,3,1,2,OR,0.021,22,1.0
fft,SVM-RBF,2,3,1,3,B,0.007,22,1.0
fft,SVM-RBF,2,3,1,3,B,0.014,23,0.9565217391304348
fft,SVM-RBF,2,3,1,3,B,0.021,23,1.0
fft,SVM-RBF,2,3,1,3,IR,0.007,23,0.0
fft,SVM-RBF,2,3,1,3,IR,0.014,22,1.0
fft,SVM-RBF,2,3,1,3,IR,0.021,23,0.0
fft,SVM-RBF,2,3,1,3,Normal,0.0,94,1.0
fft,SVM-RBF,2,3,1,3,OR,0.007,23,1.0
fft,SVM-RBF,2,3,1,3,OR,0.014,23,1.0
fft,SVM-RBF,2,3,1,3,OR,0.021,23,1.0
fft,SVM-RBF,2,3,1,4,B,0.007,22,1.0
fft,SVM-RBF,2,3,1,4,B,0.014,22,0.7272727272727273
fft,SVM-RBF,2,3,1,4,B,0.021,22,1.0
fft,SVM-RBF,2,3,1,4,IR,0.007,22,0.0
fft,SVM-RBF,2,3,1,4,IR,0.014,22,1.0
fft,SVM-RBF,2,3,1,4,IR,0.021,22,0.0
fft,SVM-RBF,2,3,1,4,Normal,0.0,93,1.0
fft,SVM-RBF,2,3,1,4,OR,0.007,22,1.0
fft,SVM-RBF,2,3,1,4,OR,0.014,22,1.0
fft,SVM-RBF,2,3,1,4,OR,0.021,22,1.0
fft,SVM-RBF,3,0,3,0,B,0.007,24,1.0
fft,SVM-RBF,3,0,3,0,B,0.014,24,0.7916666666666666
fft,SVM-RBF,3,0,3,0,B,0.021,24,0.9166666666666666
fft,SVM-RBF,3,0,3,0,IR,0.007,24,0.0
fft,SVM-RBF,3,0,3,0,IR,0.014,24,0.75
fft,SVM-RBF,3,0,3,0,IR,0.021,24,0.0
fft,SVM-RBF,3,0,3,0,Normal,0.0,48,1.0
fft,SVM-RBF,3,0,3,0,OR,0.007,24,1.0
fft,SVM-RBF,3,0,3,0,OR,0.014,24,1.0
fft,SVM-RBF,3,0,3,0,OR,0.021,24,1.0
fft,SVM-RBF,3,0,3,1,B,0.007,23,1.0
fft,SVM-RBF,3,0,3,1,B,0.014,22,0.9090909090909092
fft,SVM-RBF,3,0,3,1,B,0.021,23,0.6086956521739131
fft,SVM-RBF,3,0,3,1,IR,0.007,22,0.0
fft,SVM-RBF,3,0,3,1,IR,0.014,22,0.8636363636363636
fft,SVM-RBF,3,0,3,1,IR,0.021,23,0.0
fft,SVM-RBF,3,0,3,1,Normal,0.0,46,1.0
fft,SVM-RBF,3,0,3,1,OR,0.007,23,1.0
fft,SVM-RBF,3,0,3,1,OR,0.014,22,1.0
fft,SVM-RBF,3,0,3,1,OR,0.021,23,1.0
fft,SVM-RBF,3,0,3,2,B,0.007,22,1.0
fft,SVM-RBF,3,0,3,2,B,0.014,23,1.0
fft,SVM-RBF,3,0,3,2,B,0.021,22,0.8181818181818182
fft,SVM-RBF,3,0,3,2,IR,0.007,23,0.0
fft,SVM-RBF,3,0,3,2,IR,0.014,23,1.0
fft,SVM-RBF,3,0,3,2,IR,0.021,22,0.0
fft,SVM-RBF,3,0,3,2,Normal,0.0,47,1.0
fft,SVM-RBF,3,0,3,2,OR,0.007,22,1.0
fft,SVM-RBF,3,0,3,2,OR,0.014,23,1.0
fft,SVM-RBF,3,0,3,2,OR,0.021,22,1.0
fft,SVM-RBF,3,0,3,3,B,0.007,23,1.0
fft,SVM-RBF,3,0,3,3,B,0.014,22,0.7727272727272727
fft,SVM-RBF,3,0,3,3,B,0.021,23,0.6521739130434783
fft,SVM-RBF,3,0,3,3,IR,0.007,22,0.0
fft,SVM-RBF,3,0,3,3,IR,0.014,22,0.9090909090909092
fft,SVM-RBF,3,0,3,3,IR,0.021,23,0.0
fft,SVM-RBF,3,0,3,3,Normal,0.0,46,1.0
fft,SVM-RBF,3,0,3,3,OR,0.007,23,1.0
fft,SVM-RBF,3,0,3,3,OR,0.014,22,1.0
fft,SVM-RBF,3,0,3,3,OR,0.021,23,1.0
fft,SVM-RBF,3,0,3,4,B,0.007,22,1.0
fft,SVM-RBF,3,0,3,4,B,0.014,22,0.9545454545454546
fft,SVM-RBF,3,0,3,4,B,0.021,22,1.0
fft,SVM-RBF,3,0,3,4,IR,0.007,22,0.0
fft,SVM-RBF,3,0,3,4,IR,0.014,22,0.9545454545454546
fft,SVM-RBF,3,0,3,4,IR,0.021,22,0.0
fft,SVM-RBF,3,0,3,4,Normal,0.0,46,1.0
fft,SVM-RBF,3,0,3,4,OR,0.007,22,1.0
fft,SVM-RBF,3,0,3,4,OR,0.014,22,1.0
fft,SVM-RBF,3,0,3,4,OR,0.021,22,1.0
fft,SVM-RBF,3,1,2,0,B,0.007,24,1.0
fft,SVM-RBF,3,1,2,0,B,0.014,24,1.0
fft,SVM-RBF,3,1,2,0,B,0.021,24,0.9166666666666666
fft,SVM-RBF,3,1,2,0,IR,0.007,24,0.0
fft,SVM-RBF,3,1,2,0,IR,0.014,24,1.0
fft,SVM-RBF,3,1,2,0,IR,0.021,24,0.0
fft,SVM-RBF,3,1,2,0,Normal,0.0,95,1.0
fft,SVM-RBF,3,1,2,0,OR,0.007,24,1.0
fft,SVM-RBF,3,1,2,0,OR,0.014,24,1.0
fft,SVM-RBF,3,1,2,0,OR,0.021,24,1.0
fft,SVM-RBF,3,1,2,1,B,0.007,22,1.0
fft,SVM-RBF,3,1,2,1,B,0.014,23,1.0
fft,SVM-RBF,3,1,2,1,B,0.021,22,0.9545454545454546
fft,SVM-RBF,3,1,2,1,IR,0.007,23,0.0
fft,SVM-RBF,3,1,2,1,IR,0.014,22,1.0
fft,SVM-RBF,3,1,2,1,IR,0.021,22,0.0
fft,SVM-RBF,3,1,2,1,Normal,0.0,93,1.0
fft,SVM-RBF,3,1,2,1,OR,0.007,23,1.0
fft,SVM-RBF,3,1,2,1,OR,0.014,23,1.0
fft,SVM-RBF,3,1,2,1,OR,0.021,23,1.0
fft,SVM-RBF,3,1,2,2,B,0.007,23,1.0
fft,SVM-RBF,3,1,2,2,B,0.014,22,1.0
fft,SVM-RBF,3,1,2,2,B,0.021,23,0.9565217391304348
fft,SVM-RBF,3,1,2,2,IR,0.007,22,0.0
fft,SVM-RBF,3,1,2,2,IR,0.014,23,1.0
fft,SVM-RBF,3,1,2,2,IR,0.021,23,0.0
fft,SVM-RBF,3,1,2,2,Normal,0.0,93,1.0
fft,SVM-RBF,3,1,2,2,OR,0.007,22,1.0
fft,SVM-RBF,3,1,2,2,OR,0.014,22,1.0
fft,SVM-RBF,3,1,2,2,OR,0.021,22,1.0
fft,SVM-RBF,3,1,2,3,B,0.007,22,1.0
fft,SVM-RBF,3,1,2,3,B,0.014,23,1.0
fft,SVM-RBF,3,1,2,3,B,0.021,22,0.9090909090909092
fft,SVM-RBF,3,1,2,3,IR,0.007,23,0.0
fft,SVM-RBF,3,1,2,3,IR,0.014,22,1.0
fft,SVM-RBF,3,1,2,3,IR,0.021,22,0.0
fft,SVM-RBF,3,1,2,3,Normal,0.0,93,1.0
fft,SVM-RBF,3,1,2,3,OR,0.007,23,1.0
fft,SVM-RBF,3,1,2,3,OR,0.014,23,1.0
fft,SVM-RBF,3,1,2,3,OR,0.021,23,1.0
fft,SVM-RBF,3,1,2,4,B,0.007,22,1.0
fft,SVM-RBF,3,1,2,4,B,0.014,22,1.0
fft,SVM-RBF,3,1,2,4,B,0.021,22,0.7727272727272727
fft,SVM-RBF,3,1,2,4,IR,0.007,22,0.0
fft,SVM-RBF,3,1,2,4,IR,0.014,22,1.0
fft,SVM-RBF,3,1,2,4,IR,0.021,22,0.0
fft,SVM-RBF,3,1,2,4,Normal,0.0,93,1.0
fft,SVM-RBF,3,1,2,4,OR,0.007,22,1.0
fft,SVM-RBF,3,1,2,4,OR,0.014,22,1.0
fft,SVM-RBF,3,1,2,4,OR,0.021,22,1.0
fft,SVM-RBF,3,2,1,0,B,0.007,24,1.0
fft,SVM-RBF,3,2,1,0,B,0.014,24,1.0
fft,SVM-RBF,3,2,1,0,B,0.021,24,1.0
fft,SVM-RBF,3,2,1,0,IR,0.007,24,0.0
fft,SVM-RBF,3,2,1,0,IR,0.014,24,1.0
fft,SVM-RBF,3,2,1,0,IR,0.021,24,0.0
fft,SVM-RBF,3,2,1,0,Normal,0.0,95,1.0
fft,SVM-RBF,3,2,1,0,OR,0.007,24,1.0
fft,SVM-RBF,3,2,1,0,OR,0.014,24,1.0
fft,SVM-RBF,3,2,1,0,OR,0.021,24,1.0
fft,SVM-RBF,3,2,1,1,B,0.007,22,1.0
fft,SVM-RBF,3,2,1,1,B,0.014,23,1.0
fft,SVM-RBF,3,2,1,1,B,0.021,23,1.0
fft,SVM-RBF,3,2,1,1,IR,0.007,23,0.0
fft,SVM-RBF,3,2,1,1,IR,0.014,22,1.0
fft,SVM-RBF,3,2,1,1,IR,0.021,22,0.0
fft,SVM-RBF,3,2,1,1,Normal,0.0,93,1.0
fft,SVM-RBF,3,2,1,1,OR,0.007,22,1.0
fft,SVM-RBF,3,2,1,1,OR,0.014,22,1.0
fft,SVM-RBF,3,2,1,1,OR,0.021,23,1.0
fft,SVM-RBF,3,2,1,2,B,0.007,23,1.0
fft,SVM-RBF,3,2,1,2,B,0.014,22,1.0
fft,SVM-RBF,3,2,1,2,B,0.021,22,1.0
fft,SVM-RBF,3,2,1,2,IR,0.007,22,0.0
fft,SVM-RBF,3,2,1,2,IR,0.014,23,1.0
fft,SVM-RBF,3,2,1,2,IR,0.021,23,0.0
fft,SVM-RBF,3,2,1,2,Normal,0.0,94,1.0
fft,SVM-RBF,3,2,1,2,OR,0.007,23,1.0
fft,SVM-RBF,3,2,1,2,OR,0.014,23,1.0
fft,SVM-RBF,3,2,1,2,OR,0.021,22,1.0
fft,SVM-RBF,3,2,1,3,B,0.007,22,1.0
fft,SVM-RBF,3,2,1,3,B,0.014,23,1.0
fft,SVM-RBF,3,2,1,3,B,0.021,23,1.0
fft,SVM-RBF,3,2,1,3,IR,0.007,23,0.0
fft,SVM-RBF,3,2,1,3,IR,0.014,22,1.0
fft,SVM-RBF,3,2,1,3,IR,0.021,22,0.0
fft,SVM-RBF,3,2,1,3,Normal,0.0,93,1.0
fft,SVM-RBF,3,2,1,3,OR,0.007,22,1.0
fft,SVM-RBF,3,2,1,3,OR,0.014,22,1.0
fft,SVM-RBF,3,2,1,3,OR,0.021,23,1.0
fft,SVM-RBF,3,2,1,4,B,0.007,22,1.0
fft,SVM-RBF,3,2,1,4,B,0.014,22,1.0
fft,SVM-RBF,3,2,1,4,B,0.021,22,1.0
fft,SVM-RBF,3,2,1,4,IR,0.007,22,0.0
fft,SVM-RBF,3,2,1,4,IR,0.014,22,1.0
fft,SVM-RBF,3,2,1,4,IR,0.021,22,0.0
fft,SVM-RBF,3,2,1,4,Normal,0.0,93,1.0
fft,SVM-RBF,3,2,1,4,OR,0.007,22,1.0
fft,SVM-RBF,3,2,1,4,OR,0.014,22,1.0
fft,SVM-RBF,3,2,1,4,OR,0.021,22,1.0
fft,SVM-RBF,3,3,0,0,B,0.007,24,1.0
fft,SVM-RBF,3,3,0,0,B,0.014,24,1.0
fft,SVM-RBF,3,3,0,0,B,0.021,24,1.0
fft,SVM-RBF,3,3,0,0,IR,0.007,24,1.0
fft,SVM-RBF,3,3,0,0,IR,0.014,24,1.0
fft,SVM-RBF,3,3,0,0,IR,0.021,24,1.0
fft,SVM-RBF,3,3,0,0,Normal,0.0,95,1.0
fft,SVM-RBF,3,3,0,0,OR,0.007,24,1.0
fft,SVM-RBF,3,3,0,0,OR,0.014,24,1.0
fft,SVM-RBF,3,3,0,0,OR,0.021,24,1.0
fft,SVM-RBF,3,3,0,1,B,0.007,22,1.0
fft,SVM-RBF,3,3,0,1,B,0.014,23,1.0
fft,SVM-RBF,3,3,0,1,B,0.021,23,1.0
fft,SVM-RBF,3,3,0,1,IR,0.007,23,1.0
fft,SVM-RBF,3,3,0,1,IR,0.014,22,1.0
fft,SVM-RBF,3,3,0,1,IR,0.021,23,1.0
fft,SVM-RBF,3,3,0,1,Normal,0.0,94,1.0
fft,SVM-RBF,3,3,0,1,OR,0.007,23,1.0
fft,SVM-RBF,3,3,0,1,OR,0.014,23,1.0
fft,SVM-RBF,3,3,0,1,OR,0.021,23,1.0
fft,SVM-RBF,3,3,0,2,B,0.007,23,1.0
fft,SVM-RBF,3,3,0,2,B,0.014,22,1.0
fft,SVM-RBF,3,3,0,2,B,0.021,22,1.0
fft,SVM-RBF,3,3,0,2,IR,0.007,23,1.0
fft,SVM-RBF,3,3,0,2,IR,0.014,23,1.0
fft,SVM-RBF,3,3,0,2,IR,0.021,22,1.0
fft,SVM-RBF,3,3,0,2,Normal,0.0,93,1.0
fft,SVM-RBF,3,3,0,2,OR,0.007,22,1.0
fft,SVM-RBF,3,3,0,2,OR,0.014,22,1.0
fft,SVM-RBF,3,3,0,2,OR,0.021,22,1.0
fft,SVM-RBF,3,3,0,3,B,0.007,22,1.0
fft,SVM-RBF,3,3,0,3,B,0.014,23,1.0
fft,SVM-RBF,3,3,0,3,B,0.021,23,1.0
fft,SVM-RBF,3,3,0,3,IR,0.007,23,1.0
fft,SVM-RBF,3,3,0,3,IR,0.014,22,1.0
fft,SVM-RBF,3,3,0,3,IR,0.021,23,1.0
fft,SVM-RBF,3,3,0,3,Normal,0.0,94,1.0
fft,SVM-RBF,3,3,0,3,OR,0.007,23,1.0
fft,SVM-RBF,3,3,0,3,OR,0.014,23,1.0
fft,SVM-RBF,3,3,0,3,OR,0.021,23,1.0
fft,SVM-RBF,3,3,0,4,B,0.007,22,1.0
fft,SVM-RBF,3,3,0,4,B,0.014,22,1.0
fft,SVM-RBF,3,3,0,4,B,0.021,22,1.0
fft,SVM-RBF,3,3,0,4,IR,0.007,22,1.0
fft,SVM-RBF,3,3,0,4,IR,0.014,22,1.0
fft,SVM-RBF,3,3,0,4,IR,0.021,22,1.0
fft,SVM-RBF,3,3,0,4,Normal,0.0,93,1.0
fft,SVM-RBF,3,3,0,4,OR,0.007,22,1.0
fft,SVM-RBF,3,3,0,4,OR,0.014,22,1.0
fft,SVM-RBF,3,3,0,4,OR,0.021,22,1.0
fft,RandomForest,0,0,0,0,B,0.007,24,1.0
fft,RandomForest,0,0,0,0,B,0.014,24,1.0
fft,RandomForest,0,0,0,0,B,0.021,24,1.0
fft,RandomForest,0,0,0,0,IR,0.007,24,1.0
fft,RandomForest,0,0,0,0,IR,0.014,24,1.0
fft,RandomForest,0,0,0,0,IR,0.021,24,1.0
fft,RandomForest,0,0,0,0,Normal,0.0,48,1.0
fft,RandomForest,0,0,0,0,OR,0.007,24,1.0
fft,RandomForest,0,0,0,0,OR,0.014,24,1.0
fft,RandomForest,0,0,0,0,OR,0.021,24,1.0
fft,RandomForest,0,0,0,1,B,0.007,23,1.0
fft,RandomForest,0,0,0,1,B,0.014,22,1.0
fft,RandomForest,0,0,0,1,B,0.021,23,1.0
fft,RandomForest,0,0,0,1,IR,0.007,22,1.0
fft,RandomForest,0,0,0,1,IR,0.014,22,1.0
fft,RandomForest,0,0,0,1,IR,0.021,23,1.0
fft,RandomForest,0,0,0,1,Normal,0.0,46,1.0
fft,RandomForest,0,0,0,1,OR,0.007,23,1.0
fft,RandomForest,0,0,0,1,OR,0.014,22,1.0
fft,RandomForest,0,0,0,1,OR,0.021,23,1.0
fft,RandomForest,0,0,0,2,B,0.007,22,1.0
fft,RandomForest,0,0,0,2,B,0.014,23,1.0
fft,RandomForest,0,0,0,2,B,0.021,22,1.0
fft,RandomForest,0,0,0,2,IR,0.007,23,1.0
fft,RandomForest,0,0,0,2,IR,0.014,23,1.0
fft,RandomForest,0,0,0,2,IR,0.021,22,1.0
fft,RandomForest,0,0,0,2,Normal,0.0,47,1.0
fft,RandomForest,0,0,0,2,OR,0.007,22,1.0
fft,RandomForest,0,0,0,2,OR,0.014,23,1.0
fft,RandomForest,0,0,0,2,OR,0.021,22,1.0
fft,RandomForest,0,0,0,3,B,0.007,23,1.0
fft,RandomForest,0,0,0,3,B,0.014,22,1.0
fft,RandomForest,0,0,0,3,B,0.021,23,1.0
fft,RandomForest,0,0,0,3,IR,0.007,22,1.0
fft,RandomForest,0,0,0,3,IR,0.014,22,1.0
fft,RandomForest,0,0,0,3,IR,0.021,23,1.0
fft,RandomForest,0,0,0,3,Normal,0.0,46,1.0
fft,RandomForest,0,0,0,3,OR,0.007,23,1.0
fft,RandomForest,0,0,0,3,OR,0.014,22,1.0
fft,RandomForest,0,0,0,3,OR,0.021,23,1.0
fft,RandomForest,0,0,0,4,B,0.007,22,1.0
fft,RandomForest,0,0,0,4,B,0.014,22,1.0
fft,RandomForest,0,0,0,4,B,0.021,22,1.0
fft,RandomForest,0,0,0,4,IR,0.007,22,1.0
fft,RandomForest,0,0,0,4,IR,0.014,22,1.0
fft,RandomForest,0,0,0,4,IR,0.021,22,1.0
fft,RandomForest,0,0,0,4,Normal,0.0,46,1.0
fft,RandomForest,0,0,0,4,OR,0.007,22,1.0
fft,RandomForest,0,0,0,4,OR,0.014,22,1.0
fft,RandomForest,0,0,0,4,OR,0.021,22,1.0
fft,RandomForest,0,1,1,0,B,0.007,24,1.0
fft,RandomForest,0,1,1,0,B,0.014,24,1.0
fft,RandomForest,0,1,1,0,B,0.021,24,1.0
fft,RandomForest,0,1,1,0,IR,0.007,24,0.375
fft,RandomForest,0,1,1,0,IR,0.014,24,0.125
fft,RandomForest,0,1,1,0,IR,0.021,24,0.6666666666666666
fft,RandomForest,0,1,1,0,Normal,0.0,95,1.0
fft,RandomForest,0,1,1,0,OR,0.007,24,1.0
fft,RandomForest,0,1,1,0,OR,0.014,24,0.2083333333333333
fft,RandomForest,0,1,1,0,OR,0.021,24,1.0
fft,RandomForest,0,1,1,1,B,0.007,22,1.0
fft,RandomForest,0,1,1,1,B,0.014,23,1.0
fft,RandomForest,0,1,1,1,B,0.021,22,1.0
fft,RandomForest,0,1,1,1,IR,0.007,23,0.8260869565217391
fft,RandomForest,0,1,1,1,IR,0.014,22,0.3636363636363636
fft,RandomForest,0,1,1,1,IR,0.021,22,0.8181818181818182
fft,RandomForest,0,1,1,1,Normal,0.0,93,1.0
fft,RandomForest,0,1,1,1,OR,0.007,23,1.0
fft,RandomForest,0,1,1,1,OR,0.014,23,0.4782608695652174
fft,RandomForest,0,1,1,1,OR,0.021,23,1.0
fft,RandomForest,0,1,1,2,B,0.007,23,1.0
fft,RandomForest,0,1,1,2,B,0.014,22,1.0
fft,RandomForest,0,1,1,2,B,0.021,23,1.0
fft,RandomForest,0,1,1,2,IR,0.007,22,0.9545454545454546
fft,RandomForest,0,1,1,2,IR,0.014,23,0.1739130434782608
fft,RandomForest,0,1,1,2,IR,0.021,23,0.9130434782608696
fft,RandomForest,0,1,1,2,Normal,0.0,93,1.0
fft,RandomForest,0,1,1,2,OR,0.007,22,1.0
fft,RandomForest,0,1,1,2,OR,0.014,22,0.5454545454545454
fft,RandomForest,0,1,1,2,OR,0.021,22,1.0
fft,RandomForest,0,1,1,3,B,0.007,22,1.0
fft,RandomForest,0,1,1,3,B,0.014,23,1.0
fft,RandomForest,0,1,1,3,B,0.021,22,1.0
fft,RandomForest,0,1,1,3,IR,0.007,23,0.8695652173913043
fft,RandomForest,0,1,1,3,IR,0.014,22,0.3636363636363636
fft,RandomForest,0,1,1,3,IR,0.021,22,0.7272727272727273
fft,RandomForest,0,1,1,3,Normal,0.0,93,1.0
fft,RandomForest,0,1,1,3,OR,0.007,23,1.0
fft,RandomForest,0,1,1,3,OR,0.014,23,0.6521739130434783
fft,RandomForest,0,1,1,3,OR,0.021,23,1.0
fft,RandomForest,0,1,1,4,B,0.007,22,1.0
fft,RandomForest,0,1,1,4,B,0.014,22,1.0
fft,RandomForest,0,1,1,4,B,0.021,22,0.9090909090909092
fft,RandomForest,0,1,1,4,IR,0.007,22,0.9545454545454546
fft,RandomForest,0,1,1,4,IR,0.014,22,0.1818181818181818
fft,RandomForest,0,1,1,4,IR,0.021,22,0.9545454545454546
fft,RandomForest,0,1,1,4,Normal,0.0,93,1.0
fft,RandomForest,0,1,1,4,OR,0.007,22,1.0
fft,RandomForest,0,1,1,4,OR,0.014,22,0.2727272727272727
fft,RandomForest,0,1,1,4,OR,0.021,22,1.0
fft,RandomForest,0,2,2,0,B,0.007,24,1.0
fft,RandomForest,0,2,2,0,B,0.014,24,1.0
fft,RandomForest,0,2,2,0,B,0.021,24,1.0
fft,RandomForest,0,2,2,0,IR,0.007,24,0.5
fft,RandomForest,0,2,2,0,IR,0.014,24,0.5
fft,RandomForest,0,2,2,0,IR,0.021,24,0.9583333333333334
fft,RandomForest,0,2,2,0,Normal,0.0,95,1.0
fft,RandomForest,0,2,2,0,OR,0.007,24,1.0
fft,RandomForest,0,2,2,0,OR,0.014,24,1.0
fft,RandomForest,0,2,2,0,OR,0.021,24,1.0
fft,RandomForest,0,2,2,1,B,0.007,22,1.0
fft,RandomForest,0,2,2,1,B,0.014,23,1.0
fft,RandomForest,0,2,2,1,B,0.021,23,1.0
fft,RandomForest,0,2,2,1,IR,0.007,23,0.782608695652174
fft,RandomForest,0,2,2,1,IR,0.014,22,0.7727272727272727
fft,RandomForest,0,2,2,1,IR,0.021,22,0.6818181818181818
fft,RandomForest,0,2,2,1,Normal,0.0,93,1.0
fft,RandomForest,0,2,2,1,OR,0.007,22,1.0
fft,RandomForest,0,2,2,1,OR,0.014,22,1.0
fft,RandomForest,0,2,2,1,OR,0.021,23,1.0
fft,RandomForest,0,2,2,2,B,0.007,23,1.0
fft,RandomForest,0,2,2,2,B,0.014,22,1.0
fft,RandomForest,0,2,2,2,B,0.021,22,1.0
fft,RandomForest,0,2,2,2,IR,0.007,22,0.3636363636363636
fft,RandomForest,0,2,2,2,IR,0.014,23,0.4347826086956521
fft,RandomForest,0,2,2,2,IR,0.021,23,0.8260869565217391
fft,RandomForest,0,2,2,2,Normal,0.0,94,1.0
fft,RandomForest,0,2,2,2,OR,0.007,23,1.0
fft,RandomForest,0,2,2,2,OR,0.014,23,1.0
fft,RandomForest,0,2,2,2,OR,0.021,22,1.0
fft,RandomForest,0,2,2,3,B,0.007,22,1.0
fft,RandomForest,0,2,2,3,B,0.014,23,1.0
fft,RandomForest,0,2,2,3,B,0.021,23,1.0
fft,RandomForest,0,2,2,3,IR,0.007,23,0.7391304347826086
fft,RandomForest,0,2,2,3,IR,0.014,22,0.5909090909090909
fft,RandomForest,0,2,2,3,IR,0.021,22,0.9545454545454546
fft,RandomForest,0,2,2,3,Normal,0.0,93,1.0
fft,RandomForest,0,2,2,3,OR,0.007,22,1.0
fft,RandomForest,0,2,2,3,OR,0.014,22,1.0
fft,RandomForest,0,2,2,3,OR,0.021,23,1.0
fft,RandomForest,0,2,2,4,B,0.007,22,1.0
fft,RandomForest,0,2,2,4,B,0.014,22,1.0
fft,RandomForest,0,2,2,4,B,0.021,22,1.0
fft,RandomForest,0,2,2,4,IR,0.007,22,0.6363636363636364
fft,RandomForest,0,2,2,4,IR,0.014,22,0.6818181818181818
fft,RandomForest,0,2,2,4,IR,0.021,22,1.0
fft,RandomForest,0,2,2,4,Normal,0.0,93,1.0
fft,RandomForest,0,2,2,4,OR,0.007,22,1.0
fft,RandomForest,0,2,2,4,OR,0.014,22,1.0
fft,RandomForest,0,2,2,4,OR,0.021,22,1.0
fft,RandomForest,0,3,3,0,B,0.007,24,1.0
fft,RandomForest,0,3,3,0,B,0.014,24,1.0
fft,RandomForest,0,3,3,0,B,0.021,24,1.0
fft,RandomForest,0,3,3,0,IR,0.007,24,0.6666666666666666
fft,RandomForest,0,3,3,0,IR,0.014,24,0.2916666666666667
fft,RandomForest,0,3,3,0,IR,0.021,24,0.7083333333333334
fft,RandomForest,0,3,3,0,Normal,0.0,95,1.0
fft,RandomForest,0,3,3,0,OR,0.007,24,1.0
fft,RandomForest,0,3,3,0,OR,0.014,24,1.0
fft,RandomForest,0,3,3,0,OR,0.021,24,1.0
fft,RandomForest,0,3,3,1,B,0.007,22,1.0
fft,RandomForest,0,3,3,1,B,0.014,23,1.0
fft,RandomForest,0,3,3,1,B,0.021,23,1.0
fft,RandomForest,0,3,3,1,IR,0.007,23,0.8695652173913043
fft,RandomForest,0,3,3,1,IR,0.014,22,0.5909090909090909
fft,RandomForest,0,3,3,1,IR,0.021,23,0.8695652173913043
fft,RandomForest,0,3,3,1,Normal,0.0,94,1.0
fft,RandomForest,0,3,3,1,OR,0.007,23,1.0
fft,RandomForest,0,3,3,1,OR,0.014,23,1.0
fft,RandomForest,0,3,3,1,OR,0.021,23,1.0
fft,RandomForest,0,3,3,2,B,0.007,23,1.0
fft,RandomForest,0,3,3,2,B,0.014,22,1.0
fft,RandomForest,0,3,3,2,B,0.021,22,1.0
fft,RandomForest,0,3,3,2,IR,0.007,23,1.0
fft,RandomForest,0,3,3,2,IR,0.014,23,0.4347826086956521
fft,RandomForest,0,3,3,2,IR,0.021,22,0.2272727272727272
fft,RandomForest,0,3,3,2,Normal,0.0,93,1.0
fft,RandomForest,0,3,3,2,OR,0.007,22,1.0
fft,RandomForest,0,3,3,2,OR,0.014,22,0.9090909090909092
fft,RandomForest,0,3,3,2,OR,0.021,22,1.0
fft,RandomForest,0,3,3,3,B,0.007,22,1.0
fft,RandomForest,0,3,3,3,B,0.014,23,1.0
fft,RandomForest,0,3,3,3,B,0.021,23,1.0
fft,RandomForest,0,3,3,3,IR,0.007,23,0.6956521739130435
fft,RandomForest,0,3,3,3,IR,0.014,22,0.5454545454545454
fft,RandomForest,0,3,3,3,IR,0.021,23,0.4347826086956521
fft,RandomForest,0,3,3,3,Normal,0.0,94,1.0
fft,RandomForest,0,3,3,3,OR,0.007,23,1.0
fft,RandomForest,0,3,3,3,OR,0.014,23,0.9565217391304348
fft,RandomForest,0,3,3,3,OR,0.021,23,0.9565217391304348
fft,RandomForest,0,3,3,4,B,0.007,22,1.0
fft,RandomForest,0,3,3,4,B,0.014,22,1.0
fft,RandomForest,0,3,3,4,B,0.021,22,1.0
fft,RandomForest,0,3,3,4,IR,0.007,22,1.0
fft,RandomForest,0,3,3,4,IR,0.014,22,0.5454545454545454
fft,RandomForest,0,3,3,4,IR,0.021,22,0.8636363636363636
fft,RandomForest,0,3,3,4,Normal,0.0,93,1.0
fft,RandomForest,0,3,3,4,OR,0.007,22,1.0
fft,RandomForest,0,3,3,4,OR,0.014,22,0.9090909090909092
fft,RandomForest,0,3,3,4,OR,0.021,22,1.0
fft,RandomForest,1,0,1,0,B,0.007,24,1.0
fft,RandomForest,1,0,1,0,B,0.014,24,1.0
fft,RandomForest,1,0,1,0,B,0.021,24,1.0
fft,RandomForest,1,0,1,0,IR,0.007,24,1.0
fft,RandomForest,1,0,1,0,IR,0.014,24,1.0
fft,RandomForest,1,0,1,0,IR,0.021,24,1.0
fft,RandomForest,1,0,1,0,Normal,0.0,48,1.0
fft,RandomForest,1,0,1,0,OR,0.007,24,1.0
fft,RandomForest,1,0,1,0,OR,0.014,24,1.0
fft,RandomForest,1,0,1,0,OR,0.021,24,1.0
fft,RandomForest,1,0,1,1,B,0.007,23,1.0
fft,RandomForest,1,0,1,1,B,0.014,22,1.0
fft,RandomForest,1,0,1,1,B,0.021,23,1.0
fft,RandomForest,1,0,1,1,IR,0.007,22,0.9545454545454546
fft,RandomForest,1,0,1,1,IR,0.014,22,1.0
fft,RandomForest,1,0,1,1,IR,0.021,23,1.0
fft,RandomForest,1,0,1,1,Normal,0.0,46,1.0
fft,RandomForest,1,0,1,1,OR,0.007,23,1.0
fft,RandomForest,1,0,1,1,OR,0.014,22,1.0
fft,RandomForest,1,0,1,1,OR,0.021,23,1.0
fft,RandomForest,1,0,1,2,B,0.007,22,1.0
fft,RandomForest,1,0,1,2,B,0.014,23,1.0
fft,RandomForest,1,0,1,2,B,0.021,22,1.0
fft,RandomForest,1,0,1,2,IR,0.007,23,0.782608695652174
fft,RandomForest,1,0,1,2,IR,0.014,23,1.0
fft,RandomForest,1,0,1,2,IR,0.021,22,1.0
fft,RandomForest,1,0,1,2,Normal,0.0,47,1.0
fft,RandomForest,1,0,1,2,OR,0.007,22,1.0
fft,RandomForest,1,0,1,2,OR,0.014,23,1.0
fft,RandomForest,1,0,1,2,OR,0.021,22,1.0
fft,RandomForest,1,0,1,3,B,0.007,23,1.0
fft,RandomForest,1,0,1,3,B,0.014,22,1.0
fft,RandomForest,1,0,1,3,B,0.021,23,0.9565217391304348
fft,RandomForest,1,0,1,3,IR,0.007,22,0.8636363636363636
fft,RandomForest,1,0,1,3,IR,0.014,22,1.0
fft,RandomForest,1,0,1,3,IR,0.021,23,0.9565217391304348
fft,RandomForest,1,0,1,3,Normal,0.0,46,1.0
fft,RandomForest,1,0,1,3,OR,0.007,23,1.0
fft,RandomForest,1,0,1,3,OR,0.014,22,1.0
fft,RandomForest,1,0,1,3,OR,0.021,23,1.0
fft,RandomForest,1,0,1,4,B,0.007,22,1.0
fft,RandomForest,1,0,1,4,B,0.014,22,1.0
fft,RandomForest,1,0,1,4,B,0.021,22,1.0
fft,RandomForest,1,0,1,4,IR,0.007,22,0.9545454545454546
fft,RandomForest,1,0,1,4,IR,0.014,22,1.0
fft,RandomForest,1,0,1,4,IR,0.021,22,1.0
fft,RandomForest,1,0,1,4,Normal,0.0,46,1.0
fft,RandomForest,1,0,1,4,OR,0.007,22,1.0
fft,RandomForest,1,0,1,4,OR,0.014,22,1.0
fft,RandomForest,1,0,1,4,OR,0.021,22,1.0
fft,RandomForest,1,1,0,0,B,0.007,24,1.0
fft,RandomForest,1,1,0,0,B,0.014,24,1.0
fft,RandomForest,1,1,0,0,B,0.021,24,1.0
fft,RandomForest,1,1,0,0,IR,0.007,24,1.0
fft,RandomForest,1,1,0,0,IR,0.014,24,1.0
fft,RandomForest,1,1,0,0,IR,0.021,24,1.0
fft,RandomForest,1,1,0,0,Normal,0.0,95,1.0
fft,RandomForest,1,1,0,0,OR,0.007,24,1.0
fft,RandomForest,1,1,0,0,OR,0.014,24,1.0
fft,RandomForest,1,1,0,0,OR,0.021,24,1.0
fft,RandomForest,1,1,0,1,B,0.007,22,1.0
fft,RandomForest,1,1,0,1,B,0.014,23,1.0
fft,RandomForest,1,1,0,1,B,0.021,22,1.0
fft,RandomForest,1,1,0,1,IR,0.007,23,1.0
fft,RandomForest,1,1,0,1,IR,0.014,22,1.0
fft,RandomForest,1,1,0,1,IR,0.021,22,1.0
fft,RandomForest,1,1,0,1,Normal,0.0,93,1.0
fft,RandomForest,1,1,0,1,OR,0.007,23,1.0
fft,RandomForest,1,1,0,1,OR,0.014,23,1.0
fft,RandomForest,1,1,0,1,OR,0.021,23,1.0
fft,RandomForest,1,1,0,2,B,0.007,23,1.0
fft,RandomForest,1,1,0,2,B,0.014,22,1.0
fft,RandomForest,1,1,0,2,B,0.021,23,1.0
fft,RandomForest,1,1,0,2,IR,0.007,22,1.0
fft,RandomForest,1,1,0,2,IR,0.014,23,1.0
fft,RandomForest,1,1,0,2,IR,0.021,23,1.0
fft,RandomForest,1,1,0,2,Normal,0.0,93,1.0
fft,RandomForest,1,1,0,2,OR,0.007,22,1.0
fft,RandomForest,1,1,0,2,OR,0.014,22,1.0
fft,RandomForest,1,1,0,2,OR,0.021,22,1.0
fft,RandomForest,1,1,0,3,B,0.007,22,1.0
fft,RandomForest,1,1,0,3,B,0.014,23,1.0
fft,RandomForest,1,1,0,3,B,0.021,22,1.0
fft,RandomForest,1,1,0,3,IR,0.007,23,1.0
fft,RandomForest,1,1,0,3,IR,0.014,22,1.0
fft,RandomForest,1,1,0,3,IR,0.021,22,1.0
fft,RandomForest,1,1,0,3,Normal,0.0,93,1.0
fft,RandomForest,1,1,0,3,OR,0.007,23,1.0
fft,RandomForest,1,1,0,3,OR,0.014,23,1.0
fft,RandomForest,1,1,0,3,OR,0.021,23,1.0
fft,RandomForest,1,1,0,4,B,0.007,22,1.0
fft,RandomForest,1,1,0,4,B,0.014,22,1.0
fft,RandomForest,1,1,0,4,B,0.021,22,1.0
fft,RandomForest,1,1,0,4,IR,0.007,22,1.0
fft,RandomForest,1,1,0,4,IR,0.014,22,1.0
fft,RandomForest,1,1,0,4,IR,0.021,22,1.0
fft,RandomForest,1,1,0,4,Normal,0.0,93,1.0
fft,RandomForest,1,1,0,4,OR,0.007,22,1.0
fft,RandomForest,1,1,0,4,OR,0.014,22,1.0
fft,RandomForest,1,1,0,4,OR,0.021,22,1.0
fft,RandomForest,1,2,1,0,B,0.007,24,1.0
fft,RandomForest,1,2,1,0,B,0.014,24,1.0
fft,RandomForest,1,2,1,0,B,0.021,24,1.0
fft,RandomForest,1,2,1,0,IR,0.007,24,1.0
fft,RandomForest,1,2,1,0,IR,0.014,24,1.0
fft,RandomForest,1,2,1,0,IR,0.021,24,1.0
fft,RandomForest,1,2,1,0,Normal,0.0,95,1.0
fft,RandomForest,1,2,1,0,OR,0.007,24,1.0
fft,RandomForest,1,2,1,0,OR,0.014,24,1.0
fft,RandomForest,1,2,1,0,OR,0.021,24,1.0
fft,RandomForest,1,2,1,1,B,0.007,22,1.0
fft,RandomForest,1,2,1,1,B,0.014,23,1.0
fft,RandomForest,1,2,1,1,B,0.021,23,1.0
fft,RandomForest,1,2,1,1,IR,0.007,23,1.0
fft,RandomForest,1,2,1,1,IR,0.014,22,1.0
fft,RandomForest,1,2,1,1,IR,0.021,22,0.9545454545454546
fft,RandomForest,1,2,1,1,Normal,0.0,93,1.0
fft,RandomForest,1,2,1,1,OR,0.007,22,1.0
fft,RandomForest,1,2,1,1,OR,0.014,22,0.8636363636363636
fft,RandomForest,1,2,1,1,OR,0.021,23,1.0
fft,RandomForest,1,2,1,2,B,0.007,23,1.0
fft,RandomForest,1,2,1,2,B,0.014,22,1.0
fft,RandomForest,1,2,1,2,B,0.021,22,1.0
fft,RandomForest,1,2,1,2,IR,0.007,22,1.0
fft,RandomForest,1,2,1,2,IR,0.014,23,1.0
fft,RandomForest,1,2,1,2,IR,0.021,23,1.0
fft,RandomForest,1,2,1,2,Normal,0.0,94,1.0
fft,RandomForest,1,2,1,2,OR,0.007,23,1.0
fft,RandomForest,1,2,1,2,OR,0.014,23,0.782608695652174
fft,RandomForest,1,2,1,2,OR,0.021,22,1.0
fft,RandomForest,1,2,1,3,B,0.007,22,1.0
fft,RandomForest,1,2,1,3,B,0.014,23,1.0
fft,RandomForest,1,2,1,3,B,0.021,23,1.0
fft,RandomForest,1,2,1,3,IR,0.007,23,1.0
fft,RandomForest,1,2,1,3,IR,0.014,22,1.0
fft,RandomForest,1,2,1,3,IR,0.021,22,0.9545454545454546
fft,RandomForest,1,2,1,3,Normal,0.0,93,1.0
fft,RandomForest,1,2,1,3,OR,0.007,22,1.0
fft,RandomForest,1,2,1,3,OR,0.014,22,1.0
fft,RandomForest,1,2,1,3,OR,0.021,23,1.0
fft,RandomForest,1,2,1,4,B,0.007,22,1.0
fft,RandomForest,1,2,1,4,B,0.014,22,1.0
fft,RandomForest,1,2,1,4,B,0.021,22,1.0
fft,RandomForest,1,2,1,4,IR,0.007,22,1.0
fft,RandomForest,1,2,1,4,IR,0.014,22,1.0
fft,RandomForest,1,2,1,4,IR,0.021,22,1.0
fft,RandomForest,1,2,1,4,Normal,0.0,93,1.0
fft,RandomForest,1,2,1,4,OR,0.007,22,1.0
fft,RandomForest,1,2,1,4,OR,0.014,22,1.0
fft,RandomForest,1,2,1,4,OR,0.021,22,1.0
fft,RandomForest,1,3,2,0,B,0.007,24,1.0
fft,RandomForest,1,3,2,0,B,0.014,24,1.0
fft,RandomForest,1,3,2,0,B,0.021,24,1.0
fft,RandomForest,1,3,2,0,IR,0.007,24,1.0
fft,RandomForest,1,3,2,0,IR,0.014,24,1.0
fft,RandomForest,1,3,2,0,IR,0.021,24,1.0
fft,RandomForest,1,3,2,0,Normal,0.0,95,1.0
fft,RandomForest,1,3,2,0,OR,0.007,24,1.0
fft,RandomForest,1,3,2,0,OR,0.014,24,1.0
fft,RandomForest,1,3,2,0,OR,0.021,24,1.0
fft,RandomForest,1,3,2,1,B,0.007,22,1.0
fft,RandomForest,1,3,2,1,B,0.014,23,1.0
fft,RandomForest,1,3,2,1,B,0.021,23,1.0
fft,RandomForest,1,3,2,1,IR,0.007,23,1.0
fft,RandomForest,1,3,2,1,IR,0.014,22,1.0
fft,RandomForest,1,3,2,1,IR,0.021,23,1.0
fft,RandomForest,1,3,2,1,Normal,0.0,94,1.0
fft,RandomForest,1,3,2,1,OR,0.007,23,1.0
fft,RandomForest,1,3,2,1,OR,0.014,23,1.0
fft,RandomForest,1,3,2,1,OR,0.021,23,1.0
fft,RandomForest,1,3,2,2,B,0.007,23,1.0
fft,RandomForest,1,3,2,2,B,0.014,22,1.0
fft,RandomForest,1,3,2,2,B,0.021,22,1.0
fft,RandomForest,1,3,2,2,IR,0.007,23,1.0
fft,RandomForest,1,3,2,2,IR,0.014,23,1.0
fft,RandomForest,1,3,2,2,IR,0.021,22,1.0
fft,RandomForest,1,3,2,2,Normal,0.0,93,1.0
fft,RandomForest,1,3,2,2,OR,0.007,22,1.0
fft,RandomForest,1,3,2,2,OR,0.014,22,0.9545454545454546
fft,RandomForest,1,3,2,2,OR,0.021,22,1.0
fft,RandomForest,1,3,2,3,B,0.007,22,1.0
fft,RandomForest,1,3,2,3,B,0.014,23,1.0
fft,RandomForest,1,3,2,3,B,0.021,23,1.0
fft,RandomForest,1,3,2,3,IR,0.007,23,1.0
fft,RandomForest,1,3,2,3,IR,0.014,22,1.0
fft,RandomForest,1,3,2,3,IR,0.021,23,1.0
fft,RandomForest,1,3,2,3,Normal,0.0,94,1.0
fft,RandomForest,1,3,2,3,OR,0.007,23,1.0
fft,RandomForest,1,3,2,3,OR,0.014,23,1.0
fft,RandomForest,1,3,2,3,OR,0.021,23,1.0
fft,RandomForest,1,3,2,4,B,0.007,22,1.0
fft,RandomForest,1,3,2,4,B,0.014,22,1.0
fft,RandomForest,1,3,2,4,B,0.021,22,1.0
fft,RandomForest,1,3,2,4,IR,0.007,22,1.0
fft,RandomForest,1,3,2,4,IR,0.014,22,1.0
fft,RandomForest,1,3,2,4,IR,0.021,22,1.0
fft,RandomForest,1,3,2,4,Normal,0.0,93,1.0
fft,RandomForest,1,3,2,4,OR,0.007,22,1.0
fft,RandomForest,1,3,2,4,OR,0.014,22,0.9090909090909092
fft,RandomForest,1,3,2,4,OR,0.021,22,1.0
fft,RandomForest,2,0,2,0,B,0.007,24,1.0
fft,RandomForest,2,0,2,0,B,0.014,24,1.0
fft,RandomForest,2,0,2,0,B,0.021,24,1.0
fft,RandomForest,2,0,2,0,IR,0.007,24,0.9166666666666666
fft,RandomForest,2,0,2,0,IR,0.014,24,1.0
fft,RandomForest,2,0,2,0,IR,0.021,24,1.0
fft,RandomForest,2,0,2,0,Normal,0.0,48,1.0
fft,RandomForest,2,0,2,0,OR,0.007,24,1.0
fft,RandomForest,2,0,2,0,OR,0.014,24,1.0
fft,RandomForest,2,0,2,0,OR,0.021,24,1.0
fft,RandomForest,2,0,2,1,B,0.007,23,1.0
fft,RandomForest,2,0,2,1,B,0.014,22,1.0
fft,RandomForest,2,0,2,1,B,0.021,23,0.9130434782608696
fft,RandomForest,2,0,2,1,IR,0.007,22,0.4545454545454545
fft,RandomForest,2,0,2,1,IR,0.014,22,1.0
fft,RandomForest,2,0,2,1,IR,0.021,23,1.0
fft,RandomForest,2,0,2,1,Normal,0.0,46,1.0
fft,RandomForest,2,0,2,1,OR,0.007,23,1.0
fft,RandomForest,2,0,2,1,OR,0.014,22,1.0
fft,RandomForest,2,0,2,1,OR,0.021,23,1.0
fft,RandomForest,2,0,2,2,B,0.007,22,1.0
fft,RandomForest,2,0,2,2,B,0.014,23,1.0
fft,RandomForest,2,0,2,2,B,0.021,22,1.0
fft,RandomForest,2,0,2,2,IR,0.007,23,0.6086956521739131
fft,RandomForest,2,0,2,2,IR,0.014,23,1.0
fft,RandomForest,2,0,2,2,IR,0.021,22,0.9545454545454546
fft,RandomForest,2,0,2,2,Normal,0.0,47,1.0
fft,RandomForest,2,0,2,2,OR,0.007,22,1.0
fft,RandomForest,2,0,2,2,OR,0.014,23,1.0
fft,RandomForest,2,0,2,2,OR,0.021,22,1.0
fft,RandomForest,2,0,2,3,B,0.007,23,1.0
fft,RandomForest,2,0,2,3,B,0.014,22,1.0
fft,RandomForest,2,0,2,3,B,0.021,23,0.8695652173913043
fft,RandomForest,2,0,2,3,IR,0.007,22,0.4090909090909091
fft,RandomForest,2,0,2,3,IR,0.014,22,1.0
fft,RandomForest,2,0,2,3,IR,0.021,23,0.8695652173913043
fft,RandomForest,2,0,2,3,Normal,0.0,46,1.0
fft,RandomForest,2,0,2,3,OR,0.007,23,1.0
fft,RandomForest,2,0,2,3,OR,0.014,22,1.0
fft,RandomForest,2,0,2,3,OR,0.021,23,1.0
fft,RandomForest,2,0,2,4,B,0.007,22,1.0
fft,RandomForest,2,0,2,4,B,0.014,22,1.0
fft,RandomForest,2,0,2,4,B,0.021,22,1.0
fft,RandomForest,2,0,2,4,IR,0.007,22,0.6363636363636364
fft,RandomForest,2,0,2,4,IR,0.014,22,1.0
fft,RandomForest,2,0,2,4,IR,0.021,22,1.0
fft,RandomForest,2,0,2,4,Normal,0.0,46,1.0
fft,RandomForest,2,0,2,4,OR,0.007,22,1.0
fft,RandomForest,2,0,2,4,OR,0.014,22,1.0
fft,RandomForest,2,0,2,4,OR,0.021,22,1.0
fft,RandomForest,2,1,1,0,B,0.007,24,1.0
fft,RandomForest,2,1,1,0,B,0.014,24,1.0
fft,RandomForest,2,1,1,0,B,0.021,24,0.9583333333333334
fft,RandomForest,2,1,1,0,IR,0.007,24,1.0
fft,RandomForest,2,1,1,0,IR,0.014,24,1.0
fft,RandomForest,2,1,1,0,IR,0.021,24,1.0
fft,RandomForest,2,1,1,0,Normal,0.0,95,1.0
fft,RandomForest,2,1,1,0,OR,0.007,24,1.0
fft,RandomForest,2,1,1,0,OR,0.014,24,1.0
fft,RandomForest,2,1,1,0,OR,0.021,24,1.0
fft,RandomForest,2,1,1,1,B,0.007,22,1.0
fft,RandomForest,2,1,1,1,B,0.014,23,1.0
fft,RandomForest,2,1,1,1,B,0.021,22,1.0
fft,RandomForest,2,1,1,1,IR,0.007,23,0.9565217391304348
fft,RandomForest,2,1,1,1,IR,0.014,22,1.0
fft,RandomForest,2,1,1,1,IR,0.021,22,1.0
fft,RandomForest,2,1,1,1,Normal,0.0,93,1.0
fft,RandomForest,2,1,1,1,OR,0.007,23,1.0
fft,RandomForest,2,1,1,1,OR,0.014,23,1.0
fft,RandomForest,2,1,1,1,OR,0.021,23,1.0
fft,RandomForest,2,1,1,2,B,0.007,23,1.0
fft,RandomForest,2,1,1,2,B,0.014,22,1.0
fft,RandomForest,2,1,1,2,B,0.021,23,1.0
fft,RandomForest,2,1,1,2,IR,0.007,22,0.7727272727272727
fft,RandomForest,2,1,1,2,IR,0.014,23,1.0
fft,RandomForest,2,1,1,2,IR,0.021,23,1.0
fft,RandomForest,2,1,1,2,Normal,0.0,93,1.0
fft,RandomForest,2,1,1,2,OR,0.007,22,1.0
fft,RandomForest,2,1,1,2,OR,0.014,22,1.0
fft,RandomForest,2,1,1,2,OR,0.021,22,1.0
fft,RandomForest,2,1,1,3,B,0.007,22,1.0
fft,RandomForest,2,1,1,3,B,0.014,23,1.0
fft,RandomForest,2,1,1,3,B,0.021,22,0.9090909090909092
fft,RandomForest,2,1,1,3,IR,0.007,23,0.9130434782608696
fft,RandomForest,2,1,1,3,IR,0.014,22,1.0
fft,RandomForest,2,1,1,3,IR,0.021,22,1.0
fft,RandomForest,2,1,1,3,Normal,0.0,93,1.0
fft,RandomForest,2,1,1,3,OR,0.007,23,1.0
fft,RandomForest,2,1,1,3,OR,0.014,23,1.0
fft,RandomForest,2,1,1,3,OR,0.021,23,1.0
fft,RandomForest,2,1,1,4,B,0.007,22,1.0
fft,RandomForest,2,1,1,4,B,0.014,22,1.0
fft,RandomForest,2,1,1,4,B,0.021,22,0.7727272727272727
fft,RandomForest,2,1,1,4,IR,0.007,22,0.9545454545454546
fft,RandomForest,2,1,1,4,IR,0.014,22,1.0
fft,RandomForest,2,1,1,4,IR,0.021,22,1.0
fft,RandomForest,2,1,1,4,Normal,0.0,93,1.0
fft,RandomForest,2,1,1,4,OR,0.007,22,1.0
fft,RandomForest,2,1,1,4,OR,0.014,22,1.0
fft,RandomForest,2,1,1,4,OR,0.021,22,1.0
fft,RandomForest,2,2,0,0,B,0.007,24,1.0
fft,RandomForest,2,2,0,0,B,0.014,24,1.0
fft,RandomForest,2,2,0,0,B,0.021,24,1.0
fft,RandomForest,2,2,0,0,IR,0.007,24,1.0
fft,RandomForest,2,2,0,0,IR,0.014,24,1.0
fft,RandomForest,2,2,0,0,IR,0.021,24,1.0
fft,RandomForest,2,2,0,0,Normal,0.0,95,1.0
fft,RandomForest,2,2,0,0,OR,0.007,24,1.0
fft,RandomForest,2,2,0,0,OR,0.014,24,1.0
fft,RandomForest,2,2,0,0,OR,0.021,24,1.0
fft,RandomForest,2,2,0,1,B,0.007,22,1.0
fft,RandomForest,2,2,0,1,B,0.014,23,1.0
fft,RandomForest,2,2,0,1,B,0.021,23,1.0
fft,RandomForest,2,2,0,1,IR,0.007,23,1.0
fft,RandomForest,2,2,0,1,IR,0.014,22,1.0
fft,RandomForest,2,2,0,1,IR,0.021,22,1.0
fft,RandomForest,2,2,0,1,Normal,0.0,93,1.0
fft,RandomForest,2,2,0,1,OR,0.007,22,1.0
fft,RandomForest,2,2,0,1,OR,0.014,22,1.0
fft,RandomForest,2,2,0,1,OR,0.021,23,1.0
fft,RandomForest,2,2,0,2,B,0.007,23,1.0
fft,RandomForest,2,2,0,2,B,0.014,22,1.0
fft,RandomForest,2,2,0,2,B,0.021,22,1.0
fft,RandomForest,2,2,0,2,IR,0.007,22,1.0
fft,RandomForest,2,2,0,2,IR,0.014,23,1.0
fft,RandomForest,2,2,0,2,IR,0.021,23,1.0
fft,RandomForest,2,2,0,2,Normal,0.0,94,1.0
fft,RandomForest,2,2,0,2,OR,0.007,23,1.0
fft,RandomForest,2,2,0,2,OR,0.014,23,1.0
fft,RandomForest,2,2,0,2,OR,0.021,22,1.0
fft,RandomForest,2,2,0,3,B,0.007,22,1.0
fft,RandomForest,2,2,0,3,B,0.014,23,1.0
fft,RandomForest,2,2,0,3,B,0.021,23,1.0
fft,RandomForest,2,2,0,3,IR,0.007,23,1.0
fft,RandomForest,2,2,0,3,IR,0.014,22,1.0
fft,RandomForest,2,2,0,3,IR,0.021,22,1.0
fft,RandomForest,2,2,0,3,Normal,0.0,93,1.0
fft,RandomForest,2,2,0,3,OR,0.007,22,1.0
fft,RandomForest,2,2,0,3,OR,0.014,22,1.0
fft,RandomForest,2,2,0,3,OR,0.021,23,1.0
fft,RandomForest,2,2,0,4,B,0.007,22,1.0
fft,RandomForest,2,2,0,4,B,0.014,22,1.0
fft,RandomForest,2,2,0,4,B,0.021,22,1.0
fft,RandomForest,2,2,0,4,IR,0.007,22,1.0
fft,RandomForest,2,2,0,4,IR,0.014,22,1.0
fft,RandomForest,2,2,0,4,IR,0.021,22,1.0
fft,RandomForest,2,2,0,4,Normal,0.0,93,1.0
fft,RandomForest,2,2,0,4,OR,0.007,22,1.0
fft,RandomForest,2,2,0,4,OR,0.014,22,1.0
fft,RandomForest,2,2,0,4,OR,0.021,22,1.0
fft,RandomForest,2,3,1,0,B,0.007,24,1.0
fft,RandomForest,2,3,1,0,B,0.014,24,1.0
fft,RandomForest,2,3,1,0,B,0.021,24,1.0
fft,RandomForest,2,3,1,0,IR,0.007,24,1.0
fft,RandomForest,2,3,1,0,IR,0.014,24,1.0
fft,RandomForest,2,3,1,0,IR,0.021,24,1.0
fft,RandomForest,2,3,1,0,Normal,0.0,95,1.0
fft,RandomForest,2,3,1,0,OR,0.007,24,1.0
fft,RandomForest,2,3,1,0,OR,0.014,24,1.0
fft,RandomForest,2,3,1,0,OR,0.021,24,1.0
fft,RandomForest,2,3,1,1,B,0.007,22,1.0
fft,RandomForest,2,3,1,1,B,0.014,23,1.0
fft,RandomForest,2,3,1,1,B,0.021,23,1.0
fft,RandomForest,2,3,1,1,IR,0.007,23,1.0
fft,RandomForest,2,3,1,1,IR,0.014,22,1.0
fft,RandomForest,2,3,1,1,IR,0.021,23,1.0
fft,RandomForest,2,3,1,1,Normal,0.0,94,1.0
fft,RandomForest,2,3,1,1,OR,0.007,23,1.0
fft,RandomForest,2,3,1,1,OR,0.014,23,1.0
fft,RandomForest,2,3,1,1,OR,0.021,23,1.0
fft,RandomForest,2,3,1,2,B,0.007,23,1.0
fft,RandomForest,2,3,1,2,B,0.014,22,1.0
fft,RandomForest,2,3,1,2,B,0.021,22,1.0
fft,RandomForest,2,3,1,2,IR,0.007,23,1.0
fft,RandomForest,2,3,1,2,IR,0.014,23,1.0
fft,RandomForest,2,3,1,2,IR,0.021,22,1.0
fft,RandomForest,2,3,1,2,Normal,0.0,93,1.0
fft,RandomForest,2,3,1,2,OR,0.007,22,1.0
fft,RandomForest,2,3,1,2,OR,0.014,22,1.0
fft,RandomForest,2,3,1,2,OR,0.021,22,1.0
fft,RandomForest,2,3,1,3,B,0.007,22,1.0
fft,RandomForest,2,3,1,3,B,0.014,23,1.0
fft,RandomForest,2,3,1,3,B,0.021,23,1.0
fft,RandomForest,2,3,1,3,IR,0.007,23,1.0
fft,RandomForest,2,3,1,3,IR,0.014,22,1.0
fft,RandomForest,2,3,1,3,IR,0.021,23,1.0
fft,RandomForest,2,3,1,3,Normal,0.0,94,1.0
fft,RandomForest,2,3,1,3,OR,0.007,23,1.0
fft,RandomForest,2,3,1,3,OR,0.014,23,1.0
fft,RandomForest,2,3,1,3,OR,0.021,23,1.0
fft,RandomForest,2,3,1,4,B,0.007,22,1.0
fft,RandomForest,2,3,1,4,B,0.014,22,1.0
fft,RandomForest,2,3,1,4,B,0.021,22,1.0
fft,RandomForest,2,3,1,4,IR,0.007,22,1.0
fft,RandomForest,2,3,1,4,IR,0.014,22,1.0
fft,RandomForest,2,3,1,4,IR,0.021,22,1.0
fft,RandomForest,2,3,1,4,Normal,0.0,93,1.0
fft,RandomForest,2,3,1,4,OR,0.007,22,1.0
fft,RandomForest,2,3,1,4,OR,0.014,22,1.0
fft,RandomForest,2,3,1,4,OR,0.021,22,1.0
fft,RandomForest,3,0,3,0,B,0.007,24,1.0
fft,RandomForest,3,0,3,0,B,0.014,24,0.75
fft,RandomForest,3,0,3,0,B,0.021,24,1.0
fft,RandomForest,3,0,3,0,IR,0.007,24,0.2083333333333333
fft,RandomForest,3,0,3,0,IR,0.014,24,0.9166666666666666
fft,RandomForest,3,0,3,0,IR,0.021,24,0.375
fft,RandomForest,3,0,3,0,Normal,0.0,48,1.0
fft,RandomForest,3,0,3,0,OR,0.007,24,1.0
fft,RandomForest,3,0,3,0,OR,0.014,24,1.0
fft,RandomForest,3,0,3,0,OR,0.021,24,1.0
fft,RandomForest,3,0,3,1,B,0.007,23,1.0
fft,RandomForest,3,0,3,1,B,0.014,22,1.0
fft,RandomForest,3,0,3,1,B,0.021,23,0.9130434782608696
fft,RandomForest,3,0,3,1,IR,0.007,22,0.2272727272727272
fft,RandomForest,3,0,3,1,IR,0.014,22,1.0
fft,RandomForest,3,0,3,1,IR,0.021,23,0.6521739130434783
fft,RandomForest,3,0,3,1,Normal,0.0,46,1.0
fft,RandomForest,3,0,3,1,OR,0.007,23,1.0
fft,RandomForest,3,0,3,1,OR,0.014,22,1.0
fft,RandomForest,3,0,3,1,OR,0.021,23,1.0
fft,RandomForest,3,0,3,2,B,0.007,22,1.0
fft,RandomForest,3,0,3,2,B,0.014,23,1.0
fft,RandomForest,3,0,3,2,B,0.021,22,1.0
fft,RandomForest,3,0,3,2,IR,0.007,23,0.3043478260869565
fft,RandomForest,3,0,3,2,IR,0.014,23,1.0
fft,RandomForest,3,0,3,2,IR,0.021,22,0.4090909090909091
fft,RandomForest,3,0,3,2,Normal,0.0,47,1.0
fft,RandomForest,3,0,3,2,OR,0.007,22,1.0
fft,RandomForest,3,0,3,2,OR,0.014,23,1.0
fft,RandomForest,3,0,3,2,OR,0.021,22,1.0
fft,RandomForest,3,0,3,3,B,0.007,23,1.0
fft,RandomForest,3,0,3,3,B,0.014,22,1.0
fft,RandomForest,3,0,3,3,B,0.021,23,0.8260869565217391
fft,RandomForest,3,0,3,3,IR,0.007,22,0.2272727272727272
fft,RandomForest,3,0,3,3,IR,0.014,22,0.8636363636363636
fft,RandomForest,3,0,3,3,IR,0.021,23,0.6521739130434783
fft,RandomForest,3,0,3,3,Normal,0.0,46,1.0
fft,RandomForest,3,0,3,3,OR,0.007,23,1.0
fft,RandomForest,3,0,3,3,OR,0.014,22,1.0
fft,RandomForest,3,0,3,3,OR,0.021,23,1.0
fft,RandomForest,3,0,3,4,B,0.007,22,1.0
fft,RandomForest,3,0,3,4,B,0.014,22,1.0
fft,RandomForest,3,0,3,4,B,0.021,22,1.0
fft,RandomForest,3,0,3,4,IR,0.007,22,0.5909090909090909
fft,RandomForest,3,0,3,4,IR,0.014,22,0.9090909090909092
fft,RandomForest,3,0,3,4,IR,0.021,22,0.6363636363636364
fft,RandomForest,3,0,3,4,Normal,0.0,46,1.0
fft,RandomForest,3,0,3,4,OR,0.007,22,1.0
fft,RandomForest,3,0,3,4,OR,0.014,22,1.0
fft,RandomForest,3,0,3,4,OR,0.021,22,1.0
fft,RandomForest,3,1,2,0,B,0.007,24,1.0
fft,RandomForest,3,1,2,0,B,0.014,24,1.0
fft,RandomForest,3,1,2,0,B,0.021,24,0.9166666666666666
fft,RandomForest,3,1,2,0,IR,0.007,24,0.9583333333333334
fft,RandomForest,3,1,2,0,IR,0.014,24,1.0
fft,RandomForest,3,1,2,0,IR,0.021,24,1.0
fft,RandomForest,3,1,2,0,Normal,0.0,95,1.0
fft,RandomForest,3,1,2,0,OR,0.007,24,1.0
fft,RandomForest,3,1,2,0,OR,0.014,24,1.0
fft,RandomForest,3,1,2,0,OR,0.021,24,1.0
fft,RandomForest,3,1,2,1,B,0.007,22,1.0
fft,RandomForest,3,1,2,1,B,0.014,23,1.0
fft,RandomForest,3,1,2,1,B,0.021,22,1.0
fft,RandomForest,3,1,2,1,IR,0.007,23,0.9130434782608696
fft,RandomForest,3,1,2,1,IR,0.014,22,1.0
fft,RandomForest,3,1,2,1,IR,0.021,22,1.0
fft,RandomForest,3,1,2,1,Normal,0.0,93,1.0
fft,RandomForest,3,1,2,1,OR,0.007,23,1.0
fft,RandomForest,3,1,2,1,OR,0.014,23,1.0
fft,RandomForest,3,1,2,1,OR,0.021,23,1.0
fft,RandomForest,3,1,2,2,B,0.007,23,1.0
fft,RandomForest,3,1,2,2,B,0.014,22,1.0
fft,RandomForest,3,1,2,2,B,0.021,23,1.0
fft,RandomForest,3,1,2,2,IR,0.007,22,0.9545454545454546
fft,RandomForest,3,1,2,2,IR,0.014,23,1.0
fft,RandomForest,3,1,2,2,IR,0.021,23,0.9565217391304348
fft,RandomForest,3,1,2,2,Normal,0.0,93,1.0
fft,RandomForest,3,1,2,2,OR,0.007,22,1.0
fft,RandomForest,3,1,2,2,OR,0.014,22,1.0
fft,RandomForest,3,1,2,2,OR,0.021,22,1.0
fft,RandomForest,3,1,2,3,B,0.007,22,1.0
fft,RandomForest,3,1,2,3,B,0.014,23,1.0
fft,RandomForest,3,1,2,3,B,0.021,22,0.9090909090909092
fft,RandomForest,3,1,2,3,IR,0.007,23,1.0
fft,RandomForest,3,1,2,3,IR,0.014,22,1.0
fft,RandomForest,3,1,2,3,IR,0.021,22,1.0
fft,RandomForest,3,1,2,3,Normal,0.0,93,1.0
fft,RandomForest,3,1,2,3,OR,0.007,23,1.0
fft,RandomForest,3,1,2,3,OR,0.014,23,1.0
fft,RandomForest,3,1,2,3,OR,0.021,23,1.0
fft,RandomForest,3,1,2,4,B,0.007,22,1.0
fft,RandomForest,3,1,2,4,B,0.014,22,1.0
fft,RandomForest,3,1,2,4,B,0.021,22,0.7727272727272727
fft,RandomForest,3,1,2,4,IR,0.007,22,0.6818181818181818
fft,RandomForest,3,1,2,4,IR,0.014,22,1.0
fft,RandomForest,3,1,2,4,IR,0.021,22,1.0
fft,RandomForest,3,1,2,4,Normal,0.0,93,1.0
fft,RandomForest,3,1,2,4,OR,0.007,22,1.0
fft,RandomForest,3,1,2,4,OR,0.014,22,1.0
fft,RandomForest,3,1,2,4,OR,0.021,22,1.0
fft,RandomForest,3,2,1,0,B,0.007,24,1.0
fft,RandomForest,3,2,1,0,B,0.014,24,1.0
fft,RandomForest,3,2,1,0,B,0.021,24,1.0
fft,RandomForest,3,2,1,0,IR,0.007,24,1.0
fft,RandomForest,3,2,1,0,IR,0.014,24,1.0
fft,RandomForest,3,2,1,0,IR,0.021,24,1.0
fft,RandomForest,3,2,1,0,Normal,0.0,95,1.0
fft,RandomForest,3,2,1,0,OR,0.007,24,1.0
fft,RandomForest,3,2,1,0,OR,0.014,24,1.0
fft,RandomForest,3,2,1,0,OR,0.021,24,1.0
fft,RandomForest,3,2,1,1,B,0.007,22,1.0
fft,RandomForest,3,2,1,1,B,0.014,23,1.0
fft,RandomForest,3,2,1,1,B,0.021,23,1.0
fft,RandomForest,3,2,1,1,IR,0.007,23,1.0
fft,RandomForest,3,2,1,1,IR,0.014,22,1.0
fft,RandomForest,3,2,1,1,IR,0.021,22,0.9090909090909092
fft,RandomForest,3,2,1,1,Normal,0.0,93,1.0
fft,RandomForest,3,2,1,1,OR,0.007,22,1.0
fft,RandomForest,3,2,1,1,OR,0.014,22,1.0
fft,RandomForest,3,2,1,1,OR,0.021,23,1.0
fft,RandomForest,3,2,1,2,B,0.007,23,1.0
fft,RandomForest,3,2,1,2,B,0.014,22,1.0
fft,RandomForest,3,2,1,2,B,0.021,22,1.0
fft,RandomForest,3,2,1,2,IR,0.007,22,1.0
fft,RandomForest,3,2,1,2,IR,0.014,23,1.0
fft,RandomForest,3,2,1,2,IR,0.021,23,1.0
fft,RandomForest,3,2,1,2,Normal,0.0,94,1.0
fft,RandomForest,3,2,1,2,OR,0.007,23,1.0
fft,RandomForest,3,2,1,2,OR,0.014,23,1.0
fft,RandomForest,3,2,1,2,OR,0.021,22,1.0
fft,RandomForest,3,2,1,3,B,0.007,22,1.0
fft,RandomForest,3,2,1,3,B,0.014,23,1.0
fft,RandomForest,3,2,1,3,B,0.021,23,1.0
fft,RandomForest,3,2,1,3,IR,0.007,23,1.0
fft,RandomForest,3,2,1,3,IR,0.014,22,1.0
fft,RandomForest,3,2,1,3,IR,0.021,22,1.0
fft,RandomForest,3,2,1,3,Normal,0.0,93,1.0
fft,RandomForest,3,2,1,3,OR,0.007,22,1.0
fft,RandomForest,3,2,1,3,OR,0.014,22,1.0
fft,RandomForest,3,2,1,3,OR,0.021,23,1.0
fft,RandomForest,3,2,1,4,B,0.007,22,1.0
fft,RandomForest,3,2,1,4,B,0.014,22,1.0
fft,RandomForest,3,2,1,4,B,0.021,22,1.0
fft,RandomForest,3,2,1,4,IR,0.007,22,1.0
fft,RandomForest,3,2,1,4,IR,0.014,22,1.0
fft,RandomForest,3,2,1,4,IR,0.021,22,1.0
fft,RandomForest,3,2,1,4,Normal,0.0,93,1.0
fft,RandomForest,3,2,1,4,OR,0.007,22,1.0
fft,RandomForest,3,2,1,4,OR,0.014,22,1.0
fft,RandomForest,3,2,1,4,OR,0.021,22,1.0
fft,RandomForest,3,3,0,0,B,0.007,24,1.0
fft,RandomForest,3,3,0,0,B,0.014,24,1.0
fft,RandomForest,3,3,0,0,B,0.021,24,1.0
fft,RandomForest,3,3,0,0,IR,0.007,24,1.0
fft,RandomForest,3,3,0,0,IR,0.014,24,1.0
fft,RandomForest,3,3,0,0,IR,0.021,24,1.0
fft,RandomForest,3,3,0,0,Normal,0.0,95,1.0
fft,RandomForest,3,3,0,0,OR,0.007,24,1.0
fft,RandomForest,3,3,0,0,OR,0.014,24,1.0
fft,RandomForest,3,3,0,0,OR,0.021,24,1.0
fft,RandomForest,3,3,0,1,B,0.007,22,1.0
fft,RandomForest,3,3,0,1,B,0.014,23,1.0
fft,RandomForest,3,3,0,1,B,0.021,23,1.0
fft,RandomForest,3,3,0,1,IR,0.007,23,1.0
fft,RandomForest,3,3,0,1,IR,0.014,22,1.0
fft,RandomForest,3,3,0,1,IR,0.021,23,1.0
fft,RandomForest,3,3,0,1,Normal,0.0,94,1.0
fft,RandomForest,3,3,0,1,OR,0.007,23,1.0
fft,RandomForest,3,3,0,1,OR,0.014,23,1.0
fft,RandomForest,3,3,0,1,OR,0.021,23,1.0
fft,RandomForest,3,3,0,2,B,0.007,23,1.0
fft,RandomForest,3,3,0,2,B,0.014,22,1.0
fft,RandomForest,3,3,0,2,B,0.021,22,1.0
fft,RandomForest,3,3,0,2,IR,0.007,23,1.0
fft,RandomForest,3,3,0,2,IR,0.014,23,1.0
fft,RandomForest,3,3,0,2,IR,0.021,22,1.0
fft,RandomForest,3,3,0,2,Normal,0.0,93,1.0
fft,RandomForest,3,3,0,2,OR,0.007,22,1.0
fft,RandomForest,3,3,0,2,OR,0.014,22,1.0
fft,RandomForest,3,3,0,2,OR,0.021,22,1.0
fft,RandomForest,3,3,0,3,B,0.007,22,1.0
fft,RandomForest,3,3,0,3,B,0.014,23,1.0
fft,RandomForest,3,3,0,3,B,0.021,23,1.0
fft,RandomForest,3,3,0,3,IR,0.007,23,1.0
fft,RandomForest,3,3,0,3,IR,0.014,22,1.0
fft,RandomForest,3,3,0,3,IR,0.021,23,1.0
fft,RandomForest,3,3,0,3,Normal,0.0,94,1.0
fft,RandomForest,3,3,0,3,OR,0.007,23,1.0
fft,RandomForest,3,3,0,3,OR,0.014,23,1.0
fft,RandomForest,3,3,0,3,OR,0.021,23,1.0
fft,RandomForest,3,3,0,4,B,0.007,22,1.0
fft,RandomForest,3,3,0,4,B,0.014,22,1.0
fft,RandomForest,3,3,0,4,B,0.021,22,1.0
fft,RandomForest,3,3,0,4,IR,0.007,22,1.0
fft,RandomForest,3,3,0,4,IR,0.014,22,1.0
fft,RandomForest,3,3,0,4,IR,0.021,22,1.0
fft,RandomForest,3,3,0,4,Normal,0.0,93,1.0
fft,RandomForest,3,3,0,4,OR,0.007,22,1.0
fft,RandomForest,3,3,0,4,OR,0.014,22,1.0
fft,RandomForest,3,3,0,4,OR,0.021,22,1.0
fft,MLP,0,0,0,0,B,0.007,24,1.0
fft,MLP,0,0,0,0,B,0.014,24,1.0
fft,MLP,0,0,0,0,B,0.021,24,1.0
fft,MLP,0,0,0,0,IR,0.007,24,1.0
fft,MLP,0,0,0,0,IR,0.014,24,1.0
fft,MLP,0,0,0,0,IR,0.021,24,1.0
fft,MLP,0,0,0,0,Normal,0.0,48,1.0
fft,MLP,0,0,0,0,OR,0.007,24,1.0
fft,MLP,0,0,0,0,OR,0.014,24,1.0
fft,MLP,0,0,0,0,OR,0.021,24,1.0
fft,MLP,0,0,0,1,B,0.007,23,1.0
fft,MLP,0,0,0,1,B,0.014,22,1.0
fft,MLP,0,0,0,1,B,0.021,23,1.0
fft,MLP,0,0,0,1,IR,0.007,22,1.0
fft,MLP,0,0,0,1,IR,0.014,22,1.0
fft,MLP,0,0,0,1,IR,0.021,23,1.0
fft,MLP,0,0,0,1,Normal,0.0,46,1.0
fft,MLP,0,0,0,1,OR,0.007,23,1.0
fft,MLP,0,0,0,1,OR,0.014,22,1.0
fft,MLP,0,0,0,1,OR,0.021,23,1.0
fft,MLP,0,0,0,2,B,0.007,22,1.0
fft,MLP,0,0,0,2,B,0.014,23,1.0
fft,MLP,0,0,0,2,B,0.021,22,1.0
fft,MLP,0,0,0,2,IR,0.007,23,1.0
fft,MLP,0,0,0,2,IR,0.014,23,1.0
fft,MLP,0,0,0,2,IR,0.021,22,1.0
fft,MLP,0,0,0,2,Normal,0.0,47,1.0
fft,MLP,0,0,0,2,OR,0.007,22,1.0
fft,MLP,0,0,0,2,OR,0.014,23,1.0
fft,MLP,0,0,0,2,OR,0.021,22,1.0
fft,MLP,0,0,0,3,B,0.007,23,1.0
fft,MLP,0,0,0,3,B,0.014,22,1.0
fft,MLP,0,0,0,3,B,0.021,23,1.0
fft,MLP,0,0,0,3,IR,0.007,22,1.0
fft,MLP,0,0,0,3,IR,0.014,22,1.0
fft,MLP,0,0,0,3,IR,0.021,23,1.0
fft,MLP,0,0,0,3,Normal,0.0,46,1.0
fft,MLP,0,0,0,3,OR,0.007,23,1.0
fft,MLP,0,0,0,3,OR,0.014,22,1.0
fft,MLP,0,0,0,3,OR,0.021,23,1.0
fft,MLP,0,0,0,4,B,0.007,22,1.0
fft,MLP,0,0,0,4,B,0.014,22,1.0
fft,MLP,0,0,0,4,B,0.021,22,1.0
fft,MLP,0,0,0,4,IR,0.007,22,1.0
fft,MLP,0,0,0,4,IR,0.014,22,1.0
fft,MLP,0,0,0,4,IR,0.021,22,1.0
fft,MLP,0,0,0,4,Normal,0.0,46,1.0
fft,MLP,0,0,0,4,OR,0.007,22,1.0
fft,MLP,0,0,0,4,OR,0.014,22,1.0
fft,MLP,0,0,0,4,OR,0.021,22,1.0
fft,MLP,0,1,1,0,B,0.007,24,1.0
fft,MLP,0,1,1,0,B,0.014,24,1.0
fft,MLP,0,1,1,0,B,0.021,24,1.0
fft,MLP,0,1,1,0,IR,0.007,24,1.0
fft,MLP,0,1,1,0,IR,0.014,24,0.5833333333333334
fft,MLP,0,1,1,0,IR,0.021,24,1.0
fft,MLP,0,1,1,0,Normal,0.0,95,1.0
fft,MLP,0,1,1,0,OR,0.007,24,1.0
fft,MLP,0,1,1,0,OR,0.014,24,1.0
fft,MLP,0,1,1,0,OR,0.021,24,1.0
fft,MLP,0,1,1,1,B,0.007,22,1.0
fft,MLP,0,1,1,1,B,0.014,23,1.0
fft,MLP,0,1,1,1,B,0.021,22,1.0
fft,MLP,0,1,1,1,IR,0.007,23,1.0
fft,MLP,0,1,1,1,IR,0.014,22,0.3636363636363636
fft,MLP,0,1,1,1,IR,0.021,22,1.0
fft,MLP,0,1,1,1,Normal,0.0,93,1.0
fft,MLP,0,1,1,1,OR,0.007,23,1.0
fft,MLP,0,1,1,1,OR,0.014,23,1.0
fft,MLP,0,1,1,1,OR,0.021,23,1.0
fft,MLP,0,1,1,2,B,0.007,23,1.0
fft,MLP,0,1,1,2,B,0.014,22,1.0
fft,MLP,0,1,1,2,B,0.021,23,1.0
fft,MLP,0,1,1,2,IR,0.007,22,1.0
fft,MLP,0,1,1,2,IR,0.014,23,0.3043478260869565
fft,MLP,0,1,1,2,IR,0.021,23,1.0
fft,MLP,0,1,1,2,Normal,0.0,93,1.0
fft,MLP,0,1,1,2,OR,0.007,22,1.0
fft,MLP,0,1,1,2,OR,0.014,22,1.0
fft,MLP,0,1,1,2,OR,0.021,22,1.0
fft,MLP,0,1,1,3,B,0.007,22,1.0
fft,MLP,0,1,1,3,B,0.014,23,1.0
fft,MLP,0,1,1,3,B,0.021,22,1.0
fft,MLP,0,1,1,3,IR,0.007,23,1.0
fft,MLP,0,1,1,3,IR,0.014,22,0.5909090909090909
fft,MLP,0,1,1,3,IR,0.021,22,1.0
fft,MLP,0,1,1,3,Normal,0.0,93,1.0
fft,MLP,0,1,1,3,OR,0.007,23,1.0
fft,MLP,0,1,1,3,OR,0.014,23,1.0
fft,MLP,0,1,1,3,OR,0.021,23,1.0
fft,MLP,0,1,1,4,B,0.007,22,1.0
fft,MLP,0,1,1,4,B,0.014,22,1.0
fft,MLP,0,1,1,4,B,0.021,22,1.0
fft,MLP,0,1,1,4,IR,0.007,22,1.0
fft,MLP,0,1,1,4,IR,0.014,22,0.4090909090909091
fft,MLP,0,1,1,4,IR,0.021,22,1.0
fft,MLP,0,1,1,4,Normal,0.0,93,1.0
fft,MLP,0,1,1,4,OR,0.007,22,1.0
fft,MLP,0,1,1,4,OR,0.014,22,1.0
fft,MLP,0,1,1,4,OR,0.021,22,1.0
fft,MLP,0,2,2,0,B,0.007,24,1.0
fft,MLP,0,2,2,0,B,0.014,24,1.0
fft,MLP,0,2,2,0,B,0.021,24,1.0
fft,MLP,0,2,2,0,IR,0.007,24,0.0
fft,MLP,0,2,2,0,IR,0.014,24,0.0416666666666666
fft,MLP,0,2,2,0,IR,0.021,24,1.0
fft,MLP,0,2,2,0,Normal,0.0,95,1.0
fft,MLP,0,2,2,0,OR,0.007,24,1.0
fft,MLP,0,2,2,0,OR,0.014,24,1.0
fft,MLP,0,2,2,0,OR,0.021,24,1.0
fft,MLP,0,2,2,1,B,0.007,22,1.0
fft,MLP,0,2,2,1,B,0.014,23,1.0
fft,MLP,0,2,2,1,B,0.021,23,1.0
fft,MLP,0,2,2,1,IR,0.007,23,0.4347826086956521
fft,MLP,0,2,2,1,IR,0.014,22,0.2272727272727272
fft,MLP,0,2,2,1,IR,0.021,22,1.0
fft,MLP,0,2,2,1,Normal,0.0,93,1.0
fft,MLP,0,2,2,1,OR,0.007,22,1.0
fft,MLP,0,2,2,1,OR,0.014,22,1.0
fft,MLP,0,2,2,1,OR,0.021,23,1.0
fft,MLP,0,2,2,2,B,0.007,23,1.0
fft,MLP,0,2,2,2,B,0.014,22,1.0
fft,MLP,0,2,2,2,B,0.021,22,1.0
fft,MLP,0,2,2,2,IR,0.007,22,0.1363636363636363
fft,MLP,0,2,2,2,IR,0.014,23,0.0434782608695652
fft,MLP,0,2,2,2,IR,0.021,23,1.0
fft,MLP,0,2,2,2,Normal,0.0,94,1.0
fft,MLP,0,2,2,2,OR,0.007,23,1.0
fft,MLP,0,2,2,2,OR,0.014,23,1.0
fft,MLP,0,2,2,2,OR,0.021,22,1.0
fft,MLP,0,2,2,3,B,0.007,22,1.0
fft,MLP,0,2,2,3,B,0.014,23,1.0
fft,MLP,0,2,2,3,B,0.021,23,1.0
fft,MLP,0,2,2,3,IR,0.007,23,0.6086956521739131
fft,MLP,0,2,2,3,IR,0.014,22,0.0454545454545454
fft,MLP,0,2,2,3,IR,0.021,22,0.8636363636363636
fft,MLP,0,2,2,3,Normal,0.0,93,1.0
fft,MLP,0,2,2,3,OR,0.007,22,1.0
fft,MLP,0,2,2,3,OR,0.014,22,1.0
fft,MLP,0,2,2,3,OR,0.021,23,1.0
fft,MLP,0,2,2,4,B,0.007,22,1.0
fft,MLP,0,2,2,4,B,0.014,22,1.0
fft,MLP,0,2,2,4,B,0.021,22,1.0
fft,MLP,0,2,2,4,IR,0.007,22,0.5454545454545454
fft,MLP,0,2,2,4,IR,0.014,22,0.1363636363636363
fft,MLP,0,2,2,4,IR,0.021,22,1.0
fft,MLP,0,2,2,4,Normal,0.0,93,1.0
fft,MLP,0,2,2,4,OR,0.007,22,1.0
fft,MLP,0,2,2,4,OR,0.014,22,1.0
fft,MLP,0,2,2,4,OR,0.021,22,1.0
fft,MLP,0,3,3,0,B,0.007,24,1.0
fft,MLP,0,3,3,0,B,0.014,24,1.0
fft,MLP,0,3,3,0,B,0.021,24,1.0
fft,MLP,0,3,3,0,IR,0.007,24,1.0
fft,MLP,0,3,3,0,IR,0.014,24,0.4583333333333333
fft,MLP,0,3,3,0,IR,0.021,24,1.0
fft,MLP,0,3,3,0,Normal,0.0,95,1.0
fft,MLP,0,3,3,0,OR,0.007,24,1.0
fft,MLP,0,3,3,0,OR,0.014,24,1.0
fft,MLP,0,3,3,0,OR,0.021,24,1.0
fft,MLP,0,3,3,1,B,0.007,22,1.0
fft,MLP,0,3,3,1,B,0.014,23,1.0
fft,MLP,0,3,3,1,B,0.021,23,1.0
fft,MLP,0,3,3,1,IR,0.007,23,1.0
fft,MLP,0,3,3,1,IR,0.014,22,0.5
fft,MLP,0,3,3,1,IR,0.021,23,1.0
fft,MLP,0,3,3,1,Normal,0.0,94,1.0
fft,MLP,0,3,3,1,OR,0.007,23,1.0
fft,MLP,0,3,3,1,OR,0.014,23,1.0
fft,MLP,0,3,3,1,OR,0.021,23,0.9565217391304348
fft,MLP,0,3,3,2,B,0.007,23,1.0
fft,MLP,0,3,3,2,B,0.014,22,1.0
fft,MLP,0,3,3,2,B,0.021,22,1.0
fft,MLP,0,3,3,2,IR,0.007,23,1.0
fft,MLP,0,3,3,2,IR,0.014,23,0.2608695652173913
fft,MLP,0,3,3,2,IR,0.021,22,1.0
fft,MLP,0,3,3,2,Normal,0.0,93,1.0
fft,MLP,0,3,3,2,OR,0.007,22,1.0
fft,MLP,0,3,3,2,OR,0.014,22,1.0
fft,MLP,0,3,3,2,OR,0.021,22,1.0
fft,MLP,0,3,3,3,B,0.007,22,1.0
fft,MLP,0,3,3,3,B,0.014,23,1.0
fft,MLP,0,3,3,3,B,0.021,23,1.0
fft,MLP,0,3,3,3,IR,0.007,23,1.0
fft,MLP,0,3,3,3,IR,0.014,22,0.8181818181818182
fft,MLP,0,3,3,3,IR,0.021,23,0.9565217391304348
fft,MLP,0,3,3,3,Normal,0.0,94,1.0
fft,MLP,0,3,3,3,OR,0.007,23,1.0
fft,MLP,0,3,3,3,OR,0.014,23,1.0
fft,MLP,0,3,3,3,OR,0.021,23,0.8695652173913043
fft,MLP,0,3,3,4,B,0.007,22,1.0
fft,MLP,0,3,3,4,B,0.014,22,1.0
fft,MLP,0,3,3,4,B,0.021,22,1.0
fft,MLP,0,3,3,4,IR,0.007,22,1.0
fft,MLP,0,3,3,4,IR,0.014,22,0.6818181818181818
fft,MLP,0,3,3,4,IR,0.021,22,1.0
fft,MLP,0,3,3,4,Normal,0.0,93,1.0
fft,MLP,0,3,3,4,OR,0.007,22,1.0
fft,MLP,0,3,3,4,OR,0.014,22,1.0
fft,MLP,0,3,3,4,OR,0.021,22,1.0
fft,MLP,1,0,1,0,B,0.007,24,1.0
fft,MLP,1,0,1,0,B,0.014,24,1.0
fft,MLP,1,0,1,0,B,0.021,24,1.0
fft,MLP,1,0,1,0,IR,0.007,24,1.0
fft,MLP,1,0,1,0,IR,0.014,24,1.0
fft,MLP,1,0,1,0,IR,0.021,24,1.0
fft,MLP,1,0,1,0,Normal,0.0,48,1.0
fft,MLP,1,0,1,0,OR,0.007,24,1.0
fft,MLP,1,0,1,0,OR,0.014,24,1.0
fft,MLP,1,0,1,0,OR,0.021,24,1.0
fft,MLP,1,0,1,1,B,0.007,23,1.0
fft,MLP,1,0,1,1,B,0.014,22,1.0
fft,MLP,1,0,1,1,B,0.021,23,1.0
fft,MLP,1,0,1,1,IR,0.007,22,1.0
fft,MLP,1,0,1,1,IR,0.014,22,1.0
fft,MLP,1,0,1,1,IR,0.021,23,1.0
fft,MLP,1,0,1,1,Normal,0.0,46,1.0
fft,MLP,1,0,1,1,OR,0.007,23,1.0
fft,MLP,1,0,1,1,OR,0.014,22,1.0
fft,MLP,1,0,1,1,OR,0.021,23,1.0
fft,MLP,1,0,1,2,B,0.007,22,1.0
fft,MLP,1,0,1,2,B,0.014,23,1.0
fft,MLP,1,0,1,2,B,0.021,22,1.0
fft,MLP,1,0,1,2,IR,0.007,23,1.0
fft,MLP,1,0,1,2,IR,0.014,23,1.0
fft,MLP,1,0,1,2,IR,0.021,22,1.0
fft,MLP,1,0,1,2,Normal,0.0,47,1.0
fft,MLP,1,0,1,2,OR,0.007,22,1.0
fft,MLP,1,0,1,2,OR,0.014,23,1.0
fft,MLP,1,0,1,2,OR,0.021,22,1.0
fft,MLP,1,0,1,3,B,0.007,23,1.0
fft,MLP,1,0,1,3,B,0.014,22,0.9090909090909092
fft,MLP,1,0,1,3,B,0.021,23,1.0
fft,MLP,1,0,1,3,IR,0.007,22,1.0
fft,MLP,1,0,1,3,IR,0.014,22,1.0
fft,MLP,1,0,1,3,IR,0.021,23,0.9130434782608696
fft,MLP,1,0,1,3,Normal,0.0,46,1.0
fft,MLP,1,0,1,3,OR,0.007,23,1.0
fft,MLP,1,0,1,3,OR,0.014,22,1.0
fft,MLP,1,0,1,3,OR,0.021,23,1.0
fft,MLP,1,0,1,4,B,0.007,22,1.0
fft,MLP,1,0,1,4,B,0.014,22,0.9090909090909092
fft,MLP,1,0,1,4,B,0.021,22,1.0
fft,MLP,1,0,1,4,IR,0.007,22,1.0
fft,MLP,1,0,1,4,IR,0.014,22,1.0
fft,MLP,1,0,1,4,IR,0.021,22,1.0
fft,MLP,1,0,1,4,Normal,0.0,46,1.0
fft,MLP,1,0,1,4,OR,0.007,22,1.0
fft,MLP,1,0,1,4,OR,0.014,22,1.0
fft,MLP,1,0,1,4,OR,0.021,22,1.0
fft,MLP,1,1,0,0,B,0.007,24,1.0
fft,MLP,1,1,0,0,B,0.014,24,1.0
fft,MLP,1,1,0,0,B,0.021,24,1.0
fft,MLP,1,1,0,0,IR,0.007,24,1.0
fft,MLP,1,1,0,0,IR,0.014,24,1.0
fft,MLP,1,1,0,0,IR,0.021,24,1.0
fft,MLP,1,1,0,0,Normal,0.0,95,1.0
fft,MLP,1,1,0,0,OR,0.007,24,1.0
fft,MLP,1,1,0,0,OR,0.014,24,1.0
fft,MLP,1,1,0,0,OR,0.021,24,1.0
fft,MLP,1,1,0,1,B,0.007,22,1.0
fft,MLP,1,1,0,1,B,0.014,23,1.0
fft,MLP,1,1,0,1,B,0.021,22,1.0
fft,MLP,1,1,0,1,IR,0.007,23,1.0
fft,MLP,1,1,0,1,IR,0.014,22,1.0
fft,MLP,1,1,0,1,IR,0.021,22,1.0
fft,MLP,1,1,0,1,Normal,0.0,93,1.0
fft,MLP,1,1,0,1,OR,0.007,23,1.0
fft,MLP,1,1,0,1,OR,0.014,23,1.0
fft,MLP,1,1,0,1,OR,0.021,23,1.0
fft,MLP,1,1,0,2,B,0.007,23,1.0
fft,MLP,1,1,0,2,B,0.014,22,1.0
fft,MLP,1,1,0,2,B,0.021,23,1.0
fft,MLP,1,1,0,2,IR,0.007,22,1.0
fft,MLP,1,1,0,2,IR,0.014,23,1.0
fft,MLP,1,1,0,2,IR,0.021,23,1.0
fft,MLP,1,1,0,2,Normal,0.0,93,1.0
fft,MLP,1,1,0,2,OR,0.007,22,1.0
fft,MLP,1,1,0,2,OR,0.014,22,1.0
fft,MLP,1,1,0,2,OR,0.021,22,1.0
fft,MLP,1,1,0,3,B,0.007,22,1.0
fft,MLP,1,1,0,3,B,0.014,23,1.0
fft,MLP,1,1,0,3,B,0.021,22,1.0
fft,MLP,1,1,0,3,IR,0.007,23,1.0
fft,MLP,1,1,0,3,IR,0.014,22,1.0
fft,MLP,1,1,0,3,IR,0.021,22,1.0
fft,MLP,1,1,0,3,Normal,0.0,93,1.0
fft,MLP,1,1,0,3,OR,0.007,23,1.0
fft,MLP,1,1,0,3,OR,0.014,23,1.0
fft,MLP,1,1,0,3,OR,0.021,23,1.0
fft,MLP,1,1,0,4,B,0.007,22,1.0
fft,MLP,1,1,0,4,B,0.014,22,1.0
fft,MLP,1,1,0,4,B,0.021,22,1.0
fft,MLP,1,1,0,4,IR,0.007,22,1.0
fft,MLP,1,1,0,4,IR,0.014,22,1.0
fft,MLP,1,1,0,4,IR,0.021,22,1.0
fft,MLP,1,1,0,4,Normal,0.0,93,1.0
fft,MLP,1,1,0,4,OR,0.007,22,1.0
fft,MLP,1,1,0,4,OR,0.014,22,1.0
fft,MLP,1,1,0,4,OR,0.021,22,1.0
fft,MLP,1,2,1,0,B,0.007,24,1.0
fft,MLP,1,2,1,0,B,0.014,24,1.0
fft,MLP,1,2,1,0,B,0.021,24,1.0
fft,MLP,1,2,1,0,IR,0.007,24,1.0
fft,MLP,1,2,1,0,IR,0.014,24,1.0
fft,MLP,1,2,1,0,IR,0.021,24,1.0
fft,MLP,1,2,1,0,Normal,0.0,95,1.0
fft,MLP,1,2,1,0,OR,0.007,24,1.0
fft,MLP,1,2,1,0,OR,0.014,24,1.0
fft,MLP,1,2,1,0,OR,0.021,24,1.0
fft,MLP,1,2,1,1,B,0.007,22,1.0
fft,MLP,1,2,1,1,B,0.014,23,1.0
fft,MLP,1,2,1,1,B,0.021,23,1.0
fft,MLP,1,2,1,1,IR,0.007,23,1.0
fft,MLP,1,2,1,1,IR,0.014,22,1.0
fft,MLP,1,2,1,1,IR,0.021,22,1.0
fft,MLP,1,2,1,1,Normal,0.0,93,1.0
fft,MLP,1,2,1,1,OR,0.007,22,1.0
fft,MLP,1,2,1,1,OR,0.014,22,1.0
fft,MLP,1,2,1,1,OR,0.021,23,1.0
fft,MLP,1,2,1,2,B,0.007,23,1.0
fft,MLP,1,2,1,2,B,0.014,22,1.0
fft,MLP,1,2,1,2,B,0.021,22,1.0
fft,MLP,1,2,1,2,IR,0.007,22,1.0
fft,MLP,1,2,1,2,IR,0.014,23,1.0
fft,MLP,1,2,1,2,IR,0.021,23,1.0
fft,MLP,1,2,1,2,Normal,0.0,94,1.0
fft,MLP,1,2,1,2,OR,0.007,23,1.0
fft,MLP,1,2,1,2,OR,0.014,23,1.0
fft,MLP,1,2,1,2,OR,0.021,22,1.0
fft,MLP,1,2,1,3,B,0.007,22,1.0
fft,MLP,1,2,1,3,B,0.014,23,1.0
fft,MLP,1,2,1,3,B,0.021,23,1.0
fft,MLP,1,2,1,3,IR,0.007,23,1.0
fft,MLP,1,2,1,3,IR,0.014,22,1.0
fft,MLP,1,2,1,3,IR,0.021,22,0.9090909090909092
fft,MLP,1,2,1,3,Normal,0.0,93,1.0
fft,MLP,1,2,1,3,OR,0.007,22,1.0
fft,MLP,1,2,1,3,OR,0.014,22,1.0
fft,MLP,1,2,1,3,OR,0.021,23,1.0
fft,MLP,1,2,1,4,B,0.007,22,1.0
fft,MLP,1,2,1,4,B,0.014,22,1.0
fft,MLP,1,2,1,4,B,0.021,22,1.0
fft,MLP,1,2,1,4,IR,0.007,22,1.0
fft,MLP,1,2,1,4,IR,0.014,22,1.0
fft,MLP,1,2,1,4,IR,0.021,22,1.0
fft,MLP,1,2,1,4,Normal,0.0,93,1.0
fft,MLP,1,2,1,4,OR,0.007,22,1.0
fft,MLP,1,2,1,4,OR,0.014,22,1.0
fft,MLP,1,2,1,4,OR,0.021,22,1.0
fft,MLP,1,3,2,0,B,0.007,24,1.0
fft,MLP,1,3,2,0,B,0.014,24,1.0
fft,MLP,1,3,2,0,B,0.021,24,1.0
fft,MLP,1,3,2,0,IR,0.007,24,1.0
fft,MLP,1,3,2,0,IR,0.014,24,0.7916666666666666
fft,MLP,1,3,2,0,IR,0.021,24,1.0
fft,MLP,1,3,2,0,Normal,0.0,95,1.0
fft,MLP,1,3,2,0,OR,0.007,24,1.0
fft,MLP,1,3,2,0,OR,0.014,24,1.0
fft,MLP,1,3,2,0,OR,0.021,24,1.0
fft,MLP,1,3,2,1,B,0.007,22,1.0
fft,MLP,1,3,2,1,B,0.014,23,1.0
fft,MLP,1,3,2,1,B,0.021,23,1.0
fft,MLP,1,3,2,1,IR,0.007,23,1.0
fft,MLP,1,3,2,1,IR,0.014,22,0.9090909090909092
fft,MLP,1,3,2,1,IR,0.021,23,1.0
fft,MLP,1,3,2,1,Normal,0.0,94,1.0
fft,MLP,1,3,2,1,OR,0.007,23,1.0
fft,MLP,1,3,2,1,OR,0.014,23,1.0
fft,MLP,1,3,2,1,OR,0.021,23,1.0
fft,MLP,1,3,2,2,B,0.007,23,1.0
fft,MLP,1,3,2,2,B,0.014,22,1.0
fft,MLP,1,3,2,2,B,0.021,22,1.0
fft,MLP,1,3,2,2,IR,0.007,23,1.0
fft,MLP,1,3,2,2,IR,0.014,23,0.6956521739130435
fft,MLP,1,3,2,2,IR,0.021,22,1.0
fft,MLP,1,3,2,2,Normal,0.0,93,1.0
fft,MLP,1,3,2,2,OR,0.007,22,1.0
fft,MLP,1,3,2,2,OR,0.014,22,1.0
fft,MLP,1,3,2,2,OR,0.021,22,1.0
fft,MLP,1,3,2,3,B,0.007,22,1.0
fft,MLP,1,3,2,3,B,0.014,23,1.0
fft,MLP,1,3,2,3,B,0.021,23,1.0
fft,MLP,1,3,2,3,IR,0.007,23,1.0
fft,MLP,1,3,2,3,IR,0.014,22,0.8181818181818182
fft,MLP,1,3,2,3,IR,0.021,23,0.9565217391304348
fft,MLP,1,3,2,3,Normal,0.0,94,1.0
fft,MLP,1,3,2,3,OR,0.007,23,1.0
fft,MLP,1,3,2,3,OR,0.014,23,1.0
fft,MLP,1,3,2,3,OR,0.021,23,1.0
fft,MLP,1,3,2,4,B,0.007,22,1.0
fft,MLP,1,3,2,4,B,0.014,22,1.0
fft,MLP,1,3,2,4,B,0.021,22,1.0
fft,MLP,1,3,2,4,IR,0.007,22,1.0
fft,MLP,1,3,2,4,IR,0.014,22,0.8181818181818182
fft,MLP,1,3,2,4,IR,0.021,22,1.0
fft,MLP,1,3,2,4,Normal,0.0,93,1.0
fft,MLP,1,3,2,4,OR,0.007,22,1.0
fft,MLP,1,3,2,4,OR,0.014,22,1.0
fft,MLP,1,3,2,4,OR,0.021,22,1.0
fft,MLP,2,0,2,0,B,0.007,24,1.0
fft,MLP,2,0,2,0,B,0.014,24,1.0
fft,MLP,2,0,2,0,B,0.021,24,0.9583333333333334
fft,MLP,2,0,2,0,IR,0.007,24,0.4166666666666667
fft,MLP,2,0,2,0,IR,0.014,24,1.0
fft,MLP,2,0,2,0,IR,0.021,24,1.0
fft,MLP,2,0,2,0,Normal,0.0,48,1.0
fft,MLP,2,0,2,0,OR,0.007,24,1.0
fft,MLP,2,0,2,0,OR,0.014,24,1.0
fft,MLP,2,0,2,0,OR,0.021,24,1.0
fft,MLP,2,0,2,1,B,0.007,23,1.0
fft,MLP,2,0,2,1,B,0.014,22,1.0
fft,MLP,2,0,2,1,B,0.021,23,0.6956521739130435
fft,MLP,2,0,2,1,IR,0.007,22,0.1363636363636363
fft,MLP,2,0,2,1,IR,0.014,22,0.9090909090909092
fft,MLP,2,0,2,1,IR,0.021,23,1.0
fft,MLP,2,0,2,1,Normal,0.0,46,1.0
fft,MLP,2,0,2,1,OR,0.007,23,1.0
fft,MLP,2,0,2,1,OR,0.014,22,1.0
fft,MLP,2,0,2,1,OR,0.021,23,1.0
fft,MLP,2,0,2,2,B,0.007,22,1.0
fft,MLP,2,0,2,2,B,0.014,23,1.0
fft,MLP,2,0,2,2,B,0.021,22,0.8636363636363636
fft,MLP,2,0,2,2,IR,0.007,23,0.782608695652174
fft,MLP,2,0,2,2,IR,0.014,23,1.0
fft,MLP,2,0,2,2,IR,0.021,22,1.0
fft,MLP,2,0,2,2,Normal,0.0,47,1.0
fft,MLP,2,0,2,2,OR,0.007,22,1.0
fft,MLP,2,0,2,2,OR,0.014,23,1.0
fft,MLP,2,0,2,2,OR,0.021,22,0.9545454545454546
fft,MLP,2,0,2,3,B,0.007,23,1.0
fft,MLP,2,0,2,3,B,0.014,22,0.9545454545454546
fft,MLP,2,0,2,3,B,0.021,23,0.6956521739130435
fft,MLP,2,0,2,3,IR,0.007,22,0.6363636363636364
fft,MLP,2,0,2,3,IR,0.014,22,1.0
fft,MLP,2,0,2,3,IR,0.021,23,1.0
fft,MLP,2,0,2,3,Normal,0.0,46,1.0
fft,MLP,2,0,2,3,OR,0.007,23,1.0
fft,MLP,2,0,2,3,OR,0.014,22,1.0
fft,MLP,2,0,2,3,OR,0.021,23,1.0
fft,MLP,2,0,2,4,B,0.007,22,1.0
fft,MLP,2,0,2,4,B,0.014,22,1.0
fft,MLP,2,0,2,4,B,0.021,22,1.0
fft,MLP,2,0,2,4,IR,0.007,22,0.8181818181818182
fft,MLP,2,0,2,4,IR,0.014,22,1.0
fft,MLP,2,0,2,4,IR,0.021,22,1.0
fft,MLP,2,0,2,4,Normal,0.0,46,1.0
fft,MLP,2,0,2,4,OR,0.007,22,1.0
fft,MLP,2,0,2,4,OR,0.014,22,1.0
fft,MLP,2,0,2,4,OR,0.021,22,1.0
fft,MLP,2,1,1,0,B,0.007,24,1.0
fft,MLP,2,1,1,0,B,0.014,24,1.0
fft,MLP,2,1,1,0,B,0.021,24,0.9166666666666666
fft,MLP,2,1,1,0,IR,0.007,24,1.0
fft,MLP,2,1,1,0,IR,0.014,24,1.0
fft,MLP,2,1,1,0,IR,0.021,24,1.0
fft,MLP,2,1,1,0,Normal,0.0,95,1.0
fft,MLP,2,1,1,0,OR,0.007,24,1.0
fft,MLP,2,1,1,0,OR,0.014,24,1.0
fft,MLP,2,1,1,0,OR,0.021,24,1.0
fft,MLP,2,1,1,1,B,0.007,22,1.0
fft,MLP,2,1,1,1,B,0.014,23,1.0
fft,MLP,2,1,1,1,B,0.021,22,0.9090909090909092
fft,MLP,2,1,1,1,IR,0.007,23,1.0
fft,MLP,2,1,1,1,IR,0.014,22,1.0
fft,MLP,2,1,1,1,IR,0.021,22,1.0
fft,MLP,2,1,1,1,Normal,0.0,93,1.0
fft,MLP,2,1,1,1,OR,0.007,23,1.0
fft,MLP,2,1,1,1,OR,0.014,23,1.0
fft,MLP,2,1,1,1,OR,0.021,23,1.0
fft,MLP,2,1,1,2,B,0.007,23,1.0
fft,MLP,2,1,1,2,B,0.014,22,1.0
fft,MLP,2,1,1,2,B,0.021,23,1.0
fft,MLP,2,1,1,2,IR,0.007,22,1.0
fft,MLP,2,1,1,2,IR,0.014,23,1.0
fft,MLP,2,1,1,2,IR,0.021,23,1.0
fft,MLP,2,1,1,2,Normal,0.0,93,1.0
fft,MLP,2,1,1,2,OR,0.007,22,1.0
fft,MLP,2,1,1,2,OR,0.014,22,1.0
fft,MLP,2,1,1,2,OR,0.021,22,1.0
fft,MLP,2,1,1,3,B,0.007,22,1.0
fft,MLP,2,1,1,3,B,0.014,23,1.0
fft,MLP,2,1,1,3,B,0.021,22,0.9090909090909092
fft,MLP,2,1,1,3,IR,0.007,23,1.0
fft,MLP,2,1,1,3,IR,0.014,22,1.0
fft,MLP,2,1,1,3,IR,0.021,22,1.0
fft,MLP,2,1,1,3,Normal,0.0,93,1.0
fft,MLP,2,1,1,3,OR,0.007,23,1.0
fft,MLP,2,1,1,3,OR,0.014,23,1.0
fft,MLP,2,1,1,3,OR,0.021,23,1.0
fft,MLP,2,1,1,4,B,0.007,22,1.0
fft,MLP,2,1,1,4,B,0.014,22,1.0
fft,MLP,2,1,1,4,B,0.021,22,0.7727272727272727
fft,MLP,2,1,1,4,IR,0.007,22,1.0
fft,MLP,2,1,1,4,IR,0.014,22,1.0
fft,MLP,2,1,1,4,IR,0.021,22,1.0
fft,MLP,2,1,1,4,Normal,0.0,93,1.0
fft,MLP,2,1,1,4,OR,0.007,22,1.0
fft,MLP,2,1,1,4,OR,0.014,22,1.0
fft,MLP,2,1,1,4,OR,0.021,22,1.0
fft,MLP,2,2,0,0,B,0.007,24,1.0
fft,MLP,2,2,0,0,B,0.014,24,1.0
fft,MLP,2,2,0,0,B,0.021,24,1.0
fft,MLP,2,2,0,0,IR,0.007,24,1.0
fft,MLP,2,2,0,0,IR,0.014,24,1.0
fft,MLP,2,2,0,0,IR,0.021,24,1.0
fft,MLP,2,2,0,0,Normal,0.0,95,1.0
fft,MLP,2,2,0,0,OR,0.007,24,1.0
fft,MLP,2,2,0,0,OR,0.014,24,1.0
fft,MLP,2,2,0,0,OR,0.021,24,1.0
fft,MLP,2,2,0,1,B,0.007,22,1.0
fft,MLP,2,2,0,1,B,0.014,23,1.0
fft,MLP,2,2,0,1,B,0.021,23,1.0
fft,MLP,2,2,0,1,IR,0.007,23,1.0
fft,MLP,2,2,0,1,IR,0.014,22,1.0
fft,MLP,2,2,0,1,IR,0.021,22,1.0
fft,MLP,2,2,0,1,Normal,0.0,93,1.0
fft,MLP,2,2,0,1,OR,0.007,22,1.0
fft,MLP,2,2,0,1,OR,0.014,22,1.0
fft,MLP,2,2,0,1,OR,0.021,23,1.0
fft,MLP,2,2,0,2,B,0.007,23,1.0
fft,MLP,2,2,0,2,B,0.014,22,1.0
fft,MLP,2,2,0,2,B,0.021,22,1.0
fft,MLP,2,2,0,2,IR,0.007,22,1.0
fft,MLP,2,2,0,2,IR,0.014,23,1.0
fft,MLP,2,2,0,2,IR,0.021,23,1.0
fft,MLP,2,2,0,2,Normal,0.0,94,1.0
fft,MLP,2,2,0,2,OR,0.007,23,1.0
fft,MLP,2,2,0,2,OR,0.014,23,1.0
fft,MLP,2,2,0,2,OR,0.021,22,1.0
fft,MLP,2,2,0,3,B,0.007,22,1.0
fft,MLP,2,2,0,3,B,0.014,23,1.0
fft,MLP,2,2,0,3,B,0.021,23,1.0
fft,MLP,2,2,0,3,IR,0.007,23,1.0
fft,MLP,2,2,0,3,IR,0.014,22,1.0
fft,MLP,2,2,0,3,IR,0.021,22,1.0
fft,MLP,2,2,0,3,Normal,0.0,93,1.0
fft,MLP,2,2,0,3,OR,0.007,22,1.0
fft,MLP,2,2,0,3,OR,0.014,22,1.0
fft,MLP,2,2,0,3,OR,0.021,23,1.0
fft,MLP,2,2,0,4,B,0.007,22,1.0
fft,MLP,2,2,0,4,B,0.014,22,1.0
fft,MLP,2,2,0,4,B,0.021,22,1.0
fft,MLP,2,2,0,4,IR,0.007,22,1.0
fft,MLP,2,2,0,4,IR,0.014,22,1.0
fft,MLP,2,2,0,4,IR,0.021,22,1.0
fft,MLP,2,2,0,4,Normal,0.0,93,1.0
fft,MLP,2,2,0,4,OR,0.007,22,1.0
fft,MLP,2,2,0,4,OR,0.014,22,1.0
fft,MLP,2,2,0,4,OR,0.021,22,1.0
fft,MLP,2,3,1,0,B,0.007,24,1.0
fft,MLP,2,3,1,0,B,0.014,24,1.0
fft,MLP,2,3,1,0,B,0.021,24,1.0
fft,MLP,2,3,1,0,IR,0.007,24,1.0
fft,MLP,2,3,1,0,IR,0.014,24,1.0
fft,MLP,2,3,1,0,IR,0.021,24,1.0
fft,MLP,2,3,1,0,Normal,0.0,95,1.0
fft,MLP,2,3,1,0,OR,0.007,24,1.0
fft,MLP,2,3,1,0,OR,0.014,24,1.0
fft,MLP,2,3,1,0,OR,0.021,24,1.0
fft,MLP,2,3,1,1,B,0.007,22,1.0
fft,MLP,2,3,1,1,B,0.014,23,1.0
fft,MLP,2,3,1,1,B,0.021,23,1.0
fft,MLP,2,3,1,1,IR,0.007,23,1.0
fft,MLP,2,3,1,1,IR,0.014,22,1.0
fft,MLP,2,3,1,1,IR,0.021,23,1.0
fft,MLP,2,3,1,1,Normal,0.0,94,1.0
fft,MLP,2,3,1,1,OR,0.007,23,1.0
fft,MLP,2,3,1,1,OR,0.014,23,1.0
fft,MLP,2,3,1,1,OR,0.021,23,1.0
fft,MLP,2,3,1,2,B,0.007,23,1.0
fft,MLP,2,3,1,2,B,0.014,22,1.0
fft,MLP,2,3,1,2,B,0.021,22,1.0
fft,MLP,2,3,1,2,IR,0.007,23,1.0
fft,MLP,2,3,1,2,IR,0.014,23,1.0
fft,MLP,2,3,1,2,IR,0.021,22,1.0
fft,MLP,2,3,1,2,Normal,0.0,93,1.0
fft,MLP,2,3,1,2,OR,0.007,22,1.0
fft,MLP,2,3,1,2,OR,0.014,22,1.0
fft,MLP,2,3,1,2,OR,0.021,22,0.9545454545454546
fft,MLP,2,3,1,3,B,0.007,22,1.0
fft,MLP,2,3,1,3,B,0.014,23,1.0
fft,MLP,2,3,1,3,B,0.021,23,1.0
fft,MLP,2,3,1,3,IR,0.007,23,1.0
fft,MLP,2,3,1,3,IR,0.014,22,1.0
fft,MLP,2,3,1,3,IR,0.021,23,1.0
fft,MLP,2,3,1,3,Normal,0.0,94,1.0
fft,MLP,2,3,1,3,OR,0.007,23,1.0
fft,MLP,2,3,1,3,OR,0.014,23,1.0
fft,MLP,2,3,1,3,OR,0.021,23,1.0
fft,MLP,2,3,1,4,B,0.007,22,1.0
fft,MLP,2,3,1,4,B,0.014,22,1.0
fft,MLP,2,3,1,4,B,0.021,22,1.0
fft,MLP,2,3,1,4,IR,0.007,22,1.0
fft,MLP,2,3,1,4,IR,0.014,22,1.0
fft,MLP,2,3,1,4,IR,0.021,22,1.0
fft,MLP,2,3,1,4,Normal,0.0,93,1.0
fft,MLP,2,3,1,4,OR,0.007,22,1.0
fft,MLP,2,3,1,4,OR,0.014,22,1.0
fft,MLP,2,3,1,4,OR,0.021,22,1.0
fft,MLP,3,0,3,0,B,0.007,24,1.0
fft,MLP,3,0,3,0,B,0.014,24,1.0
fft,MLP,3,0,3,0,B,0.021,24,1.0
fft,MLP,3,0,3,0,IR,0.007,24,1.0
fft,MLP,3,0,3,0,IR,0.014,24,1.0
fft,MLP,3,0,3,0,IR,0.021,24,1.0
fft,MLP,3,0,3,0,Normal,0.0,48,1.0
fft,MLP,3,0,3,0,OR,0.007,24,1.0
fft,MLP,3,0,3,0,OR,0.014,24,1.0
fft,MLP,3,0,3,0,OR,0.021,24,1.0
fft,MLP,3,0,3,1,B,0.007,23,1.0
fft,MLP,3,0,3,1,B,0.014,22,1.0
fft,MLP,3,0,3,1,B,0.021,23,0.8260869565217391
fft,MLP,3,0,3,1,IR,0.007,22,1.0
fft,MLP,3,0,3,1,IR,0.014,22,1.0
fft,MLP,3,0,3,1,IR,0.021,23,1.0
fft,MLP,3,0,3,1,Normal,0.0,46,1.0
fft,MLP,3,0,3,1,OR,0.007,23,1.0
fft,MLP,3,0,3,1,OR,0.014,22,1.0
fft,MLP,3,0,3,1,OR,0.021,23,1.0
fft,MLP,3,0,3,2,B,0.007,22,1.0
fft,MLP,3,0,3,2,B,0.014,23,1.0
fft,MLP,3,0,3,2,B,0.021,22,1.0
fft,MLP,3,0,3,2,IR,0.007,23,1.0
fft,MLP,3,0,3,2,IR,0.014,23,1.0
fft,MLP,3,0,3,2,IR,0.021,22,1.0
fft,MLP,3,0,3,2,Normal,0.0,47,1.0
fft,MLP,3,0,3,2,OR,0.007,22,1.0
fft,MLP,3,0,3,2,OR,0.014,23,1.0
fft,MLP,3,0,3,2,OR,0.021,22,0.9545454545454546
fft,MLP,3,0,3,3,B,0.007,23,1.0
fft,MLP,3,0,3,3,B,0.014,22,1.0
fft,MLP,3,0,3,3,B,0.021,23,0.6956521739130435
fft,MLP,3,0,3,3,IR,0.007,22,1.0
fft,MLP,3,0,3,3,IR,0.014,22,1.0
fft,MLP,3,0,3,3,IR,0.021,23,0.9130434782608696
fft,MLP,3,0,3,3,Normal,0.0,46,1.0
fft,MLP,3,0,3,3,OR,0.007,23,1.0
fft,MLP,3,0,3,3,OR,0.014,22,1.0
fft,MLP,3,0,3,3,OR,0.021,23,1.0
fft,MLP,3,0,3,4,B,0.007,22,1.0
fft,MLP,3,0,3,4,B,0.014,22,1.0
fft,MLP,3,0,3,4,B,0.021,22,1.0
fft,MLP,3,0,3,4,IR,0.007,22,1.0
fft,MLP,3,0,3,4,IR,0.014,22,1.0
fft,MLP,3,0,3,4,IR,0.021,22,1.0
fft,MLP,3,0,3,4,Normal,0.0,46,1.0
fft,MLP,3,0,3,4,OR,0.007,22,1.0
fft,MLP,3,0,3,4,OR,0.014,22,1.0
fft,MLP,3,0,3,4,OR,0.021,22,1.0
fft,MLP,3,1,2,0,B,0.007,24,1.0
fft,MLP,3,1,2,0,B,0.014,24,1.0
fft,MLP,3,1,2,0,B,0.021,24,0.9166666666666666
fft,MLP,3,1,2,0,IR,0.007,24,1.0
fft,MLP,3,1,2,0,IR,0.014,24,1.0
fft,MLP,3,1,2,0,IR,0.021,24,1.0
fft,MLP,3,1,2,0,Normal,0.0,95,1.0
fft,MLP,3,1,2,0,OR,0.007,24,1.0
fft,MLP,3,1,2,0,OR,0.014,24,1.0
fft,MLP,3,1,2,0,OR,0.021,24,1.0
fft,MLP,3,1,2,1,B,0.007,22,1.0
fft,MLP,3,1,2,1,B,0.014,23,1.0
fft,MLP,3,1,2,1,B,0.021,22,0.9545454545454546
fft,MLP,3,1,2,1,IR,0.007,23,1.0
fft,MLP,3,1,2,1,IR,0.014,22,0.9090909090909092
fft,MLP,3,1,2,1,IR,0.021,22,1.0
fft,MLP,3,1,2,1,Normal,0.0,93,1.0
fft,MLP,3,1,2,1,OR,0.007,23,1.0
fft,MLP,3,1,2,1,OR,0.014,23,1.0
fft,MLP,3,1,2,1,OR,0.021,23,1.0
fft,MLP,3,1,2,2,B,0.007,23,1.0
fft,MLP,3,1,2,2,B,0.014,22,1.0
fft,MLP,3,1,2,2,B,0.021,23,1.0
fft,MLP,3,1,2,2,IR,0.007,22,1.0
fft,MLP,3,1,2,2,IR,0.014,23,0.9130434782608696
fft,MLP,3,1,2,2,IR,0.021,23,1.0
fft,MLP,3,1,2,2,Normal,0.0,93,1.0
fft,MLP,3,1,2,2,OR,0.007,22,1.0
fft,MLP,3,1,2,2,OR,0.014,22,1.0
fft,MLP,3,1,2,2,OR,0.021,22,1.0
fft,MLP,3,1,2,3,B,0.007,22,1.0
fft,MLP,3,1,2,3,B,0.014,23,1.0
fft,MLP,3,1,2,3,B,0.021,22,0.9090909090909092
fft,MLP,3,1,2,3,IR,0.007,23,1.0
fft,MLP,3,1,2,3,IR,0.014,22,0.8636363636363636
fft,MLP,3,1,2,3,IR,0.021,22,1.0
fft,MLP,3,1,2,3,Normal,0.0,93,1.0
fft,MLP,3,1,2,3,OR,0.007,23,1.0
fft,MLP,3,1,2,3,OR,0.014,23,1.0
fft,MLP,3,1,2,3,OR,0.021,23,1.0
fft,MLP,3,1,2,4,B,0.007,22,1.0
fft,MLP,3,1,2,4,B,0.014,22,1.0
fft,MLP,3,1,2,4,B,0.021,22,0.7727272727272727
fft,MLP,3,1,2,4,IR,0.007,22,1.0
fft,MLP,3,1,2,4,IR,0.014,22,1.0
fft,MLP,3,1,2,4,IR,0.021,22,1.0
fft,MLP,3,1,2,4,Normal,0.0,93,1.0
fft,MLP,3,1,2,4,OR,0.007,22,1.0
fft,MLP,3,1,2,4,OR,0.014,22,1.0
fft,MLP,3,1,2,4,OR,0.021,22,1.0
fft,MLP,3,2,1,0,B,0.007,24,1.0
fft,MLP,3,2,1,0,B,0.014,24,1.0
fft,MLP,3,2,1,0,B,0.021,24,1.0
fft,MLP,3,2,1,0,IR,0.007,24,1.0
fft,MLP,3,2,1,0,IR,0.014,24,1.0
fft,MLP,3,2,1,0,IR,0.021,24,1.0
fft,MLP,3,2,1,0,Normal,0.0,95,1.0
fft,MLP,3,2,1,0,OR,0.007,24,1.0
fft,MLP,3,2,1,0,OR,0.014,24,1.0
fft,MLP,3,2,1,0,OR,0.021,24,1.0
fft,MLP,3,2,1,1,B,0.007,22,1.0
fft,MLP,3,2,1,1,B,0.014,23,1.0
fft,MLP,3,2,1,1,B,0.021,23,1.0
fft,MLP,3,2,1,1,IR,0.007,23,1.0
fft,MLP,3,2,1,1,IR,0.014,22,0.9545454545454546
fft,MLP,3,2,1,1,IR,0.021,22,0.9090909090909092
fft,MLP,3,2,1,1,Normal,0.0,93,1.0
fft,MLP,3,2,1,1,OR,0.007,22,1.0
fft,MLP,3,2,1,1,OR,0.014,22,1.0
fft,MLP,3,2,1,1,OR,0.021,23,1.0
fft,MLP,3,2,1,2,B,0.007,23,1.0
fft,MLP,3,2,1,2,B,0.014,22,1.0
fft,MLP,3,2,1,2,B,0.021,22,1.0
fft,MLP,3,2,1,2,IR,0.007,22,1.0
fft,MLP,3,2,1,2,IR,0.014,23,1.0
fft,MLP,3,2,1,2,IR,0.021,23,1.0
fft,MLP,3,2,1,2,Normal,0.0,94,1.0
fft,MLP,3,2,1,2,OR,0.007,23,1.0
fft,MLP,3,2,1,2,OR,0.014,23,1.0
fft,MLP,3,2,1,2,OR,0.021,22,1.0
fft,MLP,3,2,1,3,B,0.007,22,1.0
fft,MLP,3,2,1,3,B,0.014,23,1.0
fft,MLP,3,2,1,3,B,0.021,23,1.0
fft,MLP,3,2,1,3,IR,0.007,23,1.0
fft,MLP,3,2,1,3,IR,0.014,22,0.9545454545454546
fft,MLP,3,2,1,3,IR,0.021,22,0.8636363636363636
fft,MLP,3,2,1,3,Normal,0.0,93,1.0
fft,MLP,3,2,1,3,OR,0.007,22,1.0
fft,MLP,3,2,1,3,OR,0.014,22,1.0
fft,MLP,3,2,1,3,OR,0.021,23,1.0
fft,MLP,3,2,1,4,B,0.007,22,1.0
fft,MLP,3,2,1,4,B,0.014,22,1.0
fft,MLP,3,2,1,4,B,0.021,22,1.0
fft,MLP,3,2,1,4,IR,0.007,22,1.0
fft,MLP,3,2,1,4,IR,0.014,22,1.0
fft,MLP,3,2,1,4,IR,0.021,22,1.0
fft,MLP,3,2,1,4,Normal,0.0,93,1.0
fft,MLP,3,2,1,4,OR,0.007,22,1.0
fft,MLP,3,2,1,4,OR,0.014,22,1.0
fft,MLP,3,2,1,4,OR,0.021,22,1.0
fft,MLP,3,3,0,0,B,0.007,24,1.0
fft,MLP,3,3,0,0,B,0.014,24,1.0
fft,MLP,3,3,0,0,B,0.021,24,1.0
fft,MLP,3,3,0,0,IR,0.007,24,1.0
fft,MLP,3,3,0,0,IR,0.014,24,1.0
fft,MLP,3,3,0,0,IR,0.021,24,1.0
fft,MLP,3,3,0,0,Normal,0.0,95,1.0
fft,MLP,3,3,0,0,OR,0.007,24,1.0
fft,MLP,3,3,0,0,OR,0.014,24,1.0
fft,MLP,3,3,0,0,OR,0.021,24,1.0
fft,MLP,3,3,0,1,B,0.007,22,1.0
fft,MLP,3,3,0,1,B,0.014,23,1.0
fft,MLP,3,3,0,1,B,0.021,23,1.0
fft,MLP,3,3,0,1,IR,0.007,23,1.0
fft,MLP,3,3,0,1,IR,0.014,22,1.0
fft,MLP,3,3,0,1,IR,0.021,23,1.0
fft,MLP,3,3,0,1,Normal,0.0,94,1.0
fft,MLP,3,3,0,1,OR,0.007,23,1.0
fft,MLP,3,3,0,1,OR,0.014,23,1.0
fft,MLP,3,3,0,1,OR,0.021,23,1.0
fft,MLP,3,3,0,2,B,0.007,23,1.0
fft,MLP,3,3,0,2,B,0.014,22,1.0
fft,MLP,3,3,0,2,B,0.021,22,1.0
fft,MLP,3,3,0,2,IR,0.007,23,1.0
fft,MLP,3,3,0,2,IR,0.014,23,1.0
fft,MLP,3,3,0,2,IR,0.021,22,1.0
fft,MLP,3,3,0,2,Normal,0.0,93,1.0
fft,MLP,3,3,0,2,OR,0.007,22,1.0
fft,MLP,3,3,0,2,OR,0.014,22,1.0
fft,MLP,3,3,0,2,OR,0.021,22,1.0
fft,MLP,3,3,0,3,B,0.007,22,1.0
fft,MLP,3,3,0,3,B,0.014,23,1.0
fft,MLP,3,3,0,3,B,0.021,23,1.0
fft,MLP,3,3,0,3,IR,0.007,23,1.0
fft,MLP,3,3,0,3,IR,0.014,22,1.0
fft,MLP,3,3,0,3,IR,0.021,23,1.0
fft,MLP,3,3,0,3,Normal,0.0,94,1.0
fft,MLP,3,3,0,3,OR,0.007,23,1.0
fft,MLP,3,3,0,3,OR,0.014,23,1.0
fft,MLP,3,3,0,3,OR,0.021,23,1.0
fft,MLP,3,3,0,4,B,0.007,22,1.0
fft,MLP,3,3,0,4,B,0.014,22,1.0
fft,MLP,3,3,0,4,B,0.021,22,1.0
fft,MLP,3,3,0,4,IR,0.007,22,1.0
fft,MLP,3,3,0,4,IR,0.014,22,1.0
fft,MLP,3,3,0,4,IR,0.021,22,1.0
fft,MLP,3,3,0,4,Normal,0.0,93,1.0
fft,MLP,3,3,0,4,OR,0.007,22,1.0
fft,MLP,3,3,0,4,OR,0.014,22,1.0
fft,MLP,3,3,0,4,OR,0.021,22,1.0
wavelet,SVM-RBF,0,0,0,0,B,0.007,24,1.0
wavelet,SVM-RBF,0,0,0,0,B,0.014,24,0.7083333333333334
wavelet,SVM-RBF,0,0,0,0,B,0.021,24,0.9166666666666666
wavelet,SVM-RBF,0,0,0,0,IR,0.007,24,0.9583333333333334
wavelet,SVM-RBF,0,0,0,0,IR,0.014,24,0.7916666666666666
wavelet,SVM-RBF,0,0,0,0,IR,0.021,24,0.8333333333333334
wavelet,SVM-RBF,0,0,0,0,Normal,0.0,48,1.0
wavelet,SVM-RBF,0,0,0,0,OR,0.007,24,1.0
wavelet,SVM-RBF,0,0,0,0,OR,0.014,24,0.9583333333333334
wavelet,SVM-RBF,0,0,0,0,OR,0.021,24,0.75
wavelet,SVM-RBF,0,0,0,1,B,0.007,23,0.8260869565217391
wavelet,SVM-RBF,0,0,0,1,B,0.014,22,0.8636363636363636
wavelet,SVM-RBF,0,0,0,1,B,0.021,23,0.9130434782608696
wavelet,SVM-RBF,0,0,0,1,IR,0.007,22,1.0
wavelet,SVM-RBF,0,0,0,1,IR,0.014,22,0.7727272727272727
wavelet,SVM-RBF,0,0,0,1,IR,0.021,23,0.8260869565217391
wavelet,SVM-RBF,0,0,0,1,Normal,0.0,46,1.0
wavelet,SVM-RBF,0,0,0,1,OR,0.007,23,0.9565217391304348
wavelet,SVM-RBF,0,0,0,1,OR,0.014,22,1.0
wavelet,SVM-RBF,0,0,0,1,OR,0.021,23,0.9130434782608696
wavelet,SVM-RBF,0,0,0,2,B,0.007,22,0.8636363636363636
wavelet,SVM-RBF,0,0,0,2,B,0.014,23,0.9130434782608696
wavelet,SVM-RBF,0,0,0,2,B,0.021,22,0.8636363636363636
wavelet,SVM-RBF,0,0,0,2,IR,0.007,23,1.0
wavelet,SVM-RBF,0,0,0,2,IR,0.014,23,0.782608695652174
wavelet,SVM-RBF,0,0,0,2,IR,0.021,22,0.9545454545454546
wavelet,SVM-RBF,0,0,0,2,Normal,0.0,47,1.0
wavelet,SVM-RBF,0,0,0,2,OR,0.007,22,1.0
wavelet,SVM-RBF,0,0,0,2,OR,0.014,23,0.8260869565217391
wavelet,SVM-RBF,0,0,0,2,OR,0.021,22,0.7272727272727273
wavelet,SVM-RBF,0,0,0,3,B,0.007,23,0.8260869565217391
wavelet,SVM-RBF,0,0,0,3,B,0.014,22,0.9090909090909092
wavelet,SVM-RBF,0,0,0,3,B,0.021,23,0.782608695652174
wavelet,SVM-RBF,0,0,0,3,IR,0.007,22,1.0
wavelet,SVM-RBF,0,0,0,3,IR,0.014,22,0.9090909090909092
wavelet,SVM-RBF,0,0,0,3,IR,0.021,23,0.9130434782608696
wavelet,SVM-RBF,0,0,0,3,Normal,0.0,46,1.0
wavelet,SVM-RBF,0,0,0,3,OR,0.007,23,1.0
wavelet,SVM-RBF,0,0,0,3,OR,0.014,22,1.0
wavelet,SVM-RBF,0,0,0,3,OR,0.021,23,0.8260869565217391
wavelet,SVM-RBF,0,0,0,4,B,0.007,22,0.8636363636363636
wavelet,SVM-RBF,0,0,0,4,B,0.014,22,0.7272727272727273
wavelet,SVM-RBF,0,0,0,4,B,0.021,22,1.0
wavelet,SVM-RBF,0,0,0,4,IR,0.007,22,1.0
wavelet,SVM-RBF,0,0,0,4,IR,0.014,22,0.6818181818181818
wavelet,SVM-RBF,0,0,0,4,IR,0.021,22,0.9545454545454546
wavelet,SVM-RBF,0,0,0,4,Normal,0.0,46,1.0
wavelet,SVM-RBF,0,0,0,4,OR,0.007,22,1.0
wavelet,SVM-RBF,0,0,0,4,OR,0.014,22,0.9545454545454546
wavelet,SVM-RBF,0,0,0,4,OR,0.021,22,0.8636363636363636
wavelet,SVM-RBF,0,1,1,0,B,0.007,24,0.5
wavelet,SVM-RBF,0,1,1,0,B,0.014,24,0.9166666666666666
wavelet,SVM-RBF,0,1,1,0,B,0.021,24,0.9166666666666666
wavelet,SVM-RBF,0,1,1,0,IR,0.007,24,1.0
wavelet,SVM-RBF,0,1,1,0,IR,0.014,24,0.4166666666666667
wavelet,SVM-RBF,0,1,1,0,IR,0.021,24,0.9166666666666666
wavelet,SVM-RBF,0,1,1,0,Normal,0.0,95,1.0
wavelet,SVM-RBF,0,1,1,0,OR,0.007,24,1.0
wavelet,SVM-RBF,0,1,1,0,OR,0.014,24,1.0
wavelet,SVM-RBF,0,1,1,0,OR,0.021,24,0.8333333333333334
wavelet,SVM-RBF,0,1,1,1,B,0.007,22,0.8636363636363636
wavelet,SVM-RBF,0,1,1,1,B,0.014,23,0.6956521739130435
wavelet,SVM-RBF,0,1,1,1,B,0.021,22,1.0
wavelet,SVM-RBF,0,1,1,1,IR,0.007,23,1.0
wavelet,SVM-RBF,0,1,1,1,IR,0.014,22,0.3636363636363636
wavelet,SVM-RBF,0,1,1,1,IR,0.021,22,0.9545454545454546
wavelet,SVM-RBF,0,1,1,1,Normal,0.0,93,1.0
wavelet,SVM-RBF,0,1,1,1,OR,0.007,23,0.9130434782608696
wavelet,SVM-RBF,0,1,1,1,OR,0.014,23,1.0
wavelet,SVM-RBF,0,1,1,1,OR,0.021,23,0.8695652173913043
wavelet,SVM-RBF,0,1,1,2,B,0.007,23,0.782608695652174
wavelet,SVM-RBF,0,1,1,2,B,0.014,22,0.6818181818181818
wavelet,SVM-RBF,0,1,1,2,B,0.021,23,0.9565217391304348
wavelet,SVM-RBF,0,1,1,2,IR,0.007,22,1.0
wavelet,SVM-RBF,0,1,1,2,IR,0.014,23,0.3478260869565217
wavelet,SVM-RBF,0,1,1,2,IR,0.021,23,1.0
wavelet,SVM-RBF,0,1,1,2,Normal,0.0,93,1.0
wavelet,SVM-RBF,0,1,1,2,OR,0.007,22,0.9545454545454546
wavelet,SVM-RBF,0,1,1,2,OR,0.014,22,0.7727272727272727
wavelet,SVM-RBF,0,1,1,2,OR,0.021,22,0.8636363636363636
wavelet,SVM-RBF,0,1,1,3,B,0.007,22,0.7272727272727273
wavelet,SVM-RBF,0,1,1,3,B,0.014,23,0.6956521739130435
wavelet,SVM-RBF,0,1,1,3,B,0.021,22,0.9545454545454546
wavelet,SVM-RBF,0,1,1,3,IR,0.007,23,1.0
wavelet,SVM-RBF,0,1,1,3,IR,0.014,22,0.4545454545454545
wavelet,SVM-RBF,0,1,1,3,IR,0.021,22,0.9545454545454546
wavelet,SVM-RBF,0,1,1,3,Normal,0.0,93,1.0
wavelet,SVM-RBF,0,1,1,3,OR,0.007,23,1.0
wavelet,SVM-RBF,0,1,1,3,OR,0.014,23,0.9130434782608696
wavelet,SVM-RBF,0,1,1,3,OR,0.021,23,0.6956521739130435
wavelet,SVM-RBF,0,1,1,4,B,0.007,22,0.7272727272727273
wavelet,SVM-RBF,0,1,1,4,B,0.014,22,0.9090909090909092
wavelet,SVM-RBF,0,1,1,4,B,0.021,22,0.7272727272727273
wavelet,SVM-RBF,0,1,1,4,IR,0.007,22,1.0
wavelet,SVM-RBF,0,1,1,4,IR,0.014,22,0.4545454545454545
wavelet,SVM-RBF,0,1,1,4,IR,0.021,22,1.0
wavelet,SVM-RBF,0,1,1,4,Normal,0.0,93,1.0
wavelet,SVM-RBF,0,1,1,4,OR,0.007,22,0.9090909090909092
wavelet,SVM-RBF,0,1,1,4,OR,0.014,22,0.8181818181818182
wavelet,SVM-RBF,0,1,1,4,OR,0.021,22,0.7272727272727273
wavelet,SVM-RBF,0,2,2,0,B,0.007,24,0.875
wavelet,SVM-RBF,0,2,2,0,B,0.014,24,0.875
wavelet,SVM-RBF,0,2,2,0,B,0.021,24,1.0
wavelet,SVM-RBF,0,2,2,0,IR,0.007,24,0.9583333333333334
wavelet,SVM-RBF,0,2,2,0,IR,0.014,24,0.625
wavelet,SVM-RBF,0,2,2,0,IR,0.021,24,1.0
wavelet,SVM-RBF,0,2,2,0,Normal,0.0,95,1.0
wavelet,SVM-RBF,0,2,2,0,OR,0.007,24,1.0
wavelet,SVM-RBF,0,2,2,0,OR,0.014,24,0.875
wavelet,SVM-RBF,0,2,2,0,OR,0.021,24,0.7083333333333334
wavelet,SVM-RBF,0,2,2,1,B,0.007,22,0.9545454545454546
wavelet,SVM-RBF,0,2,2,1,B,0.014,23,0.9565217391304348
wavelet,SVM-RBF,0,2,2,1,B,0.021,23,1.0
wavelet,SVM-RBF,0,2,2,1,IR,0.007,23,1.0
wavelet,SVM-RBF,0,2,2,1,IR,0.014,22,0.4545454545454545
wavelet,SVM-RBF,0,2,2,1,IR,0.021,22,1.0
wavelet,SVM-RBF,0,2,2,1,Normal,0.0,93,1.0
wavelet,SVM-RBF,0,2,2,1,OR,0.007,22,1.0
wavelet,SVM-RBF,0,2,2,1,OR,0.014,22,0.9545454545454546
wavelet,SVM-RBF,0,2,2,1,OR,0.021,23,0.8260869565217391
wavelet,SVM-RBF,0,2,2,2,B,0.007,23,1.0
wavelet,SVM-RBF,0,2,2,2,B,0.014,22,0.8181818181818182
wavelet,SVM-RBF,0,2,2,2,B,0.021,22,1.0
wavelet,SVM-RBF,0,2,2,2,IR,0.007,22,1.0
wavelet,SVM-RBF,0,2,2,2,IR,0.014,23,0.4347826086956521
wavelet,SVM-RBF,0,2,2,2,IR,0.021,23,1.0
wavelet,SVM-RBF,0,2,2,2,Normal,0.0,94,0.9893617021276596
wavelet,SVM-RBF,0,2,2,2,OR,0.007,23,0.9565217391304348
wavelet,SVM-RBF,0,2,2,2,OR,0.014,23,0.9565217391304348
wavelet,SVM-RBF,0,2,2,2,OR,0.021,22,0.6818181818181818
wavelet,SVM-RBF,0,2,2,3,B,0.007,22,0.9090909090909092
wavelet,SVM-RBF,0,2,2,3,B,0.014,23,0.9565217391304348
wavelet,SVM-RBF,0,2,2,3,B,0.021,23,1.0
wavelet,SVM-RBF,0,2,2,3,IR,0.007,23,1.0
wavelet,SVM-RBF,0,2,2,3,IR,0.014,22,0.5454545454545454
wavelet,SVM-RBF,0,2,2,3,IR,0.021,22,1.0
wavelet,SVM-RBF,0,2,2,3,Normal,0.0,93,1.0
wavelet,SVM-RBF,0,2,2,3,OR,0.007,22,1.0
wavelet,SVM-RBF,0,2,2,3,OR,0.014,22,0.9545454545454546
wavelet,SVM-RBF,0,2,2,3,OR,0.021,23,0.6956521739130435
wavelet,SVM-RBF,0,2,2,4,B,0.007,22,0.9545454545454546
wavelet,SVM-RBF,0,2,2,4,B,0.014,22,1.0
wavelet,SVM-RBF,0,2,2,4,B,0.021,22,1.0
wavelet,SVM-RBF,0,2,2,4,IR,0.007,22,1.0
wavelet,SVM-RBF,0,2,2,4,IR,0.014,22,0.6818181818181818
wavelet,SVM-RBF,0,2,2,4,IR,0.021,22,0.9545454545454546
wavelet,SVM-RBF,0,2,2,4,Normal,0.0,93,1.0
wavelet,SVM-RBF,0,2,2,4,OR,0.007,22,1.0
wavelet,SVM-RBF,0,2,2,4,OR,0.014,22,1.0
wavelet,SVM-RBF,0,2,2,4,OR,0.021,22,0.9090909090909092
wavelet,SVM-RBF,0,3,3,0,B,0.007,24,0.5833333333333334
wavelet,SVM-RBF,0,3,3,0,B,0.014,24,0.9583333333333334
wavelet,SVM-RBF,0,3,3,0,B,0.021,24,0.9583333333333334
wavelet,SVM-RBF,0,3,3,0,IR,0.007,24,0.2916666666666667
wavelet,SVM-RBF,0,3,3,0,IR,0.014,24,0.5416666666666666
wavelet,SVM-RBF,0,3,3,0,IR,0.021,24,1.0
wavelet,SVM-RBF,0,3,3,0,Normal,0.0,95,1.0
wavelet,SVM-RBF,0,3,3,0,OR,0.007,24,1.0
wavelet,SVM-RBF,0,3,3,0,OR,0.014,24,1.0
wavelet,SVM-RBF,0,3,3,0,OR,0.021,24,0.7916666666666666
wavelet,SVM-RBF,0,3,3,1,B,0.007,22,0.7272727272727273
wavelet,SVM-RBF,0,3,3,1,B,0.014,23,0.9130434782608696
wavelet,SVM-RBF,0,3,3,1,B,0.021,23,0.7391304347826086
wavelet,SVM-RBF,0,3,3,1,IR,0.007,23,0.3043478260869565
wavelet,SVM-RBF,0,3,3,1,IR,0.014,22,0.5909090909090909
wavelet,SVM-RBF,0,3,3,1,IR,0.021,23,1.0
wavelet,SVM-RBF,0,3,3,1,Normal,0.0,94,0.9787234042553192
wavelet,SVM-RBF,0,3,3,1,OR,0.007,23,0.9130434782608696
wavelet,SVM-RBF,0,3,3,1,OR,0.014,23,1.0
wavelet,SVM-RBF,0,3,3,1,OR,0.021,23,0.782608695652174
wavelet,SVM-RBF,0,3,3,2,B,0.007,23,0.6956521739130435
wavelet,SVM-RBF,0,3,3,2,B,0.014,22,0.9545454545454546
wavelet,SVM-RBF,0,3,3,2,B,0.021,22,1.0
wavelet,SVM-RBF,0,3,3,2,IR,0.007,23,0.217391304347826
wavelet,SVM-RBF,0,3,3,2,IR,0.014,23,0.6086956521739131
wavelet,SVM-RBF,0,3,3,2,IR,0.021,22,1.0
wavelet,SVM-RBF,0,3,3,2,Normal,0.0,93,1.0
wavelet,SVM-RBF,0,3,3,2,OR,0.007,22,0.9090909090909092
wavelet,SVM-RBF,0,3,3,2,OR,0.014,22,1.0
wavelet,SVM-RBF,0,3,3,2,OR,0.021,22,0.8181818181818182
wavelet,SVM-RBF,0,3,3,3,B,0.007,22,0.5909090909090909
wavelet,SVM-RBF,0,3,3,3,B,0.014,23,1.0
wavelet,SVM-RBF,0,3,3,3,B,0.021,23,0.9130434782608696
wavelet,SVM-RBF,0,3,3,3,IR,0.007,23,0.391304347826087
wavelet,SVM-RBF,0,3,3,3,IR,0.014,22,0.7272727272727273
wavelet,SVM-RBF,0,3,3,3,IR,0.021,23,1.0
wavelet,SVM-RBF,0,3,3,3,Normal,0.0,94,1.0
wavelet,SVM-RBF,0,3,3,3,OR,0.007,23,0.9565217391304348
wavelet,SVM-RBF,0,3,3,3,OR,0.014,23,1.0
wavelet,SVM-RBF,0,3,3,3,OR,0.021,23,0.6521739130434783
wavelet,SVM-RBF,0,3,3,4,B,0.007,22,0.9545454545454546
wavelet,SVM-RBF,0,3,3,4,B,0.014,22,0.7727272727272727
wavelet,SVM-RBF,0,3,3,4,B,0.021,22,0.9545454545454546
wavelet,SVM-RBF,0,3,3,4,IR,0.007,22,0.3636363636363636
wavelet,SVM-RBF,0,3,3,4,IR,0.014,22,0.5909090909090909
wavelet,SVM-RBF,0,3,3,4,IR,0.021,22,1.0
wavelet,SVM-RBF,0,3,3,4,Normal,0.0,93,0.989247311827957
wavelet,SVM-RBF,0,3,3,4,OR,0.007,22,1.0
wavelet,SVM-RBF,0,3,3,4,OR,0.014,22,1.0
wavelet,SVM-RBF,0,3,3,4,OR,0.021,22,0.8181818181818182
wavelet,SVM-RBF,1,0,1,0,B,0.007,24,1.0
wavelet,SVM-RBF,1,0,1,0,B,0.014,24,0.7916666666666666
wavelet,SVM-RBF,1,0,1,0,B,0.021,24,0.8333333333333334
wavelet,SVM-RBF,1,0,1,0,IR,0.007,24,1.0
wavelet,SVM-RBF,1,0,1,0,IR,0.014,24,0.25
wavelet,SVM-RBF,1,0,1,0,IR,0.021,24,0.6666666666666666
wavelet,SVM-RBF,1,0,1,0,Normal,0.0,48,1.0
wavelet,SVM-RBF,1,0,1,0,OR,0.007,24,1.0
wavelet,SVM-RBF,1,0,1,0,OR,0.014,24,1.0
wavelet,SVM-RBF,1,0,1,0,OR,0.021,24,0.9583333333333334
wavelet,SVM-RBF,1,0,1,1,B,0.007,23,0.8695652173913043
wavelet,SVM-RBF,1,0,1,1,B,0.014,22,0.5909090909090909
wavelet,SVM-RBF,1,0,1,1,B,0.021,23,0.9130434782608696
wavelet,SVM-RBF,1,0,1,1,IR,0.007,22,1.0
wavelet,SVM-RBF,1,0,1,1,IR,0.014,22,0.3636363636363636
wavelet,SVM-RBF,1,0,1,1,IR,0.021,23,0.782608695652174
wavelet,SVM-RBF,1,0,1,1,Normal,0.0,46,1.0
wavelet,SVM-RBF,1,0,1,1,OR,0.007,23,1.0
wavelet,SVM-RBF,1,0,1,1,OR,0.014,22,1.0
wavelet,SVM-RBF,1,0,1,1,OR,0.021,23,0.9565217391304348
wavelet,SVM-RBF,1,0,1,2,B,0.007,22,0.9545454545454546
wavelet,SVM-RBF,1,0,1,2,B,0.014,23,0.9130434782608696
wavelet,SVM-RBF,1,0,1,2,B,0.021,22,0.8636363636363636
wavelet,SVM-RBF,1,0,1,2,IR,0.007,23,1.0
wavelet,SVM-RBF,1,0,1,2,IR,0.014,23,0.4347826086956521
wavelet,SVM-RBF,1,0,1,2,IR,0.021,22,0.9545454545454546
wavelet,SVM-RBF,1,0,1,2,Normal,0.0,47,1.0
wavelet,SVM-RBF,1,0,1,2,OR,0.007,22,1.0
wavelet,SVM-RBF,1,0,1,2,OR,0.014,23,0.9130434782608696
wavelet,SVM-RBF,1,0,1,2,OR,0.021,22,1.0
wavelet,SVM-RBF,1,0,1,3,B,0.007,23,1.0
wavelet,SVM-RBF,1,0,1,3,B,0.014,22,0.6818181818181818
wavelet,SVM-RBF,1,0,1,3,B,0.021,23,0.8260869565217391
wavelet,SVM-RBF,1,0,1,3,IR,0.007,22,1.0
wavelet,SVM-RBF,1,0,1,3,IR,0.014,22,0.4545454545454545
wavelet,SVM-RBF,1,0,1,3,IR,0.021,23,0.8695652173913043
wavelet,SVM-RBF,1,0,1,3,Normal,0.0,46,1.0
wavelet,SVM-RBF,1,0,1,3,OR,0.007,23,1.0
wavelet,SVM-RBF,1,0,1,3,OR,0.014,22,1.0
wavelet,SVM-RBF,1,0,1,3,OR,0.021,23,1.0
wavelet,SVM-RBF,1,0,1,4,B,0.007,22,0.9090909090909092
wavelet,SVM-RBF,1,0,1,4,B,0.014,22,0.4090909090909091
wavelet,SVM-RBF,1,0,1,4,B,0.021,22,0.9545454545454546
wavelet,SVM-RBF,1,0,1,4,IR,0.007,22,1.0
wavelet,SVM-RBF,1,0,1,4,IR,0.014,22,0.5454545454545454
wavelet,SVM-RBF,1,0,1,4,IR,0.021,22,0.8636363636363636
wavelet,SVM-RBF,1,0,1,4,Normal,0.0,46,1.0
wavelet,SVM-RBF,1,0,1,4,OR,0.007,22,1.0
wavelet,SVM-RBF,1,0,1,4,OR,0.014,22,1.0
wavelet,SVM-RBF,1,0,1,4,OR,0.021,22,0.9545454545454546
wavelet,SVM-RBF,1,1,0,0,B,0.007,24,0.9166666666666666
wavelet,SVM-RBF,1,1,0,0,B,0.014,24,1.0
wavelet,SVM-RBF,1,1,0,0,B,0.021,24,0.9583333333333334
wavelet,SVM-RBF,1,1,0,0,IR,0.007,24,1.0
wavelet,SVM-RBF,1,1,0,0,IR,0.014,24,0.4583333333333333
wavelet,SVM-RBF,1,1,0,0,IR,0.021,24,0.875
wavelet,SVM-RBF,1,1,0,0,Normal,0.0,95,1.0
wavelet,SVM-RBF,1,1,0,0,OR,0.007,24,1.0
wavelet,SVM-RBF,1,1,0,0,OR,0.014,24,1.0
wavelet,SVM-RBF,1,1,0,0,OR,0.021,24,0.9583333333333334
wavelet,SVM-RBF,1,1,0,1,B,0.007,22,1.0
wavelet,SVM-RBF,1,1,0,1,B,0.014,23,0.8695652173913043
wavelet,SVM-RBF,1,1,0,1,B,0.021,22,0.9090909090909092
wavelet,SVM-RBF,1,1,0,1,IR,0.007,23,1.0
wavelet,SVM-RBF,1,1,0,1,IR,0.014,22,0.1363636363636363
wavelet,SVM-RBF,1,1,0,1,IR,0.021,22,0.9545454545454546
wavelet,SVM-RBF,1,1,0,1,Normal,0.0,93,1.0
wavelet,SVM-RBF,1,1,0,1,OR,0.007,23,1.0
wavelet,SVM-RBF,1,1,0,1,OR,0.014,23,1.0
wavelet,SVM-RBF,1,1,0,1,OR,0.021,23,0.9565217391304348
wavelet,SVM-RBF,1,1,0,2,B,0.007,23,1.0
wavelet,SVM-RBF,1,1,0,2,B,0.014,22,0.8181818181818182
wavelet,SVM-RBF,1,1,0,2,B,0.021,23,0.9565217391304348
wavelet,SVM-RBF,1,1,0,2,IR,0.007,22,1.0
wavelet,SVM-RBF,1,1,0,2,IR,0.014,23,0.4347826086956521
wavelet,SVM-RBF,1,1,0,2,IR,0.021,23,0.9565217391304348
wavelet,SVM-RBF,1,1,0,2,Normal,0.0,93,1.0
wavelet,SVM-RBF,1,1,0,2,OR,0.007,22,1.0
wavelet,SVM-RBF,1,1,0,2,OR,0.014,22,1.0
wavelet,SVM-RBF,1,1,0,2,OR,0.021,22,0.9545454545454546
wavelet,SVM-RBF,1,1,0,3,B,0.007,22,1.0
wavelet,SVM-RBF,1,1,0,3,B,0.014,23,1.0
wavelet,SVM-RBF,1,1,0,3,B,0.021,22,1.0
wavelet,SVM-RBF,1,1,0,3,IR,0.007,23,1.0
wavelet,SVM-RBF,1,1,0,3,IR,0.014,22,0.1363636363636363
wavelet,SVM-RBF,1,1,0,3,IR,0.021,22,0.9090909090909092
wavelet,SVM-RBF,1,1,0,3,Normal,0.0,93,1.0
wavelet,SVM-RBF,1,1,0,3,OR,0.007,23,1.0
wavelet,SVM-RBF,1,1,0,3,OR,0.014,23,1.0
wavelet,SVM-RBF,1,1,0,3,OR,0.021,23,0.7391304347826086
wavelet,SVM-RBF,1,1,0,4,B,0.007,22,0.9545454545454546
wavelet,SVM-RBF,1,1,0,4,B,0.014,22,0.9545454545454546
wavelet,SVM-RBF,1,1,0,4,B,0.021,22,0.8636363636363636
wavelet,SVM-RBF,1,1,0,4,IR,0.007,22,1.0
wavelet,SVM-RBF,1,1,0,4,IR,0.014,22,0.4545454545454545
wavelet,SVM-RBF,1,1,0,4,IR,0.021,22,1.0
wavelet,SVM-RBF,1,1,0,4,Normal,0.0,93,1.0
wavelet,SVM-RBF,1,1,0,4,OR,0.007,22,1.0
wavelet,SVM-RBF,1,1,0,4,OR,0.014,22,0.9545454545454546
wavelet,SVM-RBF,1,1,0,4,OR,0.021,22,0.8181818181818182
wavelet,SVM-RBF,1,2,1,0,B,0.007,24,1.0
wavelet,SVM-RBF,1,2,1,0,B,0.014,24,1.0
wavelet,SVM-RBF,1,2,1,0,B,0.021,24,1.0
wavelet,SVM-RBF,1,2,1,0,IR,0.007,24,1.0
wavelet,SVM-RBF,1,2,1,0,IR,0.014,24,0.5416666666666666
wavelet,SVM-RBF,1,2,1,0,IR,0.021,24,0.9166666666666666
wavelet,SVM-RBF,1,2,1,0,Normal,0.0,95,1.0
wavelet,SVM-RBF,1,2,1,0,OR,0.007,24,1.0
wavelet,SVM-RBF,1,2,1,0,OR,0.014,24,0.9583333333333334
wavelet,SVM-RBF,1,2,1,0,OR,0.021,24,0.6666666666666666
wavelet,SVM-RBF,1,2,1,1,B,0.007,22,0.9545454545454546
wavelet,SVM-RBF,1,2,1,1,B,0.014,23,0.8695652173913043
wavelet,SVM-RBF,1,2,1,1,B,0.021,23,0.9565217391304348
wavelet,SVM-RBF,1,2,1,1,IR,0.007,23,1.0
wavelet,SVM-RBF,1,2,1,1,IR,0.014,22,0.5454545454545454
wavelet,SVM-RBF,1,2,1,1,IR,0.021,22,1.0
wavelet,SVM-RBF,1,2,1,1,Normal,0.0,93,1.0
wavelet,SVM-RBF,1,2,1,1,OR,0.007,22,1.0
wavelet,SVM-RBF,1,2,1,1,OR,0.014,22,1.0
wavelet,SVM-RBF,1,2,1,1,OR,0.021,23,0.9130434782608696
wavelet,SVM-RBF,1,2,1,2,B,0.007,23,1.0
wavelet,SVM-RBF,1,2,1,2,B,0.014,22,0.9090909090909092
wavelet,SVM-RBF,1,2,1,2,B,0.021,22,1.0
wavelet,SVM-RBF,1,2,1,2,IR,0.007,22,1.0
wavelet,SVM-RBF,1,2,1,2,IR,0.014,23,0.6086956521739131
wavelet,SVM-RBF,1,2,1,2,IR,0.021,23,1.0
wavelet,SVM-RBF,1,2,1,2,Normal,0.0,94,1.0
wavelet,SVM-RBF,1,2,1,2,OR,0.007,23,1.0
wavelet,SVM-RBF,1,2,1,2,OR,0.014,23,1.0
wavelet,SVM-RBF,1,2,1,2,OR,0.021,22,0.8181818181818182
wavelet,SVM-RBF,1,2,1,3,B,0.007,22,1.0
wavelet,SVM-RBF,1,2,1,3,B,0.014,23,1.0
wavelet,SVM-RBF,1,2,1,3,B,0.021,23,0.9565217391304348
wavelet,SVM-RBF,1,2,1,3,IR,0.007,23,1.0
wavelet,SVM-RBF,1,2,1,3,IR,0.014,22,0.3181818181818182
wavelet,SVM-RBF,1,2,1,3,IR,0.021,22,0.9090909090909092
wavelet,SVM-RBF,1,2,1,3,Normal,0.0,93,1.0
wavelet,SVM-RBF,1,2,1,3,OR,0.007,22,1.0
wavelet,SVM-RBF,1,2,1,3,OR,0.014,22,1.0
wavelet,SVM-RBF,1,2,1,3,OR,0.021,23,0.8260869565217391
wavelet,SVM-RBF,1,2,1,4,B,0.007,22,1.0
wavelet,SVM-RBF,1,2,1,4,B,0.014,22,1.0
wavelet,SVM-RBF,1,2,1,4,B,0.021,22,1.0
wavelet,SVM-RBF,1,2,1,4,IR,0.007,22,1.0
wavelet,SVM-RBF,1,2,1,4,IR,0.014,22,0.8181818181818182
wavelet,SVM-RBF,1,2,1,4,IR,0.021,22,0.9545454545454546
wavelet,SVM-RBF,1,2,1,4,Normal,0.0,93,1.0
wavelet,SVM-RBF,1,2,1,4,OR,0.007,22,1.0
wavelet,SVM-RBF,1,2,1,4,OR,0.014,22,1.0
wavelet,SVM-RBF,1,2,1,4,OR,0.021,22,0.9090909090909092
wavelet,SVM-RBF,1,3,2,0,B,0.007,24,0.8333333333333334
wavelet,SVM-RBF,1,3,2,0,B,0.014,24,0.9583333333333334
wavelet,SVM-RBF,1,3,2,0,B,0.021,24,0.0
wavelet,SVM-RBF,1,3,2,0,IR,0.007,24,1.0
wavelet,SVM-RBF,1,3,2,0,IR,0.014,24,0.5416666666666666
wavelet,SVM-RBF,1,3,2,0,IR,0.021,24,1.0
wavelet,SVM-RBF,1,3,2,0,Normal,0.0,95,1.0
wavelet,SVM-RBF,1,3,2,0,OR,0.007,24,1.0
wavelet,SVM-RBF,1,3,2,0,OR,0.014,24,1.0
wavelet,SVM-RBF,1,3,2,0,OR,0.021,24,0.4583333333333333
wavelet,SVM-RBF,1,3,2,1,B,0.007,22,0.9090909090909092
wavelet,SVM-RBF,1,3,2,1,B,0.014,23,0.8695652173913043
wavelet,SVM-RBF,1,3,2,1,B,0.021,23,0.0
wavelet,SVM-RBF,1,3,2,1,IR,0.007,23,0.9565217391304348
wavelet,SVM-RBF,1,3,2,1,IR,0.014,22,0.5454545454545454
wavelet,SVM-RBF,1,3,2,1,IR,0.021,23,1.0
wavelet,SVM-RBF,1,3,2,1,Normal,0.0,94,1.0
wavelet,SVM-RBF,1,3,2,1,OR,0.007,23,1.0
wavelet,SVM-RBF,1,3,2,1,OR,0.014,23,1.0
wavelet,SVM-RBF,1,3,2,1,OR,0.021,23,0.8695652173913043
wavelet,SVM-RBF,1,3,2,2,B,0.007,23,0.9130434782608696
wavelet,SVM-RBF,1,3,2,2,B,0.014,22,0.7272727272727273
wavelet,SVM-RBF,1,3,2,2,B,0.021,22,0.0
wavelet,SVM-RBF,1,3,2,2,IR,0.007,23,0.9565217391304348
wavelet,SVM-RBF,1,3,2,2,IR,0.014,23,0.6956521739130435
wavelet,SVM-RBF,1,3,2,2,IR,0.021,22,1.0
wavelet,SVM-RBF,1,3,2,2,Normal,0.0,93,1.0
wavelet,SVM-RBF,1,3,2,2,OR,0.007,22,1.0
wavelet,SVM-RBF,1,3,2,2,OR,0.014,22,0.7727272727272727
wavelet,SVM-RBF,1,3,2,2,OR,0.021,22,0.6363636363636364
wavelet,SVM-RBF,1,3,2,3,B,0.007,22,0.8181818181818182
wavelet,SVM-RBF,1,3,2,3,B,0.014,23,0.8695652173913043
wavelet,SVM-RBF,1,3,2,3,B,0.021,23,0.0
wavelet,SVM-RBF,1,3,2,3,IR,0.007,23,1.0
wavelet,SVM-RBF,1,3,2,3,IR,0.014,22,0.7272727272727273
wavelet,SVM-RBF,1,3,2,3,IR,0.021,23,1.0
wavelet,SVM-RBF,1,3,2,3,Normal,0.0,94,1.0
wavelet,SVM-RBF,1,3,2,3,OR,0.007,23,1.0
wavelet,SVM-RBF,1,3,2,3,OR,0.014,23,0.9130434782608696
wavelet,SVM-RBF,1,3,2,3,OR,0.021,23,0.6086956521739131
wavelet,SVM-RBF,1,3,2,4,B,0.007,22,0.9090909090909092
wavelet,SVM-RBF,1,3,2,4,B,0.014,22,0.6818181818181818
wavelet,SVM-RBF,1,3,2,4,B,0.021,22,0.0
wavelet,SVM-RBF,1,3,2,4,IR,0.007,22,1.0
wavelet,SVM-RBF,1,3,2,4,IR,0.014,22,0.8181818181818182
wavelet,SVM-RBF,1,3,2,4,IR,0.021,22,1.0
wavelet,SVM-RBF,1,3,2,4,Normal,0.0,93,1.0
wavelet,SVM-RBF,1,3,2,4,OR,0.007,22,1.0
wavelet,SVM-RBF,1,3,2,4,OR,0.014,22,0.9090909090909092
wavelet,SVM-RBF,1,3,2,4,OR,0.021,22,0.5
wavelet,SVM-RBF,2,0,2,0,B,0.007,24,1.0
wavelet,SVM-RBF,2,0,2,0,B,0.014,24,0.75
wavelet,SVM-RBF,2,0,2,0,B,0.021,24,0.8333333333333334
wavelet,SVM-RBF,2,0,2,0,IR,0.007,24,1.0
wavelet,SVM-RBF,2,0,2,0,IR,0.014,24,0.2916666666666667
wavelet,SVM-RBF,2,0,2,0,IR,0.021,24,0.5416666666666666
wavelet,SVM-RBF,2,0,2,0,Normal,0.0,48,1.0
wavelet,SVM-RBF,2,0,2,0,OR,0.007,24,1.0
wavelet,SVM-RBF,2,0,2,0,OR,0.014,24,0.9166666666666666
wavelet,SVM-RBF,2,0,2,0,OR,0.021,24,0.9583333333333334
wavelet,SVM-RBF,2,0,2,1,B,0.007,23,0.8695652173913043
wavelet,SVM-RBF,2,0,2,1,B,0.014,22,0.7272727272727273
wavelet,SVM-RBF,2,0,2,1,B,0.021,23,0.9565217391304348
wavelet,SVM-RBF,2,0,2,1,IR,0.007,22,1.0
wavelet,SVM-RBF,2,0,2,1,IR,0.014,22,0.5
wavelet,SVM-RBF,2,0,2,1,IR,0.021,23,0.6521739130434783
wavelet,SVM-RBF,2,0,2,1,Normal,0.0,46,1.0
wavelet,SVM-RBF,2,0,2,1,OR,0.007,23,1.0
wavelet,SVM-RBF,2,0,2,1,OR,0.014,22,1.0
wavelet,SVM-RBF,2,0,2,1,OR,0.021,23,0.9130434782608696
wavelet,SVM-RBF,2,0,2,2,B,0.007,22,0.9545454545454546
wavelet,SVM-RBF,2,0,2,2,B,0.014,23,0.8260869565217391
wavelet,SVM-RBF,2,0,2,2,B,0.021,22,0.9090909090909092
wavelet,SVM-RBF,2,0,2,2,IR,0.007,23,1.0
wavelet,SVM-RBF,2,0,2,2,IR,0.014,23,0.4782608695652174
wavelet,SVM-RBF,2,0,2,2,IR,0.021,22,0.8636363636363636
wavelet,SVM-RBF,2,0,2,2,Normal,0.0,47,1.0
wavelet,SVM-RBF,2,0,2,2,OR,0.007,22,1.0
wavelet,SVM-RBF,2,0,2,2,OR,0.014,23,0.8695652173913043
wavelet,SVM-RBF,2,0,2,2,OR,0.021,22,1.0
wavelet,SVM-RBF,2,0,2,3,B,0.007,23,1.0
wavelet,SVM-RBF,2,0,2,3,B,0.014,22,0.7727272727272727
wavelet,SVM-RBF,2,0,2,3,B,0.021,23,0.8695652173913043
wavelet,SVM-RBF,2,0,2,3,IR,0.007,22,1.0
wavelet,SVM-RBF,2,0,2,3,IR,0.014,22,0.5909090909090909
wavelet,SVM-RBF,2,0,2,3,IR,0.021,23,0.7391304347826086
wavelet,SVM-RBF,2,0,2,3,Normal,0.0,46,1.0
wavelet,SVM-RBF,2,0,2,3,OR,0.007,23,1.0
wavelet,SVM-RBF,2,0,2,3,OR,0.014,22,1.0
wavelet,SVM-RBF,2,0,2,3,OR,0.021,23,1.0
wavelet,SVM-RBF,2,0,2,4,B,0.007,22,0.9545454545454546
wavelet,SVM-RBF,2,0,2,4,B,0.014,22,0.5454545454545454
wavelet,SVM-RBF,2,0,2,4,B,0.021,22,0.8636363636363636
wavelet,SVM-RBF,2,0,2,4,IR,0.007,22,1.0
wavelet,SVM-RBF,2,0,2,4,IR,0.014,22,0.3636363636363636
wavelet,SVM-RBF,2,0,2,4,IR,0.021,22,0.7727272727272727
wavelet,SVM-RBF,2,0,2,4,Normal,0.0,46,1.0
wavelet,SVM-RBF,2,0,2,4,OR,0.007,22,1.0
wavelet,SVM-RBF,2,0,2,4,OR,0.014,22,0.9090909090909092
wavelet,SVM-RBF,2,0,2,4,OR,0.021,22,0.9090909090909092
wavelet,SVM-RBF,2,1,1,0,B,0.007,24,0.9166666666666666
wavelet,SVM-RBF,2,1,1,0,B,0.014,24,0.875
wavelet,SVM-RBF,2,1,1,0,B,0.021,24,0.875
wavelet,SVM-RBF,2,1,1,0,IR,0.007,24,1.0
wavelet,SVM-RBF,2,1,1,0,IR,0.014,24,0.4166666666666667
wavelet,SVM-RBF,2,1,1,0,IR,0.021,24,0.875
wavelet,SVM-RBF,2,1,1,0,Normal,0.0,95,1.0
wavelet,SVM-RBF,2,1,1,0,OR,0.007,24,1.0
wavelet,SVM-RBF,2,1,1,0,OR,0.014,24,1.0
wavelet,SVM-RBF,2,1,1,0,OR,0.021,24,0.9583333333333334
wavelet,SVM-RBF,2,1,1,1,B,0.007,22,1.0
wavelet,SVM-RBF,2,1,1,1,B,0.014,23,0.8695652173913043
wavelet,SVM-RBF,2,1,1,1,B,0.021,22,0.8636363636363636
wavelet,SVM-RBF,2,1,1,1,IR,0.007,23,1.0
wavelet,SVM-RBF,2,1,1,1,IR,0.014,22,0.2727272727272727
wavelet,SVM-RBF,2,1,1,1,IR,0.021,22,0.9545454545454546
wavelet,SVM-RBF,2,1,1,1,Normal,0.0,93,1.0
wavelet,SVM-RBF,2,1,1,1,OR,0.007,23,1.0
wavelet,SVM-RBF,2,1,1,1,OR,0.014,23,1.0
wavelet,SVM-RBF,2,1,1,1,OR,0.021,23,0.9565217391304348
wavelet,SVM-RBF,2,1,1,2,B,0.007,23,0.9130434782608696
wavelet,SVM-RBF,2,1,1,2,B,0.014,22,0.7272727272727273
wavelet,SVM-RBF,2,1,1,2,B,0.021,23,0.9130434782608696
wavelet,SVM-RBF,2,1,1,2,IR,0.007,22,1.0
wavelet,SVM-RBF,2,1,1,2,IR,0.014,23,0.2608695652173913
wavelet,SVM-RBF,2,1,1,2,IR,0.021,23,0.9565217391304348
wavelet,SVM-RBF,2,1,1,2,Normal,0.0,93,1.0
wavelet,SVM-RBF,2,1,1,2,OR,0.007,22,1.0
wavelet,SVM-RBF,2,1,1,2,OR,0.014,22,0.9090909090909092
wavelet,SVM-RBF,2,1,1,2,OR,0.021,22,1.0
wavelet,SVM-RBF,2,1,1,3,B,0.007,22,1.0
wavelet,SVM-RBF,2,1,1,3,B,0.014,23,0.782608695652174
wavelet,SVM-RBF,2,1,1,3,B,0.021,22,0.8636363636363636
wavelet,SVM-RBF,2,1,1,3,IR,0.007,23,1.0
wavelet,SVM-RBF,2,1,1,3,IR,0.014,22,0.1363636363636363
wavelet,SVM-RBF,2,1,1,3,IR,0.021,22,0.9545454545454546
wavelet,SVM-RBF,2,1,1,3,Normal,0.0,93,1.0
wavelet,SVM-RBF,2,1,1,3,OR,0.007,23,1.0
wavelet,SVM-RBF,2,1,1,3,OR,0.014,23,1.0
wavelet,SVM-RBF,2,1,1,3,OR,0.021,23,0.9130434782608696
wavelet,SVM-RBF,2,1,1,4,B,0.007,22,1.0
wavelet,SVM-RBF,2,1,1,4,B,0.014,22,0.9090909090909092
wavelet,SVM-RBF,2,1,1,4,B,0.021,22,0.7727272727272727
wavelet,SVM-RBF,2,1,1,4,IR,0.007,22,1.0
wavelet,SVM-RBF,2,1,1,4,IR,0.014,22,0.4545454545454545
wavelet,SVM-RBF,2,1,1,4,IR,0.021,22,1.0
wavelet,SVM-RBF,2,1,1,4,Normal,0.0,93,1.0
wavelet,SVM-RBF,2,1,1,4,OR,0.007,22,1.0
wavelet,SVM-RBF,2,1,1,4,OR,0.014,22,0.9545454545454546
wavelet,SVM-RBF,2,1,1,4,OR,0.021,22,0.9090909090909092
wavelet,SVM-RBF,2,2,0,0,B,0.007,24,1.0
wavelet,SVM-RBF,2,2,0,0,B,0.014,24,1.0
wavelet,SVM-RBF,2,2,0,0,B,0.021,24,1.0
wavelet,SVM-RBF,2,2,0,0,IR,0.007,24,1.0
wavelet,SVM-RBF,2,2,0,0,IR,0.014,24,0.5416666666666666
wavelet,SVM-RBF,2,2,0,0,IR,0.021,24,0.9166666666666666
wavelet,SVM-RBF,2,2,0,0,Normal,0.0,95,1.0
wavelet,SVM-RBF,2,2,0,0,OR,0.007,24,1.0
wavelet,SVM-RBF,2,2,0,0,OR,0.014,24,0.9583333333333334
wavelet,SVM-RBF,2,2,0,0,OR,0.021,24,0.9166666666666666
wavelet,SVM-RBF,2,2,0,1,B,0.007,22,1.0
wavelet,SVM-RBF,2,2,0,1,B,0.014,23,0.782608695652174
wavelet,SVM-RBF,2,2,0,1,B,0.021,23,1.0
wavelet,SVM-RBF,2,2,0,1,IR,0.007,23,1.0
wavelet,SVM-RBF,2,2,0,1,IR,0.014,22,0.5454545454545454
wavelet,SVM-RBF,2,2,0,1,IR,0.021,22,1.0
wavelet,SVM-RBF,2,2,0,1,Normal,0.0,93,1.0
wavelet,SVM-RBF,2,2,0,1,OR,0.007,22,1.0
wavelet,SVM-RBF,2,2,0,1,OR,0.014,22,1.0
wavelet,SVM-RBF,2,2,0,1,OR,0.021,23,0.9130434782608696
wavelet,SVM-RBF,2,2,0,2,B,0.007,23,1.0
wavelet,SVM-RBF,2,2,0,2,B,0.014,22,0.8181818181818182
wavelet,SVM-RBF,2,2,0,2,B,0.021,22,1.0
wavelet,SVM-RBF,2,2,0,2,IR,0.007,22,1.0
wavelet,SVM-RBF,2,2,0,2,IR,0.014,23,0.5217391304347826
wavelet,SVM-RBF,2,2,0,2,IR,0.021,23,1.0
wavelet,SVM-RBF,2,2,0,2,Normal,0.0,94,1.0
wavelet,SVM-RBF,2,2,0,2,OR,0.007,23,1.0
wavelet,SVM-RBF,2,2,0,2,OR,0.014,23,1.0
wavelet,SVM-RBF,2,2,0,2,OR,0.021,22,0.9545454545454546
wavelet,SVM-RBF,2,2,0,3,B,0.007,22,1.0
wavelet,SVM-RBF,2,2,0,3,B,0.014,23,0.9565217391304348
wavelet,SVM-RBF,2,2,0,3,B,0.021,23,1.0
wavelet,SVM-RBF,2,2,0,3,IR,0.007,23,1.0
wavelet,SVM-RBF,2,2,0,3,IR,0.014,22,0.2727272727272727
wavelet,SVM-RBF,2,2,0,3,IR,0.021,22,0.9545454545454546
wavelet,SVM-RBF,2,2,0,3,Normal,0.0,93,1.0
wavelet,SVM-RBF,2,2,0,3,OR,0.007,22,1.0
wavelet,SVM-RBF,2,2,0,3,OR,0.014,22,1.0
wavelet,SVM-RBF,2,2,0,3,OR,0.021,23,0.9565217391304348
wavelet,SVM-RBF,2,2,0,4,B,0.007,22,1.0
wavelet,SVM-RBF,2,2,0,4,B,0.014,22,1.0
wavelet,SVM-RBF,2,2,0,4,B,0.021,22,1.0
wavelet,SVM-RBF,2,2,0,4,IR,0.007,22,1.0
wavelet,SVM-RBF,2,2,0,4,IR,0.014,22,0.8181818181818182
wavelet,SVM-RBF,2,2,0,4,IR,0.021,22,0.9545454545454546
wavelet,SVM-RBF,2,2,0,4,Normal,0.0,93,1.0
wavelet,SVM-RBF,2,2,0,4,OR,0.007,22,1.0
wavelet,SVM-RBF,2,2,0,4,OR,0.014,22,1.0
wavelet,SVM-RBF,2,2,0,4,OR,0.021,22,0.9545454545454546
wavelet,SVM-RBF,2,3,1,0,B,0.007,24,0.8333333333333334
wavelet,SVM-RBF,2,3,1,0,B,0.014,24,1.0
wavelet,SVM-RBF,2,3,1,0,B,0.021,24,0.0
wavelet,SVM-RBF,2,3,1,0,IR,0.007,24,1.0
wavelet,SVM-RBF,2,3,1,0,IR,0.014,24,0.7916666666666666
wavelet,SVM-RBF,2,3,1,0,IR,0.021,24,1.0
wavelet,SVM-RBF,2,3,1,0,Normal,0.0,95,1.0
wavelet,SVM-RBF,2,3,1,0,OR,0.007,24,1.0
wavelet,SVM-RBF,2,3,1,0,OR,0.014,24,1.0
wavelet,SVM-RBF,2,3,1,0,OR,0.021,24,0.8333333333333334
wavelet,SVM-RBF,2,3,1,1,B,0.007,22,0.8636363636363636
wavelet,SVM-RBF,2,3,1,1,B,0.014,23,0.9130434782608696
wavelet,SVM-RBF,2,3,1,1,B,0.021,23,0.0
wavelet,SVM-RBF,2,3,1,1,IR,0.007,23,1.0
wavelet,SVM-RBF,2,3,1,1,IR,0.014,22,0.7272727272727273
wavelet,SVM-RBF,2,3,1,1,IR,0.021,23,1.0
wavelet,SVM-RBF,2,3,1,1,Normal,0.0,94,1.0
wavelet,SVM-RBF,2,3,1,1,OR,0.007,23,0.9130434782608696
wavelet,SVM-RBF,2,3,1,1,OR,0.014,23,1.0
wavelet,SVM-RBF,2,3,1,1,OR,0.021,23,0.9130434782608696
wavelet,SVM-RBF,2,3,1,2,B,0.007,23,0.9130434782608696
wavelet,SVM-RBF,2,3,1,2,B,0.014,22,0.6818181818181818
wavelet,SVM-RBF,2,3,1,2,B,0.021,22,0.0
wavelet,SVM-RBF,2,3,1,2,IR,0.007,23,0.782608695652174
wavelet,SVM-RBF,2,3,1,2,IR,0.014,23,0.8260869565217391
wavelet,SVM-RBF,2,3,1,2,IR,0.021,22,1.0
wavelet,SVM-RBF,2,3,1,2,Normal,0.0,93,1.0
wavelet,SVM-RBF,2,3,1,2,OR,0.007,22,0.9090909090909092
wavelet,SVM-RBF,2,3,1,2,OR,0.014,22,1.0
wavelet,SVM-RBF,2,3,1,2,OR,0.021,22,0.9545454545454546
wavelet,SVM-RBF,2,3,1,3,B,0.007,22,0.8181818181818182
wavelet,SVM-RBF,2,3,1,3,B,0.014,23,0.9130434782608696
wavelet,SVM-RBF,2,3,1,3,B,0.021,23,0.0
wavelet,SVM-RBF,2,3,1,3,IR,0.007,23,1.0
wavelet,SVM-RBF,2,3,1,3,IR,0.014,22,0.9545454545454546
wavelet,SVM-RBF,2,3,1,3,IR,0.021,23,1.0
wavelet,SVM-RBF,2,3,1,3,Normal,0.0,94,1.0
wavelet,SVM-RBF,2,3,1,3,OR,0.007,23,0.9565217391304348
wavelet,SVM-RBF,2,3,1,3,OR,0.014,23,1.0
wavelet,SVM-RBF,2,3,1,3,OR,0.021,23,0.9130434782608696
wavelet,SVM-RBF,2,3,1,4,B,0.007,22,1.0
wavelet,SVM-RBF,2,3,1,4,B,0.014,22,0.6363636363636364
wavelet,SVM-RBF,2,3,1,4,B,0.021,22,0.0
wavelet,SVM-RBF,2,3,1,4,IR,0.007,22,1.0
wavelet,SVM-RBF,2,3,1,4,IR,0.014,22,0.8636363636363636
wavelet,SVM-RBF,2,3,1,4,IR,0.021,22,1.0
wavelet,SVM-RBF,2,3,1,4,Normal,0.0,93,1.0
wavelet,SVM-RBF,2,3,1,4,OR,0.007,22,1.0
wavelet,SVM-RBF,2,3,1,4,OR,0.014,22,1.0
wavelet,SVM-RBF,2,3,1,4,OR,0.021,22,0.9545454545454546
wavelet,SVM-RBF,3,0,3,0,B,0.007,24,0.0833333333333333
wavelet,SVM-RBF,3,0,3,0,B,0.014,24,0.0833333333333333
wavelet,SVM-RBF,3,0,3,0,B,0.021,24,0.2916666666666667
wavelet,SVM-RBF,3,0,3,0,IR,0.007,24,1.0
wavelet,SVM-RBF,3,0,3,0,IR,0.014,24,0.25
wavelet,SVM-RBF,3,0,3,0,IR,0.021,24,0.7083333333333334
wavelet,SVM-RBF,3,0,3,0,Normal,0.0,48,1.0
wavelet,SVM-RBF,3,0,3,0,OR,0.007,24,1.0
wavelet,SVM-RBF,3,0,3,0,OR,0.014,24,1.0
wavelet,SVM-RBF,3,0,3,0,OR,0.021,24,0.75
wavelet,SVM-RBF,3,0,3,1,B,0.007,23,0.1739130434782608
wavelet,SVM-RBF,3,0,3,1,B,0.014,22,0.5909090909090909
wavelet,SVM-RBF,3,0,3,1,B,0.021,23,0.391304347826087
wavelet,SVM-RBF,3,0,3,1,IR,0.007,22,1.0
wavelet,SVM-RBF,3,0,3,1,IR,0.014,22,0.4545454545454545
wavelet,SVM-RBF,3,0,3,1,IR,0.021,23,0.6521739130434783
wavelet,SVM-RBF,3,0,3,1,Normal,0.0,46,1.0
wavelet,SVM-RBF,3,0,3,1,OR,0.007,23,1.0
wavelet,SVM-RBF,3,0,3,1,OR,0.014,22,1.0
wavelet,SVM-RBF,3,0,3,1,OR,0.021,23,0.7391304347826086
wavelet,SVM-RBF,3,0,3,2,B,0.007,22,0.1818181818181818
wavelet,SVM-RBF,3,0,3,2,B,0.014,23,0.5652173913043478
wavelet,SVM-RBF,3,0,3,2,B,0.021,22,0.0454545454545454
wavelet,SVM-RBF,3,0,3,2,IR,0.007,23,1.0
wavelet,SVM-RBF,3,0,3,2,IR,0.014,23,0.2608695652173913
wavelet,SVM-RBF,3,0,3,2,IR,0.021,22,0.8181818181818182
wavelet,SVM-RBF,3,0,3,2,Normal,0.0,47,1.0
wavelet,SVM-RBF,3,0,3,2,OR,0.007,22,1.0
wavelet,SVM-RBF,3,0,3,2,OR,0.014,23,1.0
wavelet,SVM-RBF,3,0,3,2,OR,0.021,22,0.7727272727272727
wavelet,SVM-RBF,3,0,3,3,B,0.007,23,0.0
wavelet,SVM-RBF,3,0,3,3,B,0.014,22,0.4090909090909091
wavelet,SVM-RBF,3,0,3,3,B,0.021,23,0.4782608695652174
wavelet,SVM-RBF,3,0,3,3,IR,0.007,22,1.0
wavelet,SVM-RBF,3,0,3,3,IR,0.014,22,0.5909090909090909
wavelet,SVM-RBF,3,0,3,3,IR,0.021,23,0.782608695652174
wavelet,SVM-RBF,3,0,3,3,Normal,0.0,46,1.0
wavelet,SVM-RBF,3,0,3,3,OR,0.007,23,1.0
wavelet,SVM-RBF,3,0,3,3,OR,0.014,22,1.0
wavelet,SVM-RBF,3,0,3,3,OR,0.021,23,0.9565217391304348
wavelet,SVM-RBF,3,0,3,4,B,0.007,22,0.1818181818181818
wavelet,SVM-RBF,3,0,3,4,B,0.014,22,0.0454545454545454
wavelet,SVM-RBF,3,0,3,4,B,0.021,22,0.2272727272727272
wavelet,SVM-RBF,3,0,3,4,IR,0.007,22,1.0
wavelet,SVM-RBF,3,0,3,4,IR,0.014,22,0.1818181818181818
wavelet,SVM-RBF,3,0,3,4,IR,0.021,22,0.7272727272727273
wavelet,SVM-RBF,3,0,3,4,Normal,0.0,46,1.0
wavelet,SVM-RBF,3,0,3,4,OR,0.007,22,1.0
wavelet,SVM-RBF,3,0,3,4,OR,0.014,22,0.9545454545454546
wavelet,SVM-RBF,3,0,3,4,OR,0.021,22,0.9090909090909092
wavelet,SVM-RBF,3,1,2,0,B,0.007,24,0.0416666666666666
wavelet,SVM-RBF,3,1,2,0,B,0.014,24,0.6666666666666666
wavelet,SVM-RBF,3,1,2,0,B,0.021,24,0.1666666666666666
wavelet,SVM-RBF,3,1,2,0,IR,0.007,24,1.0
wavelet,SVM-RBF,3,1,2,0,IR,0.014,24,0.2916666666666667
wavelet,SVM-RBF,3,1,2,0,IR,0.021,24,0.8333333333333334
wavelet,SVM-RBF,3,1,2,0,Normal,0.0,95,1.0
wavelet,SVM-RBF,3,1,2,0,OR,0.007,24,1.0
wavelet,SVM-RBF,3,1,2,0,OR,0.014,24,1.0
wavelet,SVM-RBF,3,1,2,0,OR,0.021,24,0.875
wavelet,SVM-RBF,3,1,2,1,B,0.007,22,0.0454545454545454
wavelet,SVM-RBF,3,1,2,1,B,0.014,23,0.6521739130434783
wavelet,SVM-RBF,3,1,2,1,B,0.021,22,0.2727272727272727
wavelet,SVM-RBF,3,1,2,1,IR,0.007,23,1.0
wavelet,SVM-RBF,3,1,2,1,IR,0.014,22,0.0454545454545454
wavelet,SVM-RBF,3,1,2,1,IR,0.021,22,0.9545454545454546
wavelet,SVM-RBF,3,1,2,1,Normal,0.0,93,1.0
wavelet,SVM-RBF,3,1,2,1,OR,0.007,23,1.0
wavelet,SVM-RBF,3,1,2,1,OR,0.014,23,1.0
wavelet,SVM-RBF,3,1,2,1,OR,0.021,23,0.8695652173913043
wavelet,SVM-RBF,3,1,2,2,B,0.007,23,0.0434782608695652
wavelet,SVM-RBF,3,1,2,2,B,0.014,22,0.5
wavelet,SVM-RBF,3,1,2,2,B,0.021,23,0.0
wavelet,SVM-RBF,3,1,2,2,IR,0.007,22,1.0
wavelet,SVM-RBF,3,1,2,2,IR,0.014,23,0.1739130434782608
wavelet,SVM-RBF,3,1,2,2,IR,0.021,23,0.9130434782608696
wavelet,SVM-RBF,3,1,2,2,Normal,0.0,93,1.0
wavelet,SVM-RBF,3,1,2,2,OR,0.007,22,1.0
wavelet,SVM-RBF,3,1,2,2,OR,0.014,22,1.0
wavelet,SVM-RBF,3,1,2,2,OR,0.021,22,0.9090909090909092
wavelet,SVM-RBF,3,1,2,3,B,0.007,22,0.0909090909090909
wavelet,SVM-RBF,3,1,2,3,B,0.014,23,0.6086956521739131
wavelet,SVM-RBF,3,1,2,3,B,0.021,22,0.1363636363636363
wavelet,SVM-RBF,3,1,2,3,IR,0.007,23,1.0
wavelet,SVM-RBF,3,1,2,3,IR,0.014,22,0.0454545454545454
wavelet,SVM-RBF,3,1,2,3,IR,0.021,22,0.8181818181818182
wavelet,SVM-RBF,3,1,2,3,Normal,0.0,93,1.0
wavelet,SVM-RBF,3,1,2,3,OR,0.007,23,1.0
wavelet,SVM-RBF,3,1,2,3,OR,0.014,23,1.0
wavelet,SVM-RBF,3,1,2,3,OR,0.021,23,0.9130434782608696
wavelet,SVM-RBF,3,1,2,4,B,0.007,22,0.1363636363636363
wavelet,SVM-RBF,3,1,2,4,B,0.014,22,0.6818181818181818
wavelet,SVM-RBF,3,1,2,4,B,0.021,22,0.0
wavelet,SVM-RBF,3,1,2,4,IR,0.007,22,1.0
wavelet,SVM-RBF,3,1,2,4,IR,0.014,22,0.3181818181818182
wavelet,SVM-RBF,3,1,2,4,IR,0.021,22,0.9545454545454546
wavelet,SVM-RBF,3,1,2,4,Normal,0.0,93,1.0
wavelet,SVM-RBF,3,1,2,4,OR,0.007,22,1.0
wavelet,SVM-RBF,3,1,2,4,OR,0.014,22,1.0
wavelet,SVM-RBF,3,1,2,4,OR,0.021,22,1.0
wavelet,SVM-RBF,3,2,1,0,B,0.007,24,0.0833333333333333
wavelet,SVM-RBF,3,2,1,0,B,0.014,24,0.8333333333333334
wavelet,SVM-RBF,3,2,1,0,B,0.021,24,1.0
wavelet,SVM-RBF,3,2,1,0,IR,0.007,24,0.9583333333333334
wavelet,SVM-RBF,3,2,1,0,IR,0.014,24,0.4166666666666667
wavelet,SVM-RBF,3,2,1,0,IR,0.021,24,0.8333333333333334
wavelet,SVM-RBF,3,2,1,0,Normal,0.0,95,1.0
wavelet,SVM-RBF,3,2,1,0,OR,0.007,24,1.0
wavelet,SVM-RBF,3,2,1,0,OR,0.014,24,1.0
wavelet,SVM-RBF,3,2,1,0,OR,0.021,24,0.9166666666666666
wavelet,SVM-RBF,3,2,1,1,B,0.007,22,0.0909090909090909
wavelet,SVM-RBF,3,2,1,1,B,0.014,23,0.6086956521739131
wavelet,SVM-RBF,3,2,1,1,B,0.021,23,1.0
wavelet,SVM-RBF,3,2,1,1,IR,0.007,23,1.0
wavelet,SVM-RBF,3,2,1,1,IR,0.014,22,0.3636363636363636
wavelet,SVM-RBF,3,2,1,1,IR,0.021,22,0.9545454545454546
wavelet,SVM-RBF,3,2,1,1,Normal,0.0,93,1.0
wavelet,SVM-RBF,3,2,1,1,OR,0.007,22,1.0
wavelet,SVM-RBF,3,2,1,1,OR,0.014,22,1.0
wavelet,SVM-RBF,3,2,1,1,OR,0.021,23,0.9130434782608696
wavelet,SVM-RBF,3,2,1,2,B,0.007,23,0.0869565217391304
wavelet,SVM-RBF,3,2,1,2,B,0.014,22,0.8636363636363636
wavelet,SVM-RBF,3,2,1,2,B,0.021,22,1.0
wavelet,SVM-RBF,3,2,1,2,IR,0.007,22,1.0
wavelet,SVM-RBF,3,2,1,2,IR,0.014,23,0.3043478260869565
wavelet,SVM-RBF,3,2,1,2,IR,0.021,23,1.0
wavelet,SVM-RBF,3,2,1,2,Normal,0.0,94,1.0
wavelet,SVM-RBF,3,2,1,2,OR,0.007,23,1.0
wavelet,SVM-RBF,3,2,1,2,OR,0.014,23,1.0
wavelet,SVM-RBF,3,2,1,2,OR,0.021,22,1.0
wavelet,SVM-RBF,3,2,1,3,B,0.007,22,0.1818181818181818
wavelet,SVM-RBF,3,2,1,3,B,0.014,23,0.4347826086956521
wavelet,SVM-RBF,3,2,1,3,B,0.021,23,1.0
wavelet,SVM-RBF,3,2,1,3,IR,0.007,23,1.0
wavelet,SVM-RBF,3,2,1,3,IR,0.014,22,0.2272727272727272
wavelet,SVM-RBF,3,2,1,3,IR,0.021,22,0.8636363636363636
wavelet,SVM-RBF,3,2,1,3,Normal,0.0,93,1.0
wavelet,SVM-RBF,3,2,1,3,OR,0.007,22,1.0
wavelet,SVM-RBF,3,2,1,3,OR,0.014,22,1.0
wavelet,SVM-RBF,3,2,1,3,OR,0.021,23,0.9565217391304348
wavelet,SVM-RBF,3,2,1,4,B,0.007,22,0.2727272727272727
wavelet,SVM-RBF,3,2,1,4,B,0.014,22,0.7272727272727273
wavelet,SVM-RBF,3,2,1,4,B,0.021,22,1.0
wavelet,SVM-RBF,3,2,1,4,IR,0.007,22,1.0
wavelet,SVM-RBF,3,2,1,4,IR,0.014,22,0.6363636363636364
wavelet,SVM-RBF,3,2,1,4,IR,0.021,22,0.9090909090909092
wavelet,SVM-RBF,3,2,1,4,Normal,0.0,93,1.0
wavelet,SVM-RBF,3,2,1,4,OR,0.007,22,1.0
wavelet,SVM-RBF,3,2,1,4,OR,0.014,22,1.0
wavelet,SVM-RBF,3,2,1,4,OR,0.021,22,0.9545454545454546
wavelet,SVM-RBF,3,3,0,0,B,0.007,24,0.4166666666666667
wavelet,SVM-RBF,3,3,0,0,B,0.014,24,1.0
wavelet,SVM-RBF,3,3,0,0,B,0.021,24,1.0
wavelet,SVM-RBF,3,3,0,0,IR,0.007,24,1.0
wavelet,SVM-RBF,3,3,0,0,IR,0.014,24,0.9583333333333334
wavelet,SVM-RBF,3,3,0,0,IR,0.021,24,0.9583333333333334
wavelet,SVM-RBF,3,3,0,0,Normal,0.0,95,1.0
wavelet,SVM-RBF,3,3,0,0,OR,0.007,24,1.0
wavelet,SVM-RBF,3,3,0,0,OR,0.014,24,1.0
wavelet,SVM-RBF,3,3,0,0,OR,0.021,24,0.9583333333333334
wavelet,SVM-RBF,3,3,0,1,B,0.007,22,0.5909090909090909
wavelet,SVM-RBF,3,3,0,1,B,0.014,23,0.9130434782608696
wavelet,SVM-RBF,3,3,0,1,B,0.021,23,1.0
wavelet,SVM-RBF,3,3,0,1,IR,0.007,23,1.0
wavelet,SVM-RBF,3,3,0,1,IR,0.014,22,1.0
wavelet,SVM-RBF,3,3,0,1,IR,0.021,23,0.9565217391304348
wavelet,SVM-RBF,3,3,0,1,Normal,0.0,94,1.0
wavelet,SVM-RBF,3,3,0,1,OR,0.007,23,0.9565217391304348
wavelet,SVM-RBF,3,3,0,1,OR,0.014,23,1.0
wavelet,SVM-RBF,3,3,0,1,OR,0.021,23,0.6086956521739131
wavelet,SVM-RBF,3,3,0,2,B,0.007,23,0.6956521739130435
wavelet,SVM-RBF,3,3,0,2,B,0.014,22,0.8181818181818182
wavelet,SVM-RBF,3,3,0,2,B,0.021,22,1.0
wavelet,SVM-RBF,3,3,0,2,IR,0.007,23,1.0
wavelet,SVM-RBF,3,3,0,2,IR,0.014,23,1.0
wavelet,SVM-RBF,3,3,0,2,IR,0.021,22,0.8636363636363636
wavelet,SVM-RBF,3,3,0,2,Normal,0.0,93,1.0
wavelet,SVM-RBF,3,3,0,2,OR,0.007,22,0.9090909090909092
wavelet,SVM-RBF,3,3,0,2,OR,0.014,22,1.0
wavelet,SVM-RBF,3,3,0,2,OR,0.021,22,0.9545454545454546
wavelet,SVM-RBF,3,3,0,3,B,0.007,22,0.3181818181818182
wavelet,SVM-RBF,3,3,0,3,B,0.014,23,1.0
wavelet,SVM-RBF,3,3,0,3,B,0.021,23,1.0
wavelet,SVM-RBF,3,3,0,3,IR,0.007,23,1.0
wavelet,SVM-RBF,3,3,0,3,IR,0.014,22,1.0
wavelet,SVM-RBF,3,3,0,3,IR,0.021,23,0.9565217391304348
wavelet,SVM-RBF,3,3,0,3,Normal,0.0,94,1.0
wavelet,SVM-RBF,3,3,0,3,OR,0.007,23,1.0
wavelet,SVM-RBF,3,3,0,3,OR,0.014,23,1.0
wavelet,SVM-RBF,3,3,0,3,OR,0.021,23,0.9565217391304348
wavelet,SVM-RBF,3,3,0,4,B,0.007,22,0.6818181818181818
wavelet,SVM-RBF,3,3,0,4,B,0.014,22,0.9545454545454546
wavelet,SVM-RBF,3,3,0,4,B,0.021,22,1.0
wavelet,SVM-RBF,3,3,0,4,IR,0.007,22,1.0
wavelet,SVM-RBF,3,3,0,4,IR,0.014,22,1.0
wavelet,SVM-RBF,3,3,0,4,IR,0.021,22,0.8636363636363636
wavelet,SVM-RBF,3,3,0,4,Normal,0.0,93,1.0
wavelet,SVM-RBF,3,3,0,4,OR,0.007,22,1.0
wavelet,SVM-RBF,3,3,0,4,OR,0.014,22,1.0
wavelet,SVM-RBF,3,3,0,4,OR,0.021,22,0.9545454545454546
wavelet,RandomForest,0,0,0,0,B,0.007,24,1.0
wavelet,RandomForest,0,0,0,0,B,0.014,24,0.8333333333333334
wavelet,RandomForest,0,0,0,0,B,0.021,24,1.0
wavelet,RandomForest,0,0,0,0,IR,0.007,24,0.9583333333333334
wavelet,RandomForest,0,0,0,0,IR,0.014,24,1.0
wavelet,RandomForest,0,0,0,0,IR,0.021,24,0.9583333333333334
wavelet,RandomForest,0,0,0,0,Normal,0.0,48,1.0
wavelet,RandomForest,0,0,0,0,OR,0.007,24,1.0
wavelet,RandomForest,0,0,0,0,OR,0.014,24,1.0
wavelet,RandomForest,0,0,0,0,OR,0.021,24,0.9166666666666666
wavelet,RandomForest,0,0,0,1,B,0.007,23,1.0
wavelet,RandomForest,0,0,0,1,B,0.014,22,0.9090909090909092
wavelet,RandomForest,0,0,0,1,B,0.021,23,0.9565217391304348
wavelet,RandomForest,0,0,0,1,IR,0.007,22,1.0
wavelet,RandomForest,0,0,0,1,IR,0.014,22,1.0
wavelet,RandomForest,0,0,0,1,IR,0.021,23,1.0
wavelet,RandomForest,0,0,0,1,Normal,0.0,46,1.0
wavelet,RandomForest,0,0,0,1,OR,0.007,23,1.0
wavelet,RandomForest,0,0,0,1,OR,0.014,22,1.0
wavelet,RandomForest,0,0,0,1,OR,0.021,23,0.9130434782608696
wavelet,RandomForest,0,0,0,2,B,0.007,22,1.0
wavelet,RandomForest,0,0,0,2,B,0.014,23,0.9130434782608696
wavelet,RandomForest,0,0,0,2,B,0.021,22,0.8636363636363636
wavelet,RandomForest,0,0,0,2,IR,0.007,23,1.0
wavelet,RandomForest,0,0,0,2,IR,0.014,23,0.9130434782608696
wavelet,RandomForest,0,0,0,2,IR,0.021,22,1.0
wavelet,RandomForest,0,0,0,2,Normal,0.0,47,1.0
wavelet,RandomForest,0,0,0,2,OR,0.007,22,1.0
wavelet,RandomForest,0,0,0,2,OR,0.014,23,1.0
wavelet,RandomForest,0,0,0,2,OR,0.021,22,0.8636363636363636
wavelet,RandomForest,0,0,0,3,B,0.007,23,1.0
wavelet,RandomForest,0,0,0,3,B,0.014,22,1.0
wavelet,RandomForest,0,0,0,3,B,0.021,23,0.7391304347826086
wavelet,RandomForest,0,0,0,3,IR,0.007,22,1.0
wavelet,RandomForest,0,0,0,3,IR,0.014,22,1.0
wavelet,RandomForest,0,0,0,3,IR,0.021,23,1.0
wavelet,RandomForest,0,0,0,3,Normal,0.0,46,1.0
wavelet,RandomForest,0,0,0,3,OR,0.007,23,1.0
wavelet,RandomForest,0,0,0,3,OR,0.014,22,1.0
wavelet,RandomForest,0,0,0,3,OR,0.021,23,1.0
wavelet,RandomForest,0,0,0,4,B,0.007,22,1.0
wavelet,RandomForest,0,0,0,4,B,0.014,22,0.9090909090909092
wavelet,RandomForest,0,0,0,4,B,0.021,22,1.0
wavelet,RandomForest,0,0,0,4,IR,0.007,22,1.0
wavelet,RandomForest,0,0,0,4,IR,0.014,22,0.9090909090909092
wavelet,RandomForest,0,0,0,4,IR,0.021,22,1.0
wavelet,RandomForest,0,0,0,4,Normal,0.0,46,1.0
wavelet,RandomForest,0,0,0,4,OR,0.007,22,1.0
wavelet,RandomForest,0,0,0,4,OR,0.014,22,1.0
wavelet,RandomForest,0,0,0,4,OR,0.021,22,0.9545454545454546
wavelet,RandomForest,0,1,1,0,B,0.007,24,0.625
wavelet,RandomForest,0,1,1,0,B,0.014,24,0.5833333333333334
wavelet,RandomForest,0,1,1,0,B,0.021,24,0.9166666666666666
wavelet,RandomForest,0,1,1,0,IR,0.007,24,1.0
wavelet,RandomForest,0,1,1,0,IR,0.014,24,0.875
wavelet,RandomForest,0,1,1,0,IR,0.021,24,1.0
wavelet,RandomForest,0,1,1,0,Normal,0.0,95,1.0
wavelet,RandomForest,0,1,1,0,OR,0.007,24,1.0
wavelet,RandomForest,0,1,1,0,OR,0.014,24,1.0
wavelet,RandomForest,0,1,1,0,OR,0.021,24,0.9583333333333334
wavelet,RandomForest,0,1,1,1,B,0.007,22,0.7272727272727273
wavelet,RandomForest,0,1,1,1,B,0.014,23,0.8695652173913043
wavelet,RandomForest,0,1,1,1,B,0.021,22,0.8636363636363636
wavelet,RandomForest,0,1,1,1,IR,0.007,23,1.0
wavelet,RandomForest,0,1,1,1,IR,0.014,22,1.0
wavelet,RandomForest,0,1,1,1,IR,0.021,22,1.0
wavelet,RandomForest,0,1,1,1,Normal,0.0,93,1.0
wavelet,RandomForest,0,1,1,1,OR,0.007,23,0.9565217391304348
wavelet,RandomForest,0,1,1,1,OR,0.014,23,1.0
wavelet,RandomForest,0,1,1,1,OR,0.021,23,0.9565217391304348
wavelet,RandomForest,0,1,1,2,B,0.007,23,0.6086956521739131
wavelet,RandomForest,0,1,1,2,B,0.014,22,0.5909090909090909
wavelet,RandomForest,0,1,1,2,B,0.021,23,0.9130434782608696
wavelet,RandomForest,0,1,1,2,IR,0.007,22,1.0
wavelet,RandomForest,0,1,1,2,IR,0.014,23,0.9565217391304348
wavelet,RandomForest,0,1,1,2,IR,0.021,23,1.0
wavelet,RandomForest,0,1,1,2,Normal,0.0,93,1.0
wavelet,RandomForest,0,1,1,2,OR,0.007,22,1.0
wavelet,RandomForest,0,1,1,2,OR,0.014,22,1.0
wavelet,RandomForest,0,1,1,2,OR,0.021,22,1.0
wavelet,RandomForest,0,1,1,3,B,0.007,22,0.5454545454545454
wavelet,RandomForest,0,1,1,3,B,0.014,23,0.9565217391304348
wavelet,RandomForest,0,1,1,3,B,0.021,22,0.8181818181818182
wavelet,RandomForest,0,1,1,3,IR,0.007,23,1.0
wavelet,RandomForest,0,1,1,3,IR,0.014,22,1.0
wavelet,RandomForest,0,1,1,3,IR,0.021,22,1.0
wavelet,RandomForest,0,1,1,3,Normal,0.0,93,1.0
wavelet,RandomForest,0,1,1,3,OR,0.007,23,1.0
wavelet,RandomForest,0,1,1,3,OR,0.014,23,1.0
wavelet,RandomForest,0,1,1,3,OR,0.021,23,0.9565217391304348
wavelet,RandomForest,0,1,1,4,B,0.007,22,0.7272727272727273
wavelet,RandomForest,0,1,1,4,B,0.014,22,0.8636363636363636
wavelet,RandomForest,0,1,1,4,B,0.021,22,0.7727272727272727
wavelet,RandomForest,0,1,1,4,IR,0.007,22,1.0
wavelet,RandomForest,0,1,1,4,IR,0.014,22,0.9090909090909092
wavelet,RandomForest,0,1,1,4,IR,0.021,22,1.0
wavelet,RandomForest,0,1,1,4,Normal,0.0,93,1.0
wavelet,RandomForest,0,1,1,4,OR,0.007,22,1.0
wavelet,RandomForest,0,1,1,4,OR,0.014,22,0.9545454545454546
wavelet,RandomForest,0,1,1,4,OR,0.021,22,0.8636363636363636
wavelet,RandomForest,0,2,2,0,B,0.007,24,1.0
wavelet,RandomForest,0,2,2,0,B,0.014,24,1.0
wavelet,RandomForest,0,2,2,0,B,0.021,24,1.0
wavelet,RandomForest,0,2,2,0,IR,0.007,24,0.9583333333333334
wavelet,RandomForest,0,2,2,0,IR,0.014,24,0.2916666666666667
wavelet,RandomForest,0,2,2,0,IR,0.021,24,1.0
wavelet,RandomForest,0,2,2,0,Normal,0.0,95,1.0
wavelet,RandomForest,0,2,2,0,OR,0.007,24,1.0
wavelet,RandomForest,0,2,2,0,OR,0.014,24,0.9166666666666666
wavelet,RandomForest,0,2,2,0,OR,0.021,24,0.9166666666666666
wavelet,RandomForest,0,2,2,1,B,0.007,22,1.0
wavelet,RandomForest,0,2,2,1,B,0.014,23,0.9565217391304348
wavelet,RandomForest,0,2,2,1,B,0.021,23,1.0
wavelet,RandomForest,0,2,2,1,IR,0.007,23,0.9565217391304348
wavelet,RandomForest,0,2,2,1,IR,0.014,22,0.1818181818181818
wavelet,RandomForest,0,2,2,1,IR,0.021,22,1.0
wavelet,RandomForest,0,2,2,1,Normal,0.0,93,1.0
wavelet,RandomForest,0,2,2,1,OR,0.007,22,1.0
wavelet,RandomForest,0,2,2,1,OR,0.014,22,1.0
wavelet,RandomForest,0,2,2,1,OR,0.021,23,0.9565217391304348
wavelet,RandomForest,0,2,2,2,B,0.007,23,1.0
wavelet,RandomForest,0,2,2,2,B,0.014,22,1.0
wavelet,RandomForest,0,2,2,2,B,0.021,22,1.0
wavelet,RandomForest,0,2,2,2,IR,0.007,22,1.0
wavelet,RandomForest,0,2,2,2,IR,0.014,23,0.2608695652173913
wavelet,RandomForest,0,2,2,2,IR,0.021,23,1.0
wavelet,RandomForest,0,2,2,2,Normal,0.0,94,1.0
wavelet,RandomForest,0,2,2,2,OR,0.007,23,1.0
wavelet,RandomForest,0,2,2,2,OR,0.014,23,0.9565217391304348
wavelet,RandomForest,0,2,2,2,OR,0.021,22,0.9090909090909092
wavelet,RandomForest,0,2,2,3,B,0.007,22,1.0
wavelet,RandomForest,0,2,2,3,B,0.014,23,1.0
wavelet,RandomForest,0,2,2,3,B,0.021,23,1.0
wavelet,RandomForest,0,2,2,3,IR,0.007,23,1.0
wavelet,RandomForest,0,2,2,3,IR,0.014,22,0.1818181818181818
wavelet,RandomForest,0,2,2,3,IR,0.021,22,0.8181818181818182
wavelet,RandomForest,0,2,2,3,Normal,0.0,93,1.0
wavelet,RandomForest,0,2,2,3,OR,0.007,22,1.0
wavelet,RandomForest,0,2,2,3,OR,0.014,22,0.9545454545454546
wavelet,RandomForest,0,2,2,3,OR,0.021,23,1.0
wavelet,RandomForest,0,2,2,4,B,0.007,22,1.0
wavelet,RandomForest,0,2,2,4,B,0.014,22,1.0
wavelet,RandomForest,0,2,2,4,B,0.021,22,1.0
wavelet,RandomForest,0,2,2,4,IR,0.007,22,1.0
wavelet,RandomForest,0,2,2,4,IR,0.014,22,0.3181818181818182
wavelet,RandomForest,0,2,2,4,IR,0.021,22,0.9545454545454546
wavelet,RandomForest,0,2,2,4,Normal,0.0,93,1.0
wavelet,RandomForest,0,2,2,4,OR,0.007,22,1.0
wavelet,RandomForest,0,2,2,4,OR,0.014,22,0.9545454545454546
wavelet,RandomForest,0,2,2,4,OR,0.021,22,1.0
wavelet,RandomForest,0,3,3,0,B,0.007,24,1.0
wavelet,RandomForest,0,3,3,0,B,0.014,24,0.9166666666666666
wavelet,RandomForest,0,3,3,0,B,0.021,24,1.0
wavelet,RandomForest,0,3,3,0,IR,0.007,24,0.75
wavelet,RandomForest,0,3,3,0,IR,0.014,24,0.3333333333333333
wavelet,RandomForest,0,3,3,0,IR,0.021,24,1.0
wavelet,RandomForest,0,3,3,0,Normal,0.0,95,0.968421052631579
wavelet,RandomForest,0,3,3,0,OR,0.007,24,1.0
wavelet,RandomForest,0,3,3,0,OR,0.014,24,0.9583333333333334
wavelet,RandomForest,0,3,3,0,OR,0.021,24,0.8333333333333334
wavelet,RandomForest,0,3,3,1,B,0.007,22,1.0
wavelet,RandomForest,0,3,3,1,B,0.014,23,1.0
wavelet,RandomForest,0,3,3,1,B,0.021,23,1.0
wavelet,RandomForest,0,3,3,1,IR,0.007,23,0.6956521739130435
wavelet,RandomForest,0,3,3,1,IR,0.014,22,0.3636363636363636
wavelet,RandomForest,0,3,3,1,IR,0.021,23,1.0
wavelet,RandomForest,0,3,3,1,Normal,0.0,94,0.9893617021276596
wavelet,RandomForest,0,3,3,1,OR,0.007,23,1.0
wavelet,RandomForest,0,3,3,1,OR,0.014,23,0.8695652173913043
wavelet,RandomForest,0,3,3,1,OR,0.021,23,0.9565217391304348
wavelet,RandomForest,0,3,3,2,B,0.007,23,1.0
wavelet,RandomForest,0,3,3,2,B,0.014,22,0.8636363636363636
wavelet,RandomForest,0,3,3,2,B,0.021,22,1.0
wavelet,RandomForest,0,3,3,2,IR,0.007,23,0.8260869565217391
wavelet,RandomForest,0,3,3,2,IR,0.014,23,0.4347826086956521
wavelet,RandomForest,0,3,3,2,IR,0.021,22,0.9090909090909092
wavelet,RandomForest,0,3,3,2,Normal,0.0,93,0.978494623655914
wavelet,RandomForest,0,3,3,2,OR,0.007,22,1.0
wavelet,RandomForest,0,3,3,2,OR,0.014,22,0.9090909090909092
wavelet,RandomForest,0,3,3,2,OR,0.021,22,1.0
wavelet,RandomForest,0,3,3,3,B,0.007,22,1.0
wavelet,RandomForest,0,3,3,3,B,0.014,23,1.0
wavelet,RandomForest,0,3,3,3,B,0.021,23,0.9565217391304348
wavelet,RandomForest,0,3,3,3,IR,0.007,23,0.7391304347826086
wavelet,RandomForest,0,3,3,3,IR,0.014,22,0.5909090909090909
wavelet,RandomForest,0,3,3,3,IR,0.021,23,1.0
wavelet,RandomForest,0,3,3,3,Normal,0.0,94,0.9787234042553192
wavelet,RandomForest,0,3,3,3,OR,0.007,23,1.0
wavelet,RandomForest,0,3,3,3,OR,0.014,23,0.9565217391304348
wavelet,RandomForest,0,3,3,3,OR,0.021,23,0.9565217391304348
wavelet,RandomForest,0,3,3,4,B,0.007,22,1.0
wavelet,RandomForest,0,3,3,4,B,0.014,22,1.0
wavelet,RandomForest,0,3,3,4,B,0.021,22,1.0
wavelet,RandomForest,0,3,3,4,IR,0.007,22,0.8181818181818182
wavelet,RandomForest,0,3,3,4,IR,0.014,22,0.4545454545454545
wavelet,RandomForest,0,3,3,4,IR,0.021,22,0.9545454545454546
wavelet,RandomForest,0,3,3,4,Normal,0.0,93,0.978494623655914
wavelet,RandomForest,0,3,3,4,OR,0.007,22,1.0
wavelet,RandomForest,0,3,3,4,OR,0.014,22,0.9545454545454546
wavelet,RandomForest,0,3,3,4,OR,0.021,22,1.0
wavelet,RandomForest,1,0,1,0,B,0.007,24,0.7916666666666666
wavelet,RandomForest,1,0,1,0,B,0.014,24,0.8333333333333334
wavelet,RandomForest,1,0,1,0,B,0.021,24,0.375
wavelet,RandomForest,1,0,1,0,IR,0.007,24,1.0
wavelet,RandomForest,1,0,1,0,IR,0.014,24,0.7916666666666666
wavelet,RandomForest,1,0,1,0,IR,0.021,24,0.0416666666666666
wavelet,RandomForest,1,0,1,0,Normal,0.0,48,1.0
wavelet,RandomForest,1,0,1,0,OR,0.007,24,1.0
wavelet,RandomForest,1,0,1,0,OR,0.014,24,0.9583333333333334
wavelet,RandomForest,1,0,1,0,OR,0.021,24,1.0
wavelet,RandomForest,1,0,1,1,B,0.007,23,0.8695652173913043
wavelet,RandomForest,1,0,1,1,B,0.014,22,0.9090909090909092
wavelet,RandomForest,1,0,1,1,B,0.021,23,0.4347826086956521
wavelet,RandomForest,1,0,1,1,IR,0.007,22,1.0
wavelet,RandomForest,1,0,1,1,IR,0.014,22,0.7272727272727273
wavelet,RandomForest,1,0,1,1,IR,0.021,23,0.0869565217391304
wavelet,RandomForest,1,0,1,1,Normal,0.0,46,1.0
wavelet,RandomForest,1,0,1,1,OR,0.007,23,1.0
wavelet,RandomForest,1,0,1,1,OR,0.014,22,0.3636363636363636
wavelet,RandomForest,1,0,1,1,OR,0.021,23,1.0
wavelet,RandomForest,1,0,1,2,B,0.007,22,0.9545454545454546
wavelet,RandomForest,1,0,1,2,B,0.014,23,1.0
wavelet,RandomForest,1,0,1,2,B,0.021,22,0.2272727272727272
wavelet,RandomForest,1,0,1,2,IR,0.007,23,1.0
wavelet,RandomForest,1,0,1,2,IR,0.014,23,0.8260869565217391
wavelet,RandomForest,1,0,1,2,IR,0.021,22,0.2272727272727272
wavelet,RandomForest,1,0,1,2,Normal,0.0,47,1.0
wavelet,RandomForest,1,0,1,2,OR,0.007,22,1.0
wavelet,RandomForest,1,0,1,2,OR,0.014,23,0.9565217391304348
wavelet,RandomForest,1,0,1,2,OR,0.021,22,1.0
wavelet,RandomForest,1,0,1,3,B,0.007,23,1.0
wavelet,RandomForest,1,0,1,3,B,0.014,22,1.0
wavelet,RandomForest,1,0,1,3,B,0.021,23,0.4782608695652174
wavelet,RandomForest,1,0,1,3,IR,0.007,22,0.9545454545454546
wavelet,RandomForest,1,0,1,3,IR,0.014,22,0.7727272727272727
wavelet,RandomForest,1,0,1,3,IR,0.021,23,0.0869565217391304
wavelet,RandomForest,1,0,1,3,Normal,0.0,46,1.0
wavelet,RandomForest,1,0,1,3,OR,0.007,23,1.0
wavelet,RandomForest,1,0,1,3,OR,0.014,22,0.7727272727272727
wavelet,RandomForest,1,0,1,3,OR,0.021,23,1.0
wavelet,RandomForest,1,0,1,4,B,0.007,22,0.7727272727272727
wavelet,RandomForest,1,0,1,4,B,0.014,22,1.0
wavelet,RandomForest,1,0,1,4,B,0.021,22,0.1363636363636363
wavelet,RandomForest,1,0,1,4,IR,0.007,22,1.0
wavelet,RandomForest,1,0,1,4,IR,0.014,22,0.8181818181818182
wavelet,RandomForest,1,0,1,4,IR,0.021,22,0.1363636363636363
wavelet,RandomForest,1,0,1,4,Normal,0.0,46,1.0
wavelet,RandomForest,1,0,1,4,OR,0.007,22,1.0
wavelet,RandomForest,1,0,1,4,OR,0.014,22,0.8181818181818182
wavelet,RandomForest,1,0,1,4,OR,0.021,22,0.9545454545454546
wavelet,RandomForest,1,1,0,0,B,0.007,24,0.9166666666666666
wavelet,RandomForest,1,1,0,0,B,0.014,24,1.0
wavelet,RandomForest,1,1,0,0,B,0.021,24,0.9583333333333334
wavelet,RandomForest,1,1,0,0,IR,0.007,24,1.0
wavelet,RandomForest,1,1,0,0,IR,0.014,24,0.9166666666666666
wavelet,RandomForest,1,1,0,0,IR,0.021,24,1.0
wavelet,RandomForest,1,1,0,0,Normal,0.0,95,1.0
wavelet,RandomForest,1,1,0,0,OR,0.007,24,1.0
wavelet,RandomForest,1,1,0,0,OR,0.014,24,1.0
wavelet,RandomForest,1,1,0,0,OR,0.021,24,1.0
wavelet,RandomForest,1,1,0,1,B,0.007,22,1.0
wavelet,RandomForest,1,1,0,1,B,0.014,23,0.9130434782608696
wavelet,RandomForest,1,1,0,1,B,0.021,22,0.9545454545454546
wavelet,RandomForest,1,1,0,1,IR,0.007,23,1.0
wavelet,RandomForest,1,1,0,1,IR,0.014,22,0.9545454545454546
wavelet,RandomForest,1,1,0,1,IR,0.021,22,1.0
wavelet,RandomForest,1,1,0,1,Normal,0.0,93,1.0
wavelet,RandomForest,1,1,0,1,OR,0.007,23,1.0
wavelet,RandomForest,1,1,0,1,OR,0.014,23,1.0
wavelet,RandomForest,1,1,0,1,OR,0.021,23,1.0
wavelet,RandomForest,1,1,0,2,B,0.007,23,0.9130434782608696
wavelet,RandomForest,1,1,0,2,B,0.014,22,0.9545454545454546
wavelet,RandomForest,1,1,0,2,B,0.021,23,0.9565217391304348
wavelet,RandomForest,1,1,0,2,IR,0.007,22,1.0
wavelet,RandomForest,1,1,0,2,IR,0.014,23,0.9565217391304348
wavelet,RandomForest,1,1,0,2,IR,0.021,23,1.0
wavelet,RandomForest,1,1,0,2,Normal,0.0,93,1.0
wavelet,RandomForest,1,1,0,2,OR,0.007,22,1.0
wavelet,RandomForest,1,1,0,2,OR,0.014,22,1.0
wavelet,RandomForest,1,1,0,2,OR,0.021,22,1.0
wavelet,RandomForest,1,1,0,3,B,0.007,22,1.0
wavelet,RandomForest,1,1,0,3,B,0.014,23,1.0
wavelet,RandomForest,1,1,0,3,B,0.021,22,1.0
wavelet,RandomForest,1,1,0,3,IR,0.007,23,0.9565217391304348
wavelet,RandomForest,1,1,0,3,IR,0.014,22,0.8636363636363636
wavelet,RandomForest,1,1,0,3,IR,0.021,22,1.0
wavelet,RandomForest,1,1,0,3,Normal,0.0,93,1.0
wavelet,RandomForest,1,1,0,3,OR,0.007,23,1.0
wavelet,RandomForest,1,1,0,3,OR,0.014,23,1.0
wavelet,RandomForest,1,1,0,3,OR,0.021,23,0.9565217391304348
wavelet,RandomForest,1,1,0,4,B,0.007,22,0.9545454545454546
wavelet,RandomForest,1,1,0,4,B,0.014,22,1.0
wavelet,RandomForest,1,1,0,4,B,0.021,22,0.8181818181818182
wavelet,RandomForest,1,1,0,4,IR,0.007,22,1.0
wavelet,RandomForest,1,1,0,4,IR,0.014,22,1.0
wavelet,RandomForest,1,1,0,4,IR,0.021,22,1.0
wavelet,RandomForest,1,1,0,4,Normal,0.0,93,1.0
wavelet,RandomForest,1,1,0,4,OR,0.007,22,1.0
wavelet,RandomForest,1,1,0,4,OR,0.014,22,0.9545454545454546
wavelet,RandomForest,1,1,0,4,OR,0.021,22,0.9090909090909092
wavelet,RandomForest,1,2,1,0,B,0.007,24,0.6666666666666666
wavelet,RandomForest,1,2,1,0,B,0.014,24,1.0
wavelet,RandomForest,1,2,1,0,B,0.021,24,1.0
wavelet,RandomForest,1,2,1,0,IR,0.007,24,1.0
wavelet,RandomForest,1,2,1,0,IR,0.014,24,0.7916666666666666
wavelet,RandomForest,1,2,1,0,IR,0.021,24,1.0
wavelet,RandomForest,1,2,1,0,Normal,0.0,95,1.0
wavelet,RandomForest,1,2,1,0,OR,0.007,24,1.0
wavelet,RandomForest,1,2,1,0,OR,0.014,24,0.875
wavelet,RandomForest,1,2,1,0,OR,0.021,24,0.9583333333333334
wavelet,RandomForest,1,2,1,1,B,0.007,22,0.9090909090909092
wavelet,RandomForest,1,2,1,1,B,0.014,23,0.9565217391304348
wavelet,RandomForest,1,2,1,1,B,0.021,23,1.0
wavelet,RandomForest,1,2,1,1,IR,0.007,23,0.8695652173913043
wavelet,RandomForest,1,2,1,1,IR,0.014,22,0.6363636363636364
wavelet,RandomForest,1,2,1,1,IR,0.021,22,1.0
wavelet,RandomForest,1,2,1,1,Normal,0.0,93,1.0
wavelet,RandomForest,1,2,1,1,OR,0.007,22,1.0
wavelet,RandomForest,1,2,1,1,OR,0.014,22,0.8636363636363636
wavelet,RandomForest,1,2,1,1,OR,0.021,23,1.0
wavelet,RandomForest,1,2,1,2,B,0.007,23,0.9565217391304348
wavelet,RandomForest,1,2,1,2,B,0.014,22,1.0
wavelet,RandomForest,1,2,1,2,B,0.021,22,1.0
wavelet,RandomForest,1,2,1,2,IR,0.007,22,1.0
wavelet,RandomForest,1,2,1,2,IR,0.014,23,0.6956521739130435
wavelet,RandomForest,1,2,1,2,IR,0.021,23,1.0
wavelet,RandomForest,1,2,1,2,Normal,0.0,94,1.0
wavelet,RandomForest,1,2,1,2,OR,0.007,23,1.0
wavelet,RandomForest,1,2,1,2,OR,0.014,23,0.9565217391304348
wavelet,RandomForest,1,2,1,2,OR,0.021,22,0.9545454545454546
wavelet,RandomForest,1,2,1,3,B,0.007,22,0.9545454545454546
wavelet,RandomForest,1,2,1,3,B,0.014,23,1.0
wavelet,RandomForest,1,2,1,3,B,0.021,23,1.0
wavelet,RandomForest,1,2,1,3,IR,0.007,23,1.0
wavelet,RandomForest,1,2,1,3,IR,0.014,22,0.3636363636363636
wavelet,RandomForest,1,2,1,3,IR,0.021,22,1.0
wavelet,RandomForest,1,2,1,3,Normal,0.0,93,1.0
wavelet,RandomForest,1,2,1,3,OR,0.007,22,1.0
wavelet,RandomForest,1,2,1,3,OR,0.014,22,0.9545454545454546
wavelet,RandomForest,1,2,1,3,OR,0.021,23,1.0
wavelet,RandomForest,1,2,1,4,B,0.007,22,0.9090909090909092
wavelet,RandomForest,1,2,1,4,B,0.014,22,1.0
wavelet,RandomForest,1,2,1,4,B,0.021,22,1.0
wavelet,RandomForest,1,2,1,4,IR,0.007,22,1.0
wavelet,RandomForest,1,2,1,4,IR,0.014,22,0.9090909090909092
wavelet,RandomForest,1,2,1,4,IR,0.021,22,1.0
wavelet,RandomForest,1,2,1,4,Normal,0.0,93,1.0
wavelet,RandomForest,1,2,1,4,OR,0.007,22,1.0
wavelet,RandomForest,1,2,1,4,OR,0.014,22,0.8636363636363636
wavelet,RandomForest,1,2,1,4,OR,0.021,22,1.0
wavelet,RandomForest,1,3,2,0,B,0.007,24,0.625
wavelet,RandomForest,1,3,2,0,B,0.014,24,0.9583333333333334
wavelet,RandomForest,1,3,2,0,B,0.021,24,0.9166666666666666
wavelet,RandomForest,1,3,2,0,IR,0.007,24,0.4583333333333333
wavelet,RandomForest,1,3,2,0,IR,0.014,24,0.875
wavelet,RandomForest,1,3,2,0,IR,0.021,24,1.0
wavelet,RandomForest,1,3,2,0,Normal,0.0,95,1.0
wavelet,RandomForest,1,3,2,0,OR,0.007,24,1.0
wavelet,RandomForest,1,3,2,0,OR,0.014,24,0.2083333333333333
wavelet,RandomForest,1,3,2,0,OR,0.021,24,1.0
wavelet,RandomForest,1,3,2,1,B,0.007,22,0.8636363636363636
wavelet,RandomForest,1,3,2,1,B,0.014,23,1.0
wavelet,RandomForest,1,3,2,1,B,0.021,23,0.5217391304347826
wavelet,RandomForest,1,3,2,1,IR,0.007,23,0.4782608695652174
wavelet,RandomForest,1,3,2,1,IR,0.014,22,0.5909090909090909
wavelet,RandomForest,1,3,2,1,IR,0.021,23,1.0
wavelet,RandomForest,1,3,2,1,Normal,0.0,94,1.0
wavelet,RandomForest,1,3,2,1,OR,0.007,23,1.0
wavelet,RandomForest,1,3,2,1,OR,0.014,23,0.1304347826086956
wavelet,RandomForest,1,3,2,1,OR,0.021,23,1.0
wavelet,RandomForest,1,3,2,2,B,0.007,23,0.9565217391304348
wavelet,RandomForest,1,3,2,2,B,0.014,22,0.8636363636363636
wavelet,RandomForest,1,3,2,2,B,0.021,22,0.9090909090909092
wavelet,RandomForest,1,3,2,2,IR,0.007,23,0.2608695652173913
wavelet,RandomForest,1,3,2,2,IR,0.014,23,0.9130434782608696
wavelet,RandomForest,1,3,2,2,IR,0.021,22,1.0
wavelet,RandomForest,1,3,2,2,Normal,0.0,93,1.0
wavelet,RandomForest,1,3,2,2,OR,0.007,22,1.0
wavelet,RandomForest,1,3,2,2,OR,0.014,22,0.1818181818181818
wavelet,RandomForest,1,3,2,2,OR,0.021,22,1.0
wavelet,RandomForest,1,3,2,3,B,0.007,22,0.8181818181818182
wavelet,RandomForest,1,3,2,3,B,0.014,23,1.0
wavelet,RandomForest,1,3,2,3,B,0.021,23,0.8695652173913043
wavelet,RandomForest,1,3,2,3,IR,0.007,23,0.1739130434782608
wavelet,RandomForest,1,3,2,3,IR,0.014,22,0.9090909090909092
wavelet,RandomForest,1,3,2,3,IR,0.021,23,1.0
wavelet,RandomForest,1,3,2,3,Normal,0.0,94,1.0
wavelet,RandomForest,1,3,2,3,OR,0.007,23,1.0
wavelet,RandomForest,1,3,2,3,OR,0.014,23,0.1304347826086956
wavelet,RandomForest,1,3,2,3,OR,0.021,23,1.0
wavelet,RandomForest,1,3,2,4,B,0.007,22,0.7727272727272727
wavelet,RandomForest,1,3,2,4,B,0.014,22,1.0
wavelet,RandomForest,1,3,2,4,B,0.021,22,0.9090909090909092
wavelet,RandomForest,1,3,2,4,IR,0.007,22,0.5
wavelet,RandomForest,1,3,2,4,IR,0.014,22,1.0
wavelet,RandomForest,1,3,2,4,IR,0.021,22,1.0
wavelet,RandomForest,1,3,2,4,Normal,0.0,93,1.0
wavelet,RandomForest,1,3,2,4,OR,0.007,22,1.0
wavelet,RandomForest,1,3,2,4,OR,0.014,22,0.0
wavelet,RandomForest,1,3,2,4,OR,0.021,22,1.0
wavelet,RandomForest,2,0,2,0,B,0.007,24,0.75
wavelet,RandomForest,2,0,2,0,B,0.014,24,0.75
wavelet,RandomForest,2,0,2,0,B,0.021,24,0.875
wavelet,RandomForest,2,0,2,0,IR,0.007,24,1.0
wavelet,RandomForest,2,0,2,0,IR,0.014,24,0.8333333333333334
wavelet,RandomForest,2,0,2,0,IR,0.021,24,0.2916666666666667
wavelet,RandomForest,2,0,2,0,Normal,0.0,48,1.0
wavelet,RandomForest,2,0,2,0,OR,0.007,24,1.0
wavelet,RandomForest,2,0,2,0,OR,0.014,24,1.0
wavelet,RandomForest,2,0,2,0,OR,0.021,24,1.0
wavelet,RandomForest,2,0,2,1,B,0.007,23,0.5217391304347826
wavelet,RandomForest,2,0,2,1,B,0.014,22,0.8636363636363636
wavelet,RandomForest,2,0,2,1,B,0.021,23,0.5652173913043478
wavelet,RandomForest,2,0,2,1,IR,0.007,22,1.0
wavelet,RandomForest,2,0,2,1,IR,0.014,22,0.7727272727272727
wavelet,RandomForest,2,0,2,1,IR,0.021,23,0.6521739130434783
wavelet,RandomForest,2,0,2,1,Normal,0.0,46,1.0
wavelet,RandomForest,2,0,2,1,OR,0.007,23,1.0
wavelet,RandomForest,2,0,2,1,OR,0.014,22,0.8636363636363636
wavelet,RandomForest,2,0,2,1,OR,0.021,23,0.9565217391304348
wavelet,RandomForest,2,0,2,2,B,0.007,22,0.5909090909090909
wavelet,RandomForest,2,0,2,2,B,0.014,23,1.0
wavelet,RandomForest,2,0,2,2,B,0.021,22,0.2727272727272727
wavelet,RandomForest,2,0,2,2,IR,0.007,23,1.0
wavelet,RandomForest,2,0,2,2,IR,0.014,23,0.9565217391304348
wavelet,RandomForest,2,0,2,2,IR,0.021,22,0.7272727272727273
wavelet,RandomForest,2,0,2,2,Normal,0.0,47,1.0
wavelet,RandomForest,2,0,2,2,OR,0.007,22,1.0
wavelet,RandomForest,2,0,2,2,OR,0.014,23,1.0
wavelet,RandomForest,2,0,2,2,OR,0.021,22,0.9090909090909092
wavelet,RandomForest,2,0,2,3,B,0.007,23,0.4782608695652174
wavelet,RandomForest,2,0,2,3,B,0.014,22,1.0
wavelet,RandomForest,2,0,2,3,B,0.021,23,0.5217391304347826
wavelet,RandomForest,2,0,2,3,IR,0.007,22,1.0
wavelet,RandomForest,2,0,2,3,IR,0.014,22,0.9545454545454546
wavelet,RandomForest,2,0,2,3,IR,0.021,23,0.4347826086956521
wavelet,RandomForest,2,0,2,3,Normal,0.0,46,1.0
wavelet,RandomForest,2,0,2,3,OR,0.007,23,1.0
wavelet,RandomForest,2,0,2,3,OR,0.014,22,1.0
wavelet,RandomForest,2,0,2,3,OR,0.021,23,1.0
wavelet,RandomForest,2,0,2,4,B,0.007,22,0.5
wavelet,RandomForest,2,0,2,4,B,0.014,22,0.8181818181818182
wavelet,RandomForest,2,0,2,4,B,0.021,22,0.1818181818181818
wavelet,RandomForest,2,0,2,4,IR,0.007,22,1.0
wavelet,RandomForest,2,0,2,4,IR,0.014,22,0.8181818181818182
wavelet,RandomForest,2,0,2,4,IR,0.021,22,0.6363636363636364
wavelet,RandomForest,2,0,2,4,Normal,0.0,46,1.0
wavelet,RandomForest,2,0,2,4,OR,0.007,22,1.0
wavelet,RandomForest,2,0,2,4,OR,0.014,22,1.0
wavelet,RandomForest,2,0,2,4,OR,0.021,22,0.9545454545454546
wavelet,RandomForest,2,1,1,0,B,0.007,24,0.5
wavelet,RandomForest,2,1,1,0,B,0.014,24,0.9583333333333334
wavelet,RandomForest,2,1,1,0,B,0.021,24,0.9166666666666666
wavelet,RandomForest,2,1,1,0,IR,0.007,24,1.0
wavelet,RandomForest,2,1,1,0,IR,0.014,24,0.6666666666666666
wavelet,RandomForest,2,1,1,0,IR,0.021,24,1.0
wavelet,RandomForest,2,1,1,0,Normal,0.0,95,1.0
wavelet,RandomForest,2,1,1,0,OR,0.007,24,1.0
wavelet,RandomForest,2,1,1,0,OR,0.014,24,1.0
wavelet,RandomForest,2,1,1,0,OR,0.021,24,0.9583333333333334
wavelet,RandomForest,2,1,1,1,B,0.007,22,0.7727272727272727
wavelet,RandomForest,2,1,1,1,B,0.014,23,0.8695652173913043
wavelet,RandomForest,2,1,1,1,B,0.021,22,0.9545454545454546
wavelet,RandomForest,2,1,1,1,IR,0.007,23,1.0
wavelet,RandomForest,2,1,1,1,IR,0.014,22,0.6818181818181818
wavelet,RandomForest,2,1,1,1,IR,0.021,22,1.0
wavelet,RandomForest,2,1,1,1,Normal,0.0,93,1.0
wavelet,RandomForest,2,1,1,1,OR,0.007,23,0.9565217391304348
wavelet,RandomForest,2,1,1,1,OR,0.014,23,1.0
wavelet,RandomForest,2,1,1,1,OR,0.021,23,1.0
wavelet,RandomForest,2,1,1,2,B,0.007,23,0.5652173913043478
wavelet,RandomForest,2,1,1,2,B,0.014,22,0.8636363636363636
wavelet,RandomForest,2,1,1,2,B,0.021,23,0.9130434782608696
wavelet,RandomForest,2,1,1,2,IR,0.007,22,1.0
wavelet,RandomForest,2,1,1,2,IR,0.014,23,0.7391304347826086
wavelet,RandomForest,2,1,1,2,IR,0.021,23,1.0
wavelet,RandomForest,2,1,1,2,Normal,0.0,93,1.0
wavelet,RandomForest,2,1,1,2,OR,0.007,22,1.0
wavelet,RandomForest,2,1,1,2,OR,0.014,22,1.0
wavelet,RandomForest,2,1,1,2,OR,0.021,22,1.0
wavelet,RandomForest,2,1,1,3,B,0.007,22,0.8181818181818182
wavelet,RandomForest,2,1,1,3,B,0.014,23,1.0
wavelet,RandomForest,2,1,1,3,B,0.021,22,0.9545454545454546
wavelet,RandomForest,2,1,1,3,IR,0.007,23,1.0
wavelet,RandomForest,2,1,1,3,IR,0.014,22,0.5
wavelet,RandomForest,2,1,1,3,IR,0.021,22,1.0
wavelet,RandomForest,2,1,1,3,Normal,0.0,93,1.0
wavelet,RandomForest,2,1,1,3,OR,0.007,23,1.0
wavelet,RandomForest,2,1,1,3,OR,0.014,23,1.0
wavelet,RandomForest,2,1,1,3,OR,0.021,23,1.0
wavelet,RandomForest,2,1,1,4,B,0.007,22,0.8636363636363636
wavelet,RandomForest,2,1,1,4,B,0.014,22,0.9545454545454546
wavelet,RandomForest,2,1,1,4,B,0.021,22,0.7272727272727273
wavelet,RandomForest,2,1,1,4,IR,0.007,22,1.0
wavelet,RandomForest,2,1,1,4,IR,0.014,22,0.7727272727272727
wavelet,RandomForest,2,1,1,4,IR,0.021,22,1.0
wavelet,RandomForest,2,1,1,4,Normal,0.0,93,1.0
wavelet,RandomForest,2,1,1,4,OR,0.007,22,1.0
wavelet,RandomForest,2,1,1,4,OR,0.014,22,1.0
wavelet,RandomForest,2,1,1,4,OR,0.021,22,0.9090909090909092
wavelet,RandomForest,2,2,0,0,B,0.007,24,0.8333333333333334
wavelet,RandomForest,2,2,0,0,B,0.014,24,1.0
wavelet,RandomForest,2,2,0,0,B,0.021,24,1.0
wavelet,RandomForest,2,2,0,0,IR,0.007,24,0.9583333333333334
wavelet,RandomForest,2,2,0,0,IR,0.014,24,0.9166666666666666
wavelet,RandomForest,2,2,0,0,IR,0.021,24,1.0
wavelet,RandomForest,2,2,0,0,Normal,0.0,95,1.0
wavelet,RandomForest,2,2,0,0,OR,0.007,24,1.0
wavelet,RandomForest,2,2,0,0,OR,0.014,24,0.9583333333333334
wavelet,RandomForest,2,2,0,0,OR,0.021,24,0.9166666666666666
wavelet,RandomForest,2,2,0,1,B,0.007,22,0.9090909090909092
wavelet,RandomForest,2,2,0,1,B,0.014,23,0.9565217391304348
wavelet,RandomForest,2,2,0,1,B,0.021,23,1.0
wavelet,RandomForest,2,2,0,1,IR,0.007,23,1.0
wavelet,RandomForest,2,2,0,1,IR,0.014,22,0.8181818181818182
wavelet,RandomForest,2,2,0,1,IR,0.021,22,1.0
wavelet,RandomForest,2,2,0,1,Normal,0.0,93,1.0
wavelet,RandomForest,2,2,0,1,OR,0.007,22,1.0
wavelet,RandomForest,2,2,0,1,OR,0.014,22,1.0
wavelet,RandomForest,2,2,0,1,OR,0.021,23,1.0
wavelet,RandomForest,2,2,0,2,B,0.007,23,1.0
wavelet,RandomForest,2,2,0,2,B,0.014,22,1.0
wavelet,RandomForest,2,2,0,2,B,0.021,22,1.0
wavelet,RandomForest,2,2,0,2,IR,0.007,22,1.0
wavelet,RandomForest,2,2,0,2,IR,0.014,23,0.8695652173913043
wavelet,RandomForest,2,2,0,2,IR,0.021,23,1.0
wavelet,RandomForest,2,2,0,2,Normal,0.0,94,1.0
wavelet,RandomForest,2,2,0,2,OR,0.007,23,1.0
wavelet,RandomForest,2,2,0,2,OR,0.014,23,1.0
wavelet,RandomForest,2,2,0,2,OR,0.021,22,0.9545454545454546
wavelet,RandomForest,2,2,0,3,B,0.007,22,0.9545454545454546
wavelet,RandomForest,2,2,0,3,B,0.014,23,0.9565217391304348
wavelet,RandomForest,2,2,0,3,B,0.021,23,1.0
wavelet,RandomForest,2,2,0,3,IR,0.007,23,1.0
wavelet,RandomForest,2,2,0,3,IR,0.014,22,0.7272727272727273
wavelet,RandomForest,2,2,0,3,IR,0.021,22,1.0
wavelet,RandomForest,2,2,0,3,Normal,0.0,93,1.0
wavelet,RandomForest,2,2,0,3,OR,0.007,22,1.0
wavelet,RandomForest,2,2,0,3,OR,0.014,22,1.0
wavelet,RandomForest,2,2,0,3,OR,0.021,23,1.0
wavelet,RandomForest,2,2,0,4,B,0.007,22,0.9545454545454546
wavelet,RandomForest,2,2,0,4,B,0.014,22,1.0
wavelet,RandomForest,2,2,0,4,B,0.021,22,1.0
wavelet,RandomForest,2,2,0,4,IR,0.007,22,1.0
wavelet,RandomForest,2,2,0,4,IR,0.014,22,0.9090909090909092
wavelet,RandomForest,2,2,0,4,IR,0.021,22,1.0
wavelet,RandomForest,2,2,0,4,Normal,0.0,93,1.0
wavelet,RandomForest,2,2,0,4,OR,0.007,22,1.0
wavelet,RandomForest,2,2,0,4,OR,0.014,22,1.0
wavelet,RandomForest,2,2,0,4,OR,0.021,22,1.0
wavelet,RandomForest,2,3,1,0,B,0.007,24,0.5
wavelet,RandomForest,2,3,1,0,B,0.014,24,1.0
wavelet,RandomForest,2,3,1,0,B,0.021,24,1.0
wavelet,RandomForest,2,3,1,0,IR,0.007,24,1.0
wavelet,RandomForest,2,3,1,0,IR,0.014,24,0.8333333333333334
wavelet,RandomForest,2,3,1,0,IR,0.021,24,1.0
wavelet,RandomForest,2,3,1,0,Normal,0.0,95,1.0
wavelet,RandomForest,2,3,1,0,OR,0.007,24,1.0
wavelet,RandomForest,2,3,1,0,OR,0.014,24,0.75
wavelet,RandomForest,2,3,1,0,OR,0.021,24,0.9166666666666666
wavelet,RandomForest,2,3,1,1,B,0.007,22,0.6363636363636364
wavelet,RandomForest,2,3,1,1,B,0.014,23,1.0
wavelet,RandomForest,2,3,1,1,B,0.021,23,0.8695652173913043
wavelet,RandomForest,2,3,1,1,IR,0.007,23,0.9565217391304348
wavelet,RandomForest,2,3,1,1,IR,0.014,22,0.7727272727272727
wavelet,RandomForest,2,3,1,1,IR,0.021,23,1.0
wavelet,RandomForest,2,3,1,1,Normal,0.0,94,1.0
wavelet,RandomForest,2,3,1,1,OR,0.007,23,1.0
wavelet,RandomForest,2,3,1,1,OR,0.014,23,0.4782608695652174
wavelet,RandomForest,2,3,1,1,OR,0.021,23,0.9565217391304348
wavelet,RandomForest,2,3,1,2,B,0.007,23,0.391304347826087
wavelet,RandomForest,2,3,1,2,B,0.014,22,0.8636363636363636
wavelet,RandomForest,2,3,1,2,B,0.021,22,0.9090909090909092
wavelet,RandomForest,2,3,1,2,IR,0.007,23,0.9130434782608696
wavelet,RandomForest,2,3,1,2,IR,0.014,23,0.9130434782608696
wavelet,RandomForest,2,3,1,2,IR,0.021,22,1.0
wavelet,RandomForest,2,3,1,2,Normal,0.0,93,1.0
wavelet,RandomForest,2,3,1,2,OR,0.007,22,1.0
wavelet,RandomForest,2,3,1,2,OR,0.014,22,0.1363636363636363
wavelet,RandomForest,2,3,1,2,OR,0.021,22,1.0
wavelet,RandomForest,2,3,1,3,B,0.007,22,0.3181818181818182
wavelet,RandomForest,2,3,1,3,B,0.014,23,1.0
wavelet,RandomForest,2,3,1,3,B,0.021,23,0.9130434782608696
wavelet,RandomForest,2,3,1,3,IR,0.007,23,1.0
wavelet,RandomForest,2,3,1,3,IR,0.014,22,0.8181818181818182
wavelet,RandomForest,2,3,1,3,IR,0.021,23,1.0
wavelet,RandomForest,2,3,1,3,Normal,0.0,94,1.0
wavelet,RandomForest,2,3,1,3,OR,0.007,23,1.0
wavelet,RandomForest,2,3,1,3,OR,0.014,23,0.3478260869565217
wavelet,RandomForest,2,3,1,3,OR,0.021,23,1.0
wavelet,RandomForest,2,3,1,4,B,0.007,22,0.0909090909090909
wavelet,RandomForest,2,3,1,4,B,0.014,22,1.0
wavelet,RandomForest,2,3,1,4,B,0.021,22,0.9545454545454546
wavelet,RandomForest,2,3,1,4,IR,0.007,22,0.8636363636363636
wavelet,RandomForest,2,3,1,4,IR,0.014,22,0.8181818181818182
wavelet,RandomForest,2,3,1,4,IR,0.021,22,1.0
wavelet,RandomForest,2,3,1,4,Normal,0.0,93,1.0
wavelet,RandomForest,2,3,1,4,OR,0.007,22,1.0
wavelet,RandomForest,2,3,1,4,OR,0.014,22,0.2272727272727272
wavelet,RandomForest,2,3,1,4,OR,0.021,22,1.0
wavelet,RandomForest,3,0,3,0,B,0.007,24,1.0
wavelet,RandomForest,3,0,3,0,B,0.014,24,0.875
wavelet,RandomForest,3,0,3,0,B,0.021,24,1.0
wavelet,RandomForest,3,0,3,0,IR,0.007,24,1.0
wavelet,RandomForest,3,0,3,0,IR,0.014,24,0.625
wavelet,RandomForest,3,0,3,0,IR,0.021,24,0.2083333333333333
wavelet,RandomForest,3,0,3,0,Normal,0.0,48,1.0
wavelet,RandomForest,3,0,3,0,OR,0.007,24,1.0
wavelet,RandomForest,3,0,3,0,OR,0.014,24,1.0
wavelet,RandomForest,3,0,3,0,OR,0.021,24,0.9583333333333334
wavelet,RandomForest,3,0,3,1,B,0.007,23,0.9130434782608696
wavelet,RandomForest,3,0,3,1,B,0.014,22,0.9090909090909092
wavelet,RandomForest,3,0,3,1,B,0.021,23,0.6086956521739131
wavelet,RandomForest,3,0,3,1,IR,0.007,22,1.0
wavelet,RandomForest,3,0,3,1,IR,0.014,22,0.5909090909090909
wavelet,RandomForest,3,0,3,1,IR,0.021,23,0.4782608695652174
wavelet,RandomForest,3,0,3,1,Normal,0.0,46,1.0
wavelet,RandomForest,3,0,3,1,OR,0.007,23,1.0
wavelet,RandomForest,3,0,3,1,OR,0.014,22,1.0
wavelet,RandomForest,3,0,3,1,OR,0.021,23,0.9130434782608696
wavelet,RandomForest,3,0,3,2,B,0.007,22,1.0
wavelet,RandomForest,3,0,3,2,B,0.014,23,0.9130434782608696
wavelet,RandomForest,3,0,3,2,B,0.021,22,0.6363636363636364
wavelet,RandomForest,3,0,3,2,IR,0.007,23,1.0
wavelet,RandomForest,3,0,3,2,IR,0.014,23,0.391304347826087
wavelet,RandomForest,3,0,3,2,IR,0.021,22,0.5454545454545454
wavelet,RandomForest,3,0,3,2,Normal,0.0,47,1.0
wavelet,RandomForest,3,0,3,2,OR,0.007,22,1.0
wavelet,RandomForest,3,0,3,2,OR,0.014,23,1.0
wavelet,RandomForest,3,0,3,2,OR,0.021,22,0.9545454545454546
wavelet,RandomForest,3,0,3,3,B,0.007,23,0.8695652173913043
wavelet,RandomForest,3,0,3,3,B,0.014,22,1.0
wavelet,RandomForest,3,0,3,3,B,0.021,23,0.6086956521739131
wavelet,RandomForest,3,0,3,3,IR,0.007,22,1.0
wavelet,RandomForest,3,0,3,3,IR,0.014,22,0.4090909090909091
wavelet,RandomForest,3,0,3,3,IR,0.021,23,0.4782608695652174
wavelet,RandomForest,3,0,3,3,Normal,0.0,46,1.0
wavelet,RandomForest,3,0,3,3,OR,0.007,23,1.0
wavelet,RandomForest,3,0,3,3,OR,0.014,22,1.0
wavelet,RandomForest,3,0,3,3,OR,0.021,23,1.0
wavelet,RandomForest,3,0,3,4,B,0.007,22,0.7272727272727273
wavelet,RandomForest,3,0,3,4,B,0.014,22,0.8181818181818182
wavelet,RandomForest,3,0,3,4,B,0.021,22,0.9545454545454546
wavelet,RandomForest,3,0,3,4,IR,0.007,22,1.0
wavelet,RandomForest,3,0,3,4,IR,0.014,22,0.0909090909090909
wavelet,RandomForest,3,0,3,4,IR,0.021,22,0.8636363636363636
wavelet,RandomForest,3,0,3,4,Normal,0.0,46,1.0
wavelet,RandomForest,3,0,3,4,OR,0.007,22,1.0
wavelet,RandomForest,3,0,3,4,OR,0.014,22,1.0
wavelet,RandomForest,3,0,3,4,OR,0.021,22,0.9545454545454546
wavelet,RandomForest,3,1,2,0,B,0.007,24,0.9166666666666666
wavelet,RandomForest,3,1,2,0,B,0.014,24,0.9583333333333334
wavelet,RandomForest,3,1,2,0,B,0.021,24,0.9166666666666666
wavelet,RandomForest,3,1,2,0,IR,0.007,24,1.0
wavelet,RandomForest,3,1,2,0,IR,0.014,24,0.2916666666666667
wavelet,RandomForest,3,1,2,0,IR,0.021,24,0.8333333333333334
wavelet,RandomForest,3,1,2,0,Normal,0.0,95,1.0
wavelet,RandomForest,3,1,2,0,OR,0.007,24,1.0
wavelet,RandomForest,3,1,2,0,OR,0.014,24,1.0
wavelet,RandomForest,3,1,2,0,OR,0.021,24,0.9583333333333334
wavelet,RandomForest,3,1,2,1,B,0.007,22,1.0
wavelet,RandomForest,3,1,2,1,B,0.014,23,0.9130434782608696
wavelet,RandomForest,3,1,2,1,B,0.021,22,0.9090909090909092
wavelet,RandomForest,3,1,2,1,IR,0.007,23,1.0
wavelet,RandomForest,3,1,2,1,IR,0.014,22,0.0909090909090909
wavelet,RandomForest,3,1,2,1,IR,0.021,22,0.9545454545454546
wavelet,RandomForest,3,1,2,1,Normal,0.0,93,1.0
wavelet,RandomForest,3,1,2,1,OR,0.007,23,1.0
wavelet,RandomForest,3,1,2,1,OR,0.014,23,1.0
wavelet,RandomForest,3,1,2,1,OR,0.021,23,1.0
wavelet,RandomForest,3,1,2,2,B,0.007,23,1.0
wavelet,RandomForest,3,1,2,2,B,0.014,22,0.9090909090909092
wavelet,RandomForest,3,1,2,2,B,0.021,23,0.9565217391304348
wavelet,RandomForest,3,1,2,2,IR,0.007,22,1.0
wavelet,RandomForest,3,1,2,2,IR,0.014,23,0.0869565217391304
wavelet,RandomForest,3,1,2,2,IR,0.021,23,0.9130434782608696
wavelet,RandomForest,3,1,2,2,Normal,0.0,93,1.0
wavelet,RandomForest,3,1,2,2,OR,0.007,22,1.0
wavelet,RandomForest,3,1,2,2,OR,0.014,22,1.0
wavelet,RandomForest,3,1,2,2,OR,0.021,22,1.0
wavelet,RandomForest,3,1,2,3,B,0.007,22,1.0
wavelet,RandomForest,3,1,2,3,B,0.014,23,0.9565217391304348
wavelet,RandomForest,3,1,2,3,B,0.021,22,0.9090909090909092
wavelet,RandomForest,3,1,2,3,IR,0.007,23,1.0
wavelet,RandomForest,3,1,2,3,IR,0.014,22,0.0454545454545454
wavelet,RandomForest,3,1,2,3,IR,0.021,22,0.9545454545454546
wavelet,RandomForest,3,1,2,3,Normal,0.0,93,1.0
wavelet,RandomForest,3,1,2,3,OR,0.007,23,1.0
wavelet,RandomForest,3,1,2,3,OR,0.014,23,1.0
wavelet,RandomForest,3,1,2,3,OR,0.021,23,1.0
wavelet,RandomForest,3,1,2,4,B,0.007,22,1.0
wavelet,RandomForest,3,1,2,4,B,0.014,22,0.9545454545454546
wavelet,RandomForest,3,1,2,4,B,0.021,22,0.8181818181818182
wavelet,RandomForest,3,1,2,4,IR,0.007,22,1.0
wavelet,RandomForest,3,1,2,4,IR,0.014,22,0.2727272727272727
wavelet,RandomForest,3,1,2,4,IR,0.021,22,1.0
wavelet,RandomForest,3,1,2,4,Normal,0.0,93,1.0
wavelet,RandomForest,3,1,2,4,OR,0.007,22,1.0
wavelet,RandomForest,3,1,2,4,OR,0.014,22,1.0
wavelet,RandomForest,3,1,2,4,OR,0.021,22,0.9090909090909092
wavelet,RandomForest,3,2,1,0,B,0.007,24,0.9166666666666666
wavelet,RandomForest,3,2,1,0,B,0.014,24,1.0
wavelet,RandomForest,3,2,1,0,B,0.021,24,1.0
wavelet,RandomForest,3,2,1,0,IR,0.007,24,1.0
wavelet,RandomForest,3,2,1,0,IR,0.014,24,0.375
wavelet,RandomForest,3,2,1,0,IR,0.021,24,1.0
wavelet,RandomForest,3,2,1,0,Normal,0.0,95,1.0
wavelet,RandomForest,3,2,1,0,OR,0.007,24,1.0
wavelet,RandomForest,3,2,1,0,OR,0.014,24,0.9583333333333334
wavelet,RandomForest,3,2,1,0,OR,0.021,24,0.9583333333333334
wavelet,RandomForest,3,2,1,1,B,0.007,22,0.6818181818181818
wavelet,RandomForest,3,2,1,1,B,0.014,23,0.9565217391304348
wavelet,RandomForest,3,2,1,1,B,0.021,23,1.0
wavelet,RandomForest,3,2,1,1,IR,0.007,23,1.0
wavelet,RandomForest,3,2,1,1,IR,0.014,22,0.2727272727272727
wavelet,RandomForest,3,2,1,1,IR,0.021,22,1.0
wavelet,RandomForest,3,2,1,1,Normal,0.0,93,1.0
wavelet,RandomForest,3,2,1,1,OR,0.007,22,1.0
wavelet,RandomForest,3,2,1,1,OR,0.014,22,1.0
wavelet,RandomForest,3,2,1,1,OR,0.021,23,0.9565217391304348
wavelet,RandomForest,3,2,1,2,B,0.007,23,0.8695652173913043
wavelet,RandomForest,3,2,1,2,B,0.014,22,0.9545454545454546
wavelet,RandomForest,3,2,1,2,B,0.021,22,1.0
wavelet,RandomForest,3,2,1,2,IR,0.007,22,1.0
wavelet,RandomForest,3,2,1,2,IR,0.014,23,0.3043478260869565
wavelet,RandomForest,3,2,1,2,IR,0.021,23,1.0
wavelet,RandomForest,3,2,1,2,Normal,0.0,94,1.0
wavelet,RandomForest,3,2,1,2,OR,0.007,23,1.0
wavelet,RandomForest,3,2,1,2,OR,0.014,23,1.0
wavelet,RandomForest,3,2,1,2,OR,0.021,22,1.0
wavelet,RandomForest,3,2,1,3,B,0.007,22,0.8636363636363636
wavelet,RandomForest,3,2,1,3,B,0.014,23,0.9565217391304348
wavelet,RandomForest,3,2,1,3,B,0.021,23,1.0
wavelet,RandomForest,3,2,1,3,IR,0.007,23,1.0
wavelet,RandomForest,3,2,1,3,IR,0.014,22,0.1818181818181818
wavelet,RandomForest,3,2,1,3,IR,0.021,22,0.9545454545454546
wavelet,RandomForest,3,2,1,3,Normal,0.0,93,1.0
wavelet,RandomForest,3,2,1,3,OR,0.007,22,1.0
wavelet,RandomForest,3,2,1,3,OR,0.014,22,1.0
wavelet,RandomForest,3,2,1,3,OR,0.021,23,1.0
wavelet,RandomForest,3,2,1,4,B,0.007,22,1.0
wavelet,RandomForest,3,2,1,4,B,0.014,22,1.0
wavelet,RandomForest,3,2,1,4,B,0.021,22,1.0
wavelet,RandomForest,3,2,1,4,IR,0.007,22,1.0
wavelet,RandomForest,3,2,1,4,IR,0.014,22,0.4090909090909091
wavelet,RandomForest,3,2,1,4,IR,0.021,22,0.9545454545454546
wavelet,RandomForest,3,2,1,4,Normal,0.0,93,1.0
wavelet,RandomForest,3,2,1,4,OR,0.007,22,1.0
wavelet,RandomForest,3,2,1,4,OR,0.014,22,1.0
wavelet,RandomForest,3,2,1,4,OR,0.021,22,1.0
wavelet,RandomForest,3,3,0,0,B,0.007,24,1.0
wavelet,RandomForest,3,3,0,0,B,0.014,24,1.0
wavelet,RandomForest,3,3,0,0,B,0.021,24,1.0
wavelet,RandomForest,3,3,0,0,IR,0.007,24,1.0
wavelet,RandomForest,3,3,0,0,IR,0.014,24,1.0
wavelet,RandomForest,3,3,0,0,IR,0.021,24,1.0
wavelet,RandomForest,3,3,0,0,Normal,0.0,95,1.0
wavelet,RandomForest,3,3,0,0,OR,0.007,24,1.0
wavelet,RandomForest,3,3,0,0,OR,0.014,24,1.0
wavelet,RandomForest,3,3,0,0,OR,0.021,24,1.0
wavelet,RandomForest,3,3,0,1,B,0.007,22,1.0
wavelet,RandomForest,3,3,0,1,B,0.014,23,1.0
wavelet,RandomForest,3,3,0,1,B,0.021,23,1.0
wavelet,RandomForest,3,3,0,1,IR,0.007,23,1.0
wavelet,RandomForest,3,3,0,1,IR,0.014,22,1.0
wavelet,RandomForest,3,3,0,1,IR,0.021,23,1.0
wavelet,RandomForest,3,3,0,1,Normal,0.0,94,1.0
wavelet,RandomForest,3,3,0,1,OR,0.007,23,1.0
wavelet,RandomForest,3,3,0,1,OR,0.014,23,1.0
wavelet,RandomForest,3,3,0,1,OR,0.021,23,1.0
wavelet,RandomForest,3,3,0,2,B,0.007,23,0.9565217391304348
wavelet,RandomForest,3,3,0,2,B,0.014,22,0.8636363636363636
wavelet,RandomForest,3,3,0,2,B,0.021,22,1.0
wavelet,RandomForest,3,3,0,2,IR,0.007,23,1.0
wavelet,RandomForest,3,3,0,2,IR,0.014,23,1.0
wavelet,RandomForest,3,3,0,2,IR,0.021,22,1.0
wavelet,RandomForest,3,3,0,2,Normal,0.0,93,1.0
wavelet,RandomForest,3,3,0,2,OR,0.007,22,1.0
wavelet,RandomForest,3,3,0,2,OR,0.014,22,0.9545454545454546
wavelet,RandomForest,3,3,0,2,OR,0.021,22,1.0
wavelet,RandomForest,3,3,0,3,B,0.007,22,1.0
wavelet,RandomForest,3,3,0,3,B,0.014,23,1.0
wavelet,RandomForest,3,3,0,3,B,0.021,23,1.0
wavelet,RandomForest,3,3,0,3,IR,0.007,23,1.0
wavelet,RandomForest,3,3,0,3,IR,0.014,22,1.0
wavelet,RandomForest,3,3,0,3,IR,0.021,23,1.0
wavelet,RandomForest,3,3,0,3,Normal,0.0,94,1.0
wavelet,RandomForest,3,3,0,3,OR,0.007,23,1.0
wavelet,RandomForest,3,3,0,3,OR,0.014,23,1.0
wavelet,RandomForest,3,3,0,3,OR,0.021,23,1.0
wavelet,RandomForest,3,3,0,4,B,0.007,22,1.0
wavelet,RandomForest,3,3,0,4,B,0.014,22,1.0
wavelet,RandomForest,3,3,0,4,B,0.021,22,1.0
wavelet,RandomForest,3,3,0,4,IR,0.007,22,1.0
wavelet,RandomForest,3,3,0,4,IR,0.014,22,1.0
wavelet,RandomForest,3,3,0,4,IR,0.021,22,1.0
wavelet,RandomForest,3,3,0,4,Normal,0.0,93,1.0
wavelet,RandomForest,3,3,0,4,OR,0.007,22,1.0
wavelet,RandomForest,3,3,0,4,OR,0.014,22,1.0
wavelet,RandomForest,3,3,0,4,OR,0.021,22,1.0
wavelet,MLP,0,0,0,0,B,0.007,24,1.0
wavelet,MLP,0,0,0,0,B,0.014,24,0.9583333333333334
wavelet,MLP,0,0,0,0,B,0.021,24,0.9583333333333334
wavelet,MLP,0,0,0,0,IR,0.007,24,1.0
wavelet,MLP,0,0,0,0,IR,0.014,24,0.9166666666666666
wavelet,MLP,0,0,0,0,IR,0.021,24,0.9583333333333334
wavelet,MLP,0,0,0,0,Normal,0.0,48,1.0
wavelet,MLP,0,0,0,0,OR,0.007,24,1.0
wavelet,MLP,0,0,0,0,OR,0.014,24,1.0
wavelet,MLP,0,0,0,0,OR,0.021,24,0.9583333333333334
wavelet,MLP,0,0,0,1,B,0.007,23,0.8695652173913043
wavelet,MLP,0,0,0,1,B,0.014,22,0.9090909090909092
wavelet,MLP,0,0,0,1,B,0.021,23,0.8695652173913043
wavelet,MLP,0,0,0,1,IR,0.007,22,1.0
wavelet,MLP,0,0,0,1,IR,0.014,22,0.8181818181818182
wavelet,MLP,0,0,0,1,IR,0.021,23,1.0
wavelet,MLP,0,0,0,1,Normal,0.0,46,1.0
wavelet,MLP,0,0,0,1,OR,0.007,23,0.9130434782608696
wavelet,MLP,0,0,0,1,OR,0.014,22,1.0
wavelet,MLP,0,0,0,1,OR,0.021,23,0.9565217391304348
wavelet,MLP,0,0,0,2,B,0.007,22,1.0
wavelet,MLP,0,0,0,2,B,0.014,23,0.9130434782608696
wavelet,MLP,0,0,0,2,B,0.021,22,0.8636363636363636
wavelet,MLP,0,0,0,2,IR,0.007,23,1.0
wavelet,MLP,0,0,0,2,IR,0.014,23,1.0
wavelet,MLP,0,0,0,2,IR,0.021,22,1.0
wavelet,MLP,0,0,0,2,Normal,0.0,47,1.0
wavelet,MLP,0,0,0,2,OR,0.007,22,1.0
wavelet,MLP,0,0,0,2,OR,0.014,23,0.9565217391304348
wavelet,MLP,0,0,0,2,OR,0.021,22,0.8636363636363636
wavelet,MLP,0,0,0,3,B,0.007,23,0.8695652173913043
wavelet,MLP,0,0,0,3,B,0.014,22,1.0
wavelet,MLP,0,0,0,3,B,0.021,23,0.8695652173913043
wavelet,MLP,0,0,0,3,IR,0.007,22,1.0
wavelet,MLP,0,0,0,3,IR,0.014,22,0.9090909090909092
wavelet,MLP,0,0,0,3,IR,0.021,23,0.9565217391304348
wavelet,MLP,0,0,0,3,Normal,0.0,46,1.0
wavelet,MLP,0,0,0,3,OR,0.007,23,1.0
wavelet,MLP,0,0,0,3,OR,0.014,22,1.0
wavelet,MLP,0,0,0,3,OR,0.021,23,1.0
wavelet,MLP,0,0,0,4,B,0.007,22,0.9545454545454546
wavelet,MLP,0,0,0,4,B,0.014,22,0.9090909090909092
wavelet,MLP,0,0,0,4,B,0.021,22,0.9545454545454546
wavelet,MLP,0,0,0,4,IR,0.007,22,1.0
wavelet,MLP,0,0,0,4,IR,0.014,22,0.8636363636363636
wavelet,MLP,0,0,0,4,IR,0.021,22,1.0
wavelet,MLP,0,0,0,4,Normal,0.0,46,1.0
wavelet,MLP,0,0,0,4,OR,0.007,22,1.0
wavelet,MLP,0,0,0,4,OR,0.014,22,1.0
wavelet,MLP,0,0,0,4,OR,0.021,22,0.9545454545454546
wavelet,MLP,0,1,1,0,B,0.007,24,0.4583333333333333
wavelet,MLP,0,1,1,0,B,0.014,24,0.5
wavelet,MLP,0,1,1,0,B,0.021,24,0.875
wavelet,MLP,0,1,1,0,IR,0.007,24,1.0
wavelet,MLP,0,1,1,0,IR,0.014,24,0.7916666666666666
wavelet,MLP,0,1,1,0,IR,0.021,24,1.0
wavelet,MLP,0,1,1,0,Normal,0.0,95,1.0
wavelet,MLP,0,1,1,0,OR,0.007,24,1.0
wavelet,MLP,0,1,1,0,OR,0.014,24,0.9583333333333334
wavelet,MLP,0,1,1,0,OR,0.021,24,0.9583333333333334
wavelet,MLP,0,1,1,1,B,0.007,22,0.9090909090909092
wavelet,MLP,0,1,1,1,B,0.014,23,0.9565217391304348
wavelet,MLP,0,1,1,1,B,0.021,22,1.0
wavelet,MLP,0,1,1,1,IR,0.007,23,1.0
wavelet,MLP,0,1,1,1,IR,0.014,22,0.1363636363636363
wavelet,MLP,0,1,1,1,IR,0.021,22,0.9545454545454546
wavelet,MLP,0,1,1,1,Normal,0.0,93,1.0
wavelet,MLP,0,1,1,1,OR,0.007,23,0.9130434782608696
wavelet,MLP,0,1,1,1,OR,0.014,23,0.9565217391304348
wavelet,MLP,0,1,1,1,OR,0.021,23,0.9565217391304348
wavelet,MLP,0,1,1,2,B,0.007,23,0.8260869565217391
wavelet,MLP,0,1,1,2,B,0.014,22,0.8181818181818182
wavelet,MLP,0,1,1,2,B,0.021,23,0.9565217391304348
wavelet,MLP,0,1,1,2,IR,0.007,22,1.0
wavelet,MLP,0,1,1,2,IR,0.014,23,0.4782608695652174
wavelet,MLP,0,1,1,2,IR,0.021,23,1.0
wavelet,MLP,0,1,1,2,Normal,0.0,93,1.0
wavelet,MLP,0,1,1,2,OR,0.007,22,1.0
wavelet,MLP,0,1,1,2,OR,0.014,22,0.8636363636363636
wavelet,MLP,0,1,1,2,OR,0.021,22,1.0
wavelet,MLP,0,1,1,3,B,0.007,22,0.8636363636363636
wavelet,MLP,0,1,1,3,B,0.014,23,1.0
wavelet,MLP,0,1,1,3,B,0.021,22,1.0
wavelet,MLP,0,1,1,3,IR,0.007,23,1.0
wavelet,MLP,0,1,1,3,IR,0.014,22,0.1363636363636363
wavelet,MLP,0,1,1,3,IR,0.021,22,0.9545454545454546
wavelet,MLP,0,1,1,3,Normal,0.0,93,1.0
wavelet,MLP,0,1,1,3,OR,0.007,23,1.0
wavelet,MLP,0,1,1,3,OR,0.014,23,0.9565217391304348
wavelet,MLP,0,1,1,3,OR,0.021,23,0.9130434782608696
wavelet,MLP,0,1,1,4,B,0.007,22,0.7727272727272727
wavelet,MLP,0,1,1,4,B,0.014,22,0.9545454545454546
wavelet,MLP,0,1,1,4,B,0.021,22,0.8636363636363636
wavelet,MLP,0,1,1,4,IR,0.007,22,1.0
wavelet,MLP,0,1,1,4,IR,0.014,22,0.3636363636363636
wavelet,MLP,0,1,1,4,IR,0.021,22,1.0
wavelet,MLP,0,1,1,4,Normal,0.0,93,0.978494623655914
wavelet,MLP,0,1,1,4,OR,0.007,22,1.0
wavelet,MLP,0,1,1,4,OR,0.014,22,0.9545454545454546
wavelet,MLP,0,1,1,4,OR,0.021,22,0.9090909090909092
wavelet,MLP,0,2,2,0,B,0.007,24,1.0
wavelet,MLP,0,2,2,0,B,0.014,24,0.9166666666666666
wavelet,MLP,0,2,2,0,B,0.021,24,1.0
wavelet,MLP,0,2,2,0,IR,0.007,24,0.9583333333333334
wavelet,MLP,0,2,2,0,IR,0.014,24,0.2083333333333333
wavelet,MLP,0,2,2,0,IR,0.021,24,1.0
wavelet,MLP,0,2,2,0,Normal,0.0,95,1.0
wavelet,MLP,0,2,2,0,OR,0.007,24,1.0
wavelet,MLP,0,2,2,0,OR,0.014,24,0.875
wavelet,MLP,0,2,2,0,OR,0.021,24,0.8333333333333334
wavelet,MLP,0,2,2,1,B,0.007,22,1.0
wavelet,MLP,0,2,2,1,B,0.014,23,0.9565217391304348
wavelet,MLP,0,2,2,1,B,0.021,23,1.0
wavelet,MLP,0,2,2,1,IR,0.007,23,1.0
wavelet,MLP,0,2,2,1,IR,0.014,22,0.4090909090909091
wavelet,MLP,0,2,2,1,IR,0.021,22,1.0
wavelet,MLP,0,2,2,1,Normal,0.0,93,0.956989247311828
wavelet,MLP,0,2,2,1,OR,0.007,22,1.0
wavelet,MLP,0,2,2,1,OR,0.014,22,0.8181818181818182
wavelet,MLP,0,2,2,1,OR,0.021,23,0.9565217391304348
wavelet,MLP,0,2,2,2,B,0.007,23,0.9130434782608696
wavelet,MLP,0,2,2,2,B,0.014,22,1.0
wavelet,MLP,0,2,2,2,B,0.021,22,1.0
wavelet,MLP,0,2,2,2,IR,0.007,22,1.0
wavelet,MLP,0,2,2,2,IR,0.014,23,0.217391304347826
wavelet,MLP,0,2,2,2,IR,0.021,23,1.0
wavelet,MLP,0,2,2,2,Normal,0.0,94,0.9574468085106383
wavelet,MLP,0,2,2,2,OR,0.007,23,1.0
wavelet,MLP,0,2,2,2,OR,0.014,23,0.8260869565217391
wavelet,MLP,0,2,2,2,OR,0.021,22,0.6818181818181818
wavelet,MLP,0,2,2,3,B,0.007,22,1.0
wavelet,MLP,0,2,2,3,B,0.014,23,1.0
wavelet,MLP,0,2,2,3,B,0.021,23,1.0
wavelet,MLP,0,2,2,3,IR,0.007,23,1.0
wavelet,MLP,0,2,2,3,IR,0.014,22,0.0909090909090909
wavelet,MLP,0,2,2,3,IR,0.021,22,0.9545454545454546
wavelet,MLP,0,2,2,3,Normal,0.0,93,1.0
wavelet,MLP,0,2,2,3,OR,0.007,22,1.0
wavelet,MLP,0,2,2,3,OR,0.014,22,0.8636363636363636
wavelet,MLP,0,2,2,3,OR,0.021,23,0.9565217391304348
wavelet,MLP,0,2,2,4,B,0.007,22,1.0
wavelet,MLP,0,2,2,4,B,0.014,22,1.0
wavelet,MLP,0,2,2,4,B,0.021,22,1.0
wavelet,MLP,0,2,2,4,IR,0.007,22,1.0
wavelet,MLP,0,2,2,4,IR,0.014,22,0.5454545454545454
wavelet,MLP,0,2,2,4,IR,0.021,22,0.9545454545454546
wavelet,MLP,0,2,2,4,Normal,0.0,93,0.978494623655914
wavelet,MLP,0,2,2,4,OR,0.007,22,1.0
wavelet,MLP,0,2,2,4,OR,0.014,22,1.0
wavelet,MLP,0,2,2,4,OR,0.021,22,0.9545454545454546
wavelet,MLP,0,3,3,0,B,0.007,24,1.0
wavelet,MLP,0,3,3,0,B,0.014,24,0.9166666666666666
wavelet,MLP,0,3,3,0,B,0.021,24,0.7083333333333334
wavelet,MLP,0,3,3,0,IR,0.007,24,0.4583333333333333
wavelet,MLP,0,3,3,0,IR,0.014,24,0.1666666666666666
wavelet,MLP,0,3,3,0,IR,0.021,24,1.0
wavelet,MLP,0,3,3,0,Normal,0.0,95,0.9789473684210528
wavelet,MLP,0,3,3,0,OR,0.007,24,1.0
wavelet,MLP,0,3,3,0,OR,0.014,24,0.75
wavelet,MLP,0,3,3,0,OR,0.021,24,0.8333333333333334
wavelet,MLP,0,3,3,1,B,0.007,22,0.9545454545454546
wavelet,MLP,0,3,3,1,B,0.014,23,1.0
wavelet,MLP,0,3,3,1,B,0.021,23,0.217391304347826
wavelet,MLP,0,3,3,1,IR,0.007,23,0.782608695652174
wavelet,MLP,0,3,3,1,IR,0.014,22,0.4545454545454545
wavelet,MLP,0,3,3,1,IR,0.021,23,1.0
wavelet,MLP,0,3,3,1,Normal,0.0,94,0.8085106382978723
wavelet,MLP,0,3,3,1,OR,0.007,23,0.9130434782608696
wavelet,MLP,0,3,3,1,OR,0.014,23,0.782608695652174
wavelet,MLP,0,3,3,1,OR,0.021,23,0.9130434782608696
wavelet,MLP,0,3,3,2,B,0.007,23,1.0
wavelet,MLP,0,3,3,2,B,0.014,22,1.0
wavelet,MLP,0,3,3,2,B,0.021,22,0.4090909090909091
wavelet,MLP,0,3,3,2,IR,0.007,23,0.4782608695652174
wavelet,MLP,0,3,3,2,IR,0.014,23,0.391304347826087
wavelet,MLP,0,3,3,2,IR,0.021,22,1.0
wavelet,MLP,0,3,3,2,Normal,0.0,93,0.6881720430107527
wavelet,MLP,0,3,3,2,OR,0.007,22,0.9545454545454546
wavelet,MLP,0,3,3,2,OR,0.014,22,0.8181818181818182
wavelet,MLP,0,3,3,2,OR,0.021,22,0.6818181818181818
wavelet,MLP,0,3,3,3,B,0.007,22,0.9545454545454546
wavelet,MLP,0,3,3,3,B,0.014,23,1.0
wavelet,MLP,0,3,3,3,B,0.021,23,0.6086956521739131
wavelet,MLP,0,3,3,3,IR,0.007,23,0.9130434782608696
wavelet,MLP,0,3,3,3,IR,0.014,22,0.2727272727272727
wavelet,MLP,0,3,3,3,IR,0.021,23,1.0
wavelet,MLP,0,3,3,3,Normal,0.0,94,0.9893617021276596
wavelet,MLP,0,3,3,3,OR,0.007,23,1.0
wavelet,MLP,0,3,3,3,OR,0.014,23,0.7391304347826086
wavelet,MLP,0,3,3,3,OR,0.021,23,0.8260869565217391
wavelet,MLP,0,3,3,4,B,0.007,22,1.0
wavelet,MLP,0,3,3,4,B,0.014,22,1.0
wavelet,MLP,0,3,3,4,B,0.021,22,0.2272727272727272
wavelet,MLP,0,3,3,4,IR,0.007,22,0.9090909090909092
wavelet,MLP,0,3,3,4,IR,0.014,22,0.5
wavelet,MLP,0,3,3,4,IR,0.021,22,1.0
wavelet,MLP,0,3,3,4,Normal,0.0,93,0.946236559139785
wavelet,MLP,0,3,3,4,OR,0.007,22,1.0
wavelet,MLP,0,3,3,4,OR,0.014,22,0.8636363636363636
wavelet,MLP,0,3,3,4,OR,0.021,22,0.9545454545454546
wavelet,MLP,1,0,1,0,B,0.007,24,0.8333333333333334
wavelet,MLP,1,0,1,0,B,0.014,24,0.6666666666666666
wavelet,MLP,1,0,1,0,B,0.021,24,0.5416666666666666
wavelet,MLP,1,0,1,0,IR,0.007,24,1.0
wavelet,MLP,1,0,1,0,IR,0.014,24,0.3333333333333333
wavelet,MLP,1,0,1,0,IR,0.021,24,0.4166666666666667
wavelet,MLP,1,0,1,0,Normal,0.0,48,1.0
wavelet,MLP,1,0,1,0,OR,0.007,24,1.0
wavelet,MLP,1,0,1,0,OR,0.014,24,0.9583333333333334
wavelet,MLP,1,0,1,0,OR,0.021,24,1.0
wavelet,MLP,1,0,1,1,B,0.007,23,0.6086956521739131
wavelet,MLP,1,0,1,1,B,0.014,22,0.9090909090909092
wavelet,MLP,1,0,1,1,B,0.021,23,0.1739130434782608
wavelet,MLP,1,0,1,1,IR,0.007,22,1.0
wavelet,MLP,1,0,1,1,IR,0.014,22,0.8636363636363636
wavelet,MLP,1,0,1,1,IR,0.021,23,0.1304347826086956
wavelet,MLP,1,0,1,1,Normal,0.0,46,1.0
wavelet,MLP,1,0,1,1,OR,0.007,23,1.0
wavelet,MLP,1,0,1,1,OR,0.014,22,0.4545454545454545
wavelet,MLP,1,0,1,1,OR,0.021,23,1.0
wavelet,MLP,1,0,1,2,B,0.007,22,1.0
wavelet,MLP,1,0,1,2,B,0.014,23,0.9565217391304348
wavelet,MLP,1,0,1,2,B,0.021,22,0.2727272727272727
wavelet,MLP,1,0,1,2,IR,0.007,23,1.0
wavelet,MLP,1,0,1,2,IR,0.014,23,0.5652173913043478
wavelet,MLP,1,0,1,2,IR,0.021,22,0.6363636363636364
wavelet,MLP,1,0,1,2,Normal,0.0,47,0.9787234042553192
wavelet,MLP,1,0,1,2,OR,0.007,22,1.0
wavelet,MLP,1,0,1,2,OR,0.014,23,0.8695652173913043
wavelet,MLP,1,0,1,2,OR,0.021,22,1.0
wavelet,MLP,1,0,1,3,B,0.007,23,0.9130434782608696
wavelet,MLP,1,0,1,3,B,0.014,22,0.9545454545454546
wavelet,MLP,1,0,1,3,B,0.021,23,0.391304347826087
wavelet,MLP,1,0,1,3,IR,0.007,22,1.0
wavelet,MLP,1,0,1,3,IR,0.014,22,0.9545454545454546
wavelet,MLP,1,0,1,3,IR,0.021,23,0.3043478260869565
wavelet,MLP,1,0,1,3,Normal,0.0,46,1.0
wavelet,MLP,1,0,1,3,OR,0.007,23,1.0
wavelet,MLP,1,0,1,3,OR,0.014,22,0.7272727272727273
wavelet,MLP,1,0,1,3,OR,0.021,23,1.0
wavelet,MLP,1,0,1,4,B,0.007,22,0.9545454545454546
wavelet,MLP,1,0,1,4,B,0.014,22,0.8181818181818182
wavelet,MLP,1,0,1,4,B,0.021,22,0.4545454545454545
wavelet,MLP,1,0,1,4,IR,0.007,22,1.0
wavelet,MLP,1,0,1,4,IR,0.014,22,0.7727272727272727
wavelet,MLP,1,0,1,4,IR,0.021,22,0.2727272727272727
wavelet,MLP,1,0,1,4,Normal,0.0,46,0.782608695652174
wavelet,MLP,1,0,1,4,OR,0.007,22,1.0
wavelet,MLP,1,0,1,4,OR,0.014,22,0.9090909090909092
wavelet,MLP,1,0,1,4,OR,0.021,22,1.0
wavelet,MLP,1,1,0,0,B,0.007,24,0.5416666666666666
wavelet,MLP,1,1,0,0,B,0.014,24,1.0
wavelet,MLP,1,1,0,0,B,0.021,24,0.9166666666666666
wavelet,MLP,1,1,0,0,IR,0.007,24,1.0
wavelet,MLP,1,1,0,0,IR,0.014,24,0.7916666666666666
wavelet,MLP,1,1,0,0,IR,0.021,24,0.9583333333333334
wavelet,MLP,1,1,0,0,Normal,0.0,95,1.0
wavelet,MLP,1,1,0,0,OR,0.007,24,1.0
wavelet,MLP,1,1,0,0,OR,0.014,24,1.0
wavelet,MLP,1,1,0,0,OR,0.021,24,0.9583333333333334
wavelet,MLP,1,1,0,1,B,0.007,22,0.9545454545454546
wavelet,MLP,1,1,0,1,B,0.014,23,0.9565217391304348
wavelet,MLP,1,1,0,1,B,0.021,22,0.9545454545454546
wavelet,MLP,1,1,0,1,IR,0.007,23,1.0
wavelet,MLP,1,1,0,1,IR,0.014,22,0.4090909090909091
wavelet,MLP,1,1,0,1,IR,0.021,22,1.0
wavelet,MLP,1,1,0,1,Normal,0.0,93,1.0
wavelet,MLP,1,1,0,1,OR,0.007,23,1.0
wavelet,MLP,1,1,0,1,OR,0.014,23,1.0
wavelet,MLP,1,1,0,1,OR,0.021,23,1.0
wavelet,MLP,1,1,0,2,B,0.007,23,1.0
wavelet,MLP,1,1,0,2,B,0.014,22,0.9090909090909092
wavelet,MLP,1,1,0,2,B,0.021,23,0.9130434782608696
wavelet,MLP,1,1,0,2,IR,0.007,22,1.0
wavelet,MLP,1,1,0,2,IR,0.014,23,0.6521739130434783
wavelet,MLP,1,1,0,2,IR,0.021,23,1.0
wavelet,MLP,1,1,0,2,Normal,0.0,93,1.0
wavelet,MLP,1,1,0,2,OR,0.007,22,1.0
wavelet,MLP,1,1,0,2,OR,0.014,22,1.0
wavelet,MLP,1,1,0,2,OR,0.021,22,1.0
wavelet,MLP,1,1,0,3,B,0.007,22,1.0
wavelet,MLP,1,1,0,3,B,0.014,23,1.0
wavelet,MLP,1,1,0,3,B,0.021,22,1.0
wavelet,MLP,1,1,0,3,IR,0.007,23,1.0
wavelet,MLP,1,1,0,3,IR,0.014,22,0.6363636363636364
wavelet,MLP,1,1,0,3,IR,0.021,22,1.0
wavelet,MLP,1,1,0,3,Normal,0.0,93,1.0
wavelet,MLP,1,1,0,3,OR,0.007,23,1.0
wavelet,MLP,1,1,0,3,OR,0.014,23,1.0
wavelet,MLP,1,1,0,3,OR,0.021,23,0.9565217391304348
wavelet,MLP,1,1,0,4,B,0.007,22,0.8636363636363636
wavelet,MLP,1,1,0,4,B,0.014,22,1.0
wavelet,MLP,1,1,0,4,B,0.021,22,0.8181818181818182
wavelet,MLP,1,1,0,4,IR,0.007,22,1.0
wavelet,MLP,1,1,0,4,IR,0.014,22,0.9545454545454546
wavelet,MLP,1,1,0,4,IR,0.021,22,1.0
wavelet,MLP,1,1,0,4,Normal,0.0,93,1.0
wavelet,MLP,1,1,0,4,OR,0.007,22,1.0
wavelet,MLP,1,1,0,4,OR,0.014,22,0.9545454545454546
wavelet,MLP,1,1,0,4,OR,0.021,22,0.9545454545454546
wavelet,MLP,1,2,1,0,B,0.007,24,0.6666666666666666
wavelet,MLP,1,2,1,0,B,0.014,24,1.0
wavelet,MLP,1,2,1,0,B,0.021,24,0.9583333333333334
wavelet,MLP,1,2,1,0,IR,0.007,24,1.0
wavelet,MLP,1,2,1,0,IR,0.014,24,0.7916666666666666
wavelet,MLP,1,2,1,0,IR,0.021,24,1.0
wavelet,MLP,1,2,1,0,Normal,0.0,95,1.0
wavelet,MLP,1,2,1,0,OR,0.007,24,1.0
wavelet,MLP,1,2,1,0,OR,0.014,24,0.9166666666666666
wavelet,MLP,1,2,1,0,OR,0.021,24,0.875
wavelet,MLP,1,2,1,1,B,0.007,22,0.5454545454545454
wavelet,MLP,1,2,1,1,B,0.014,23,0.9565217391304348
wavelet,MLP,1,2,1,1,B,0.021,23,1.0
wavelet,MLP,1,2,1,1,IR,0.007,23,1.0
wavelet,MLP,1,2,1,1,IR,0.014,22,0.7727272727272727
wavelet,MLP,1,2,1,1,IR,0.021,22,1.0
wavelet,MLP,1,2,1,1,Normal,0.0,93,0.989247311827957
wavelet,MLP,1,2,1,1,OR,0.007,22,1.0
wavelet,MLP,1,2,1,1,OR,0.014,22,0.9545454545454546
wavelet,MLP,1,2,1,1,OR,0.021,23,1.0
wavelet,MLP,1,2,1,2,B,0.007,23,0.9130434782608696
wavelet,MLP,1,2,1,2,B,0.014,22,1.0
wavelet,MLP,1,2,1,2,B,0.021,22,1.0
wavelet,MLP,1,2,1,2,IR,0.007,22,1.0
wavelet,MLP,1,2,1,2,IR,0.014,23,0.6956521739130435
wavelet,MLP,1,2,1,2,IR,0.021,23,1.0
wavelet,MLP,1,2,1,2,Normal,0.0,94,0.946808510638298
wavelet,MLP,1,2,1,2,OR,0.007,23,1.0
wavelet,MLP,1,2,1,2,OR,0.014,23,1.0
wavelet,MLP,1,2,1,2,OR,0.021,22,0.9090909090909092
wavelet,MLP,1,2,1,3,B,0.007,22,0.9545454545454546
wavelet,MLP,1,2,1,3,B,0.014,23,1.0
wavelet,MLP,1,2,1,3,B,0.021,23,1.0
wavelet,MLP,1,2,1,3,IR,0.007,23,1.0
wavelet,MLP,1,2,1,3,IR,0.014,22,0.4545454545454545
wavelet,MLP,1,2,1,3,IR,0.021,22,1.0
wavelet,MLP,1,2,1,3,Normal,0.0,93,0.989247311827957
wavelet,MLP,1,2,1,3,OR,0.007,22,1.0
wavelet,MLP,1,2,1,3,OR,0.014,22,1.0
wavelet,MLP,1,2,1,3,OR,0.021,23,0.8260869565217391
wavelet,MLP,1,2,1,4,B,0.007,22,0.9545454545454546
wavelet,MLP,1,2,1,4,B,0.014,22,1.0
wavelet,MLP,1,2,1,4,B,0.021,22,1.0
wavelet,MLP,1,2,1,4,IR,0.007,22,1.0
wavelet,MLP,1,2,1,4,IR,0.014,22,0.6818181818181818
wavelet,MLP,1,2,1,4,IR,0.021,22,1.0
wavelet,MLP,1,2,1,4,Normal,0.0,93,0.978494623655914
wavelet,MLP,1,2,1,4,OR,0.007,22,1.0
wavelet,MLP,1,2,1,4,OR,0.014,22,0.7727272727272727
wavelet,MLP,1,2,1,4,OR,0.021,22,1.0
wavelet,MLP,1,3,2,0,B,0.007,24,0.875
wavelet,MLP,1,3,2,0,B,0.014,24,0.9166666666666666
wavelet,MLP,1,3,2,0,B,0.021,24,0.875
wavelet,MLP,1,3,2,0,IR,0.007,24,0.4166666666666667
wavelet,MLP,1,3,2,0,IR,0.014,24,0.25
wavelet,MLP,1,3,2,0,IR,0.021,24,1.0
wavelet,MLP,1,3,2,0,Normal,0.0,95,0.9157894736842104
wavelet,MLP,1,3,2,0,OR,0.007,24,1.0
wavelet,MLP,1,3,2,0,OR,0.014,24,0.375
wavelet,MLP,1,3,2,0,OR,0.021,24,0.6666666666666666
wavelet,MLP,1,3,2,1,B,0.007,22,0.7727272727272727
wavelet,MLP,1,3,2,1,B,0.014,23,0.9130434782608696
wavelet,MLP,1,3,2,1,B,0.021,23,0.0
wavelet,MLP,1,3,2,1,IR,0.007,23,0.782608695652174
wavelet,MLP,1,3,2,1,IR,0.014,22,0.5454545454545454
wavelet,MLP,1,3,2,1,IR,0.021,23,1.0
wavelet,MLP,1,3,2,1,Normal,0.0,94,0.6702127659574468
wavelet,MLP,1,3,2,1,OR,0.007,23,1.0
wavelet,MLP,1,3,2,1,OR,0.014,23,0.217391304347826
wavelet,MLP,1,3,2,1,OR,0.021,23,1.0
wavelet,MLP,1,3,2,2,B,0.007,23,1.0
wavelet,MLP,1,3,2,2,B,0.014,22,1.0
wavelet,MLP,1,3,2,2,B,0.021,22,0.0
wavelet,MLP,1,3,2,2,IR,0.007,23,0.217391304347826
wavelet,MLP,1,3,2,2,IR,0.014,23,0.4782608695652174
wavelet,MLP,1,3,2,2,IR,0.021,22,1.0
wavelet,MLP,1,3,2,2,Normal,0.0,93,0.5913978494623656
wavelet,MLP,1,3,2,2,OR,0.007,22,1.0
wavelet,MLP,1,3,2,2,OR,0.014,22,0.1818181818181818
wavelet,MLP,1,3,2,2,OR,0.021,22,0.8181818181818182
wavelet,MLP,1,3,2,3,B,0.007,22,0.9545454545454546
wavelet,MLP,1,3,2,3,B,0.014,23,1.0
wavelet,MLP,1,3,2,3,B,0.021,23,0.0
wavelet,MLP,1,3,2,3,IR,0.007,23,0.9130434782608696
wavelet,MLP,1,3,2,3,IR,0.014,22,0.8636363636363636
wavelet,MLP,1,3,2,3,IR,0.021,23,1.0
wavelet,MLP,1,3,2,3,Normal,0.0,94,0.5106382978723404
wavelet,MLP,1,3,2,3,OR,0.007,23,1.0
wavelet,MLP,1,3,2,3,OR,0.014,23,0.217391304347826
wavelet,MLP,1,3,2,3,OR,0.021,23,0.7391304347826086
wavelet,MLP,1,3,2,4,B,0.007,22,1.0
wavelet,MLP,1,3,2,4,B,0.014,22,0.9545454545454546
wavelet,MLP,1,3,2,4,B,0.021,22,0.0
wavelet,MLP,1,3,2,4,IR,0.007,22,0.7727272727272727
wavelet,MLP,1,3,2,4,IR,0.014,22,0.5909090909090909
wavelet,MLP,1,3,2,4,IR,0.021,22,1.0
wavelet,MLP,1,3,2,4,Normal,0.0,93,0.4193548387096774
wavelet,MLP,1,3,2,4,OR,0.007,22,1.0
wavelet,MLP,1,3,2,4,OR,0.014,22,0.5909090909090909
wavelet,MLP,1,3,2,4,OR,0.021,22,0.6818181818181818
wavelet,MLP,2,0,2,0,B,0.007,24,0.3333333333333333
wavelet,MLP,2,0,2,0,B,0.014,24,0.375
wavelet,MLP,2,0,2,0,B,0.021,24,0.3333333333333333
wavelet,MLP,2,0,2,0,IR,0.007,24,1.0
wavelet,MLP,2,0,2,0,IR,0.014,24,0.4166666666666667
wavelet,MLP,2,0,2,0,IR,0.021,24,0.0
wavelet,MLP,2,0,2,0,Normal,0.0,48,1.0
wavelet,MLP,2,0,2,0,OR,0.007,24,1.0
wavelet,MLP,2,0,2,0,OR,0.014,24,1.0
wavelet,MLP,2,0,2,0,OR,0.021,24,1.0
wavelet,MLP,2,0,2,1,B,0.007,23,0.2608695652173913
wavelet,MLP,2,0,2,1,B,0.014,22,0.8636363636363636
wavelet,MLP,2,0,2,1,B,0.021,23,0.6086956521739131
wavelet,MLP,2,0,2,1,IR,0.007,22,1.0
wavelet,MLP,2,0,2,1,IR,0.014,22,0.7727272727272727
wavelet,MLP,2,0,2,1,IR,0.021,23,0.0
wavelet,MLP,2,0,2,1,Normal,0.0,46,1.0
wavelet,MLP,2,0,2,1,OR,0.007,23,1.0
wavelet,MLP,2,0,2,1,OR,0.014,22,0.8181818181818182
wavelet,MLP,2,0,2,1,OR,0.021,23,1.0
wavelet,MLP,2,0,2,2,B,0.007,22,0.5
wavelet,MLP,2,0,2,2,B,0.014,23,1.0
wavelet,MLP,2,0,2,2,B,0.021,22,0.0
wavelet,MLP,2,0,2,2,IR,0.007,23,1.0
wavelet,MLP,2,0,2,2,IR,0.014,23,0.8260869565217391
wavelet,MLP,2,0,2,2,IR,0.021,22,0.0909090909090909
wavelet,MLP,2,0,2,2,Normal,0.0,47,1.0
wavelet,MLP,2,0,2,2,OR,0.007,22,1.0
wavelet,MLP,2,0,2,2,OR,0.014,23,0.9130434782608696
wavelet,MLP,2,0,2,2,OR,0.021,22,1.0
wavelet,MLP,2,0,2,3,B,0.007,23,0.3478260869565217
wavelet,MLP,2,0,2,3,B,0.014,22,0.9545454545454546
wavelet,MLP,2,0,2,3,B,0.021,23,0.3043478260869565
wavelet,MLP,2,0,2,3,IR,0.007,22,1.0
wavelet,MLP,2,0,2,3,IR,0.014,22,0.9090909090909092
wavelet,MLP,2,0,2,3,IR,0.021,23,0.0869565217391304
wavelet,MLP,2,0,2,3,Normal,0.0,46,1.0
wavelet,MLP,2,0,2,3,OR,0.007,23,1.0
wavelet,MLP,2,0,2,3,OR,0.014,22,1.0
wavelet,MLP,2,0,2,3,OR,0.021,23,1.0
wavelet,MLP,2,0,2,4,B,0.007,22,0.4545454545454545
wavelet,MLP,2,0,2,4,B,0.014,22,0.4090909090909091
wavelet,MLP,2,0,2,4,B,0.021,22,0.3636363636363636
wavelet,MLP,2,0,2,4,IR,0.007,22,1.0
wavelet,MLP,2,0,2,4,IR,0.014,22,0.7272727272727273
wavelet,MLP,2,0,2,4,IR,0.021,22,0.1363636363636363
wavelet,MLP,2,0,2,4,Normal,0.0,46,0.8478260869565217
wavelet,MLP,2,0,2,4,OR,0.007,22,1.0
wavelet,MLP,2,0,2,4,OR,0.014,22,0.7272727272727273
wavelet,MLP,2,0,2,4,OR,0.021,22,1.0
wavelet,MLP,2,1,1,0,B,0.007,24,0.4166666666666667
wavelet,MLP,2,1,1,0,B,0.014,24,0.9583333333333334
wavelet,MLP,2,1,1,0,B,0.021,24,0.875
wavelet,MLP,2,1,1,0,IR,0.007,24,1.0
wavelet,MLP,2,1,1,0,IR,0.014,24,0.5833333333333334
wavelet,MLP,2,1,1,0,IR,0.021,24,0.7916666666666666
wavelet,MLP,2,1,1,0,Normal,0.0,95,1.0
wavelet,MLP,2,1,1,0,OR,0.007,24,1.0
wavelet,MLP,2,1,1,0,OR,0.014,24,1.0
wavelet,MLP,2,1,1,0,OR,0.021,24,1.0
wavelet,MLP,2,1,1,1,B,0.007,22,0.6818181818181818
wavelet,MLP,2,1,1,1,B,0.014,23,0.8695652173913043
wavelet,MLP,2,1,1,1,B,0.021,22,0.8181818181818182
wavelet,MLP,2,1,1,1,IR,0.007,23,1.0
wavelet,MLP,2,1,1,1,IR,0.014,22,0.6363636363636364
wavelet,MLP,2,1,1,1,IR,0.021,22,1.0
wavelet,MLP,2,1,1,1,Normal,0.0,93,1.0
wavelet,MLP,2,1,1,1,OR,0.007,23,1.0
wavelet,MLP,2,1,1,1,OR,0.014,23,1.0
wavelet,MLP,2,1,1,1,OR,0.021,23,1.0
wavelet,MLP,2,1,1,2,B,0.007,23,0.6086956521739131
wavelet,MLP,2,1,1,2,B,0.014,22,0.8636363636363636
wavelet,MLP,2,1,1,2,B,0.021,23,0.6956521739130435
wavelet,MLP,2,1,1,2,IR,0.007,22,1.0
wavelet,MLP,2,1,1,2,IR,0.014,23,0.6086956521739131
wavelet,MLP,2,1,1,2,IR,0.021,23,0.782608695652174
wavelet,MLP,2,1,1,2,Normal,0.0,93,1.0
wavelet,MLP,2,1,1,2,OR,0.007,22,1.0
wavelet,MLP,2,1,1,2,OR,0.014,22,0.9090909090909092
wavelet,MLP,2,1,1,2,OR,0.021,22,1.0
wavelet,MLP,2,1,1,3,B,0.007,22,0.7727272727272727
wavelet,MLP,2,1,1,3,B,0.014,23,0.9565217391304348
wavelet,MLP,2,1,1,3,B,0.021,22,0.7272727272727273
wavelet,MLP,2,1,1,3,IR,0.007,23,1.0
wavelet,MLP,2,1,1,3,IR,0.014,22,0.4090909090909091
wavelet,MLP,2,1,1,3,IR,0.021,22,0.8636363636363636
wavelet,MLP,2,1,1,3,Normal,0.0,93,1.0
wavelet,MLP,2,1,1,3,OR,0.007,23,1.0
wavelet,MLP,2,1,1,3,OR,0.014,23,1.0
wavelet,MLP,2,1,1,3,OR,0.021,23,1.0
wavelet,MLP,2,1,1,4,B,0.007,22,0.7272727272727273
wavelet,MLP,2,1,1,4,B,0.014,22,1.0
wavelet,MLP,2,1,1,4,B,0.021,22,0.5
wavelet,MLP,2,1,1,4,IR,0.007,22,1.0
wavelet,MLP,2,1,1,4,IR,0.014,22,0.7272727272727273
wavelet,MLP,2,1,1,4,IR,0.021,22,0.9545454545454546
wavelet,MLP,2,1,1,4,Normal,0.0,93,1.0
wavelet,MLP,2,1,1,4,OR,0.007,22,1.0
wavelet,MLP,2,1,1,4,OR,0.014,22,0.9545454545454546
wavelet,MLP,2,1,1,4,OR,0.021,22,0.9545454545454546
wavelet,MLP,2,2,0,0,B,0.007,24,0.9166666666666666
wavelet,MLP,2,2,0,0,B,0.014,24,1.0
wavelet,MLP,2,2,0,0,B,0.021,24,1.0
wavelet,MLP,2,2,0,0,IR,0.007,24,1.0
wavelet,MLP,2,2,0,0,IR,0.014,24,0.875
wavelet,MLP,2,2,0,0,IR,0.021,24,0.9583333333333334
wavelet,MLP,2,2,0,0,Normal,0.0,95,1.0
wavelet,MLP,2,2,0,0,OR,0.007,24,1.0
wavelet,MLP,2,2,0,0,OR,0.014,24,0.9583333333333334
wavelet,MLP,2,2,0,0,OR,0.021,24,1.0
wavelet,MLP,2,2,0,1,B,0.007,22,0.9090909090909092
wavelet,MLP,2,2,0,1,B,0.014,23,0.9130434782608696
wavelet,MLP,2,2,0,1,B,0.021,23,0.9565217391304348
wavelet,MLP,2,2,0,1,IR,0.007,23,1.0
wavelet,MLP,2,2,0,1,IR,0.014,22,0.7727272727272727
wavelet,MLP,2,2,0,1,IR,0.021,22,1.0
wavelet,MLP,2,2,0,1,Normal,0.0,93,1.0
wavelet,MLP,2,2,0,1,OR,0.007,22,1.0
wavelet,MLP,2,2,0,1,OR,0.014,22,1.0
wavelet,MLP,2,2,0,1,OR,0.021,23,1.0
wavelet,MLP,2,2,0,2,B,0.007,23,0.9565217391304348
wavelet,MLP,2,2,0,2,B,0.014,22,1.0
wavelet,MLP,2,2,0,2,B,0.021,22,1.0
wavelet,MLP,2,2,0,2,IR,0.007,22,1.0
wavelet,MLP,2,2,0,2,IR,0.014,23,0.8695652173913043
wavelet,MLP,2,2,0,2,IR,0.021,23,1.0
wavelet,MLP,2,2,0,2,Normal,0.0,94,1.0
wavelet,MLP,2,2,0,2,OR,0.007,23,1.0
wavelet,MLP,2,2,0,2,OR,0.014,23,1.0
wavelet,MLP,2,2,0,2,OR,0.021,22,0.9545454545454546
wavelet,MLP,2,2,0,3,B,0.007,22,0.9545454545454546
wavelet,MLP,2,2,0,3,B,0.014,23,1.0
wavelet,MLP,2,2,0,3,B,0.021,23,0.9565217391304348
wavelet,MLP,2,2,0,3,IR,0.007,23,1.0
wavelet,MLP,2,2,0,3,IR,0.014,22,0.7272727272727273
wavelet,MLP,2,2,0,3,IR,0.021,22,1.0
wavelet,MLP,2,2,0,3,Normal,0.0,93,1.0
wavelet,MLP,2,2,0,3,OR,0.007,22,1.0
wavelet,MLP,2,2,0,3,OR,0.014,22,1.0
wavelet,MLP,2,2,0,3,OR,0.021,23,0.9565217391304348
wavelet,MLP,2,2,0,4,B,0.007,22,0.9090909090909092
wavelet,MLP,2,2,0,4,B,0.014,22,1.0
wavelet,MLP,2,2,0,4,B,0.021,22,0.9545454545454546
wavelet,MLP,2,2,0,4,IR,0.007,22,1.0
wavelet,MLP,2,2,0,4,IR,0.014,22,1.0
wavelet,MLP,2,2,0,4,IR,0.021,22,0.9545454545454546
wavelet,MLP,2,2,0,4,Normal,0.0,93,1.0
wavelet,MLP,2,2,0,4,OR,0.007,22,1.0
wavelet,MLP,2,2,0,4,OR,0.014,22,0.9090909090909092
wavelet,MLP,2,2,0,4,OR,0.021,22,1.0
wavelet,MLP,2,3,1,0,B,0.007,24,0.25
wavelet,MLP,2,3,1,0,B,0.014,24,1.0
wavelet,MLP,2,3,1,0,B,0.021,24,0.0833333333333333
wavelet,MLP,2,3,1,0,IR,0.007,24,0.8333333333333334
wavelet,MLP,2,3,1,0,IR,0.014,24,1.0
wavelet,MLP,2,3,1,0,IR,0.021,24,1.0
wavelet,MLP,2,3,1,0,Normal,0.0,95,1.0
wavelet,MLP,2,3,1,0,OR,0.007,24,1.0
wavelet,MLP,2,3,1,0,OR,0.014,24,0.9583333333333334
wavelet,MLP,2,3,1,0,OR,0.021,24,0.8333333333333334
wavelet,MLP,2,3,1,1,B,0.007,22,0.5
wavelet,MLP,2,3,1,1,B,0.014,23,0.9130434782608696
wavelet,MLP,2,3,1,1,B,0.021,23,0.0869565217391304
wavelet,MLP,2,3,1,1,IR,0.007,23,0.7391304347826086
wavelet,MLP,2,3,1,1,IR,0.014,22,0.9545454545454546
wavelet,MLP,2,3,1,1,IR,0.021,23,1.0
wavelet,MLP,2,3,1,1,Normal,0.0,94,1.0
wavelet,MLP,2,3,1,1,OR,0.007,23,1.0
wavelet,MLP,2,3,1,1,OR,0.014,23,0.5652173913043478
wavelet,MLP,2,3,1,1,OR,0.021,23,1.0
wavelet,MLP,2,3,1,2,B,0.007,23,0.217391304347826
wavelet,MLP,2,3,1,2,B,0.014,22,0.9545454545454546
wavelet,MLP,2,3,1,2,B,0.021,22,0.1363636363636363
wavelet,MLP,2,3,1,2,IR,0.007,23,0.782608695652174
wavelet,MLP,2,3,1,2,IR,0.014,23,1.0
wavelet,MLP,2,3,1,2,IR,0.021,22,1.0
wavelet,MLP,2,3,1,2,Normal,0.0,93,1.0
wavelet,MLP,2,3,1,2,OR,0.007,22,1.0
wavelet,MLP,2,3,1,2,OR,0.014,22,0.5454545454545454
wavelet,MLP,2,3,1,2,OR,0.021,22,0.9545454545454546
wavelet,MLP,2,3,1,3,B,0.007,22,0.1363636363636363
wavelet,MLP,2,3,1,3,B,0.014,23,0.9565217391304348
wavelet,MLP,2,3,1,3,B,0.021,23,0.1739130434782608
wavelet,MLP,2,3,1,3,IR,0.007,23,0.9565217391304348
wavelet,MLP,2,3,1,3,IR,0.014,22,1.0
wavelet,MLP,2,3,1,3,IR,0.021,23,1.0
wavelet,MLP,2,3,1,3,Normal,0.0,94,0.9893617021276596
wavelet,MLP,2,3,1,3,OR,0.007,23,1.0
wavelet,MLP,2,3,1,3,OR,0.014,23,0.6521739130434783
wavelet,MLP,2,3,1,3,OR,0.021,23,0.8260869565217391
wavelet,MLP,2,3,1,4,B,0.007,22,0.0454545454545454
wavelet,MLP,2,3,1,4,B,0.014,22,0.9090909090909092
wavelet,MLP,2,3,1,4,B,0.021,22,0.0454545454545454
wavelet,MLP,2,3,1,4,IR,0.007,22,1.0
wavelet,MLP,2,3,1,4,IR,0.014,22,1.0
wavelet,MLP,2,3,1,4,IR,0.021,22,1.0
wavelet,MLP,2,3,1,4,Normal,0.0,93,0.989247311827957
wavelet,MLP,2,3,1,4,OR,0.007,22,1.0
wavelet,MLP,2,3,1,4,OR,0.014,22,0.2272727272727272
wavelet,MLP,2,3,1,4,OR,0.021,22,0.7727272727272727
wavelet,MLP,3,0,3,0,B,0.007,24,0.375
wavelet,MLP,3,0,3,0,B,0.014,24,0.5
wavelet,MLP,3,0,3,0,B,0.021,24,0.5833333333333334
wavelet,MLP,3,0,3,0,IR,0.007,24,1.0
wavelet,MLP,3,0,3,0,IR,0.014,24,0.0
wavelet,MLP,3,0,3,0,IR,0.021,24,0.125
wavelet,MLP,3,0,3,0,Normal,0.0,48,1.0
wavelet,MLP,3,0,3,0,OR,0.007,24,1.0
wavelet,MLP,3,0,3,0,OR,0.014,24,1.0
wavelet,MLP,3,0,3,0,OR,0.021,24,1.0
wavelet,MLP,3,0,3,1,B,0.007,23,0.4782608695652174
wavelet,MLP,3,0,3,1,B,0.014,22,0.5
wavelet,MLP,3,0,3,1,B,0.021,23,0.1739130434782608
wavelet,MLP,3,0,3,1,IR,0.007,22,1.0
wavelet,MLP,3,0,3,1,IR,0.014,22,0.2727272727272727
wavelet,MLP,3,0,3,1,IR,0.021,23,0.6086956521739131
wavelet,MLP,3,0,3,1,Normal,0.0,46,1.0
wavelet,MLP,3,0,3,1,OR,0.007,23,1.0
wavelet,MLP,3,0,3,1,OR,0.014,22,1.0
wavelet,MLP,3,0,3,1,OR,0.021,23,0.9565217391304348
wavelet,MLP,3,0,3,2,B,0.007,22,0.6363636363636364
wavelet,MLP,3,0,3,2,B,0.014,23,0.3043478260869565
wavelet,MLP,3,0,3,2,B,0.021,22,0.0454545454545454
wavelet,MLP,3,0,3,2,IR,0.007,23,1.0
wavelet,MLP,3,0,3,2,IR,0.014,23,0.391304347826087
wavelet,MLP,3,0,3,2,IR,0.021,22,0.4090909090909091
wavelet,MLP,3,0,3,2,Normal,0.0,47,1.0
wavelet,MLP,3,0,3,2,OR,0.007,22,1.0
wavelet,MLP,3,0,3,2,OR,0.014,23,0.9130434782608696
wavelet,MLP,3,0,3,2,OR,0.021,22,0.9545454545454546
wavelet,MLP,3,0,3,3,B,0.007,23,0.3043478260869565
wavelet,MLP,3,0,3,3,B,0.014,22,0.3636363636363636
wavelet,MLP,3,0,3,3,B,0.021,23,0.217391304347826
wavelet,MLP,3,0,3,3,IR,0.007,22,1.0
wavelet,MLP,3,0,3,3,IR,0.014,22,0.7727272727272727
wavelet,MLP,3,0,3,3,IR,0.021,23,0.2608695652173913
wavelet,MLP,3,0,3,3,Normal,0.0,46,1.0
wavelet,MLP,3,0,3,3,OR,0.007,23,1.0
wavelet,MLP,3,0,3,3,OR,0.014,22,1.0
wavelet,MLP,3,0,3,3,OR,0.021,23,1.0
wavelet,MLP,3,0,3,4,B,0.007,22,0.3636363636363636
wavelet,MLP,3,0,3,4,B,0.014,22,0.2272727272727272
wavelet,MLP,3,0,3,4,B,0.021,22,0.0909090909090909
wavelet,MLP,3,0,3,4,IR,0.007,22,1.0
wavelet,MLP,3,0,3,4,IR,0.014,22,0.2272727272727272
wavelet,MLP,3,0,3,4,IR,0.021,22,0.3181818181818182
wavelet,MLP,3,0,3,4,Normal,0.0,46,1.0
wavelet,MLP,3,0,3,4,OR,0.007,22,1.0
wavelet,MLP,3,0,3,4,OR,0.014,22,0.9545454545454546
wavelet,MLP,3,0,3,4,OR,0.021,22,1.0
wavelet,MLP,3,1,2,0,B,0.007,24,0.8333333333333334
wavelet,MLP,3,1,2,0,B,0.014,24,0.7916666666666666
wavelet,MLP,3,1,2,0,B,0.021,24,0.9166666666666666
wavelet,MLP,3,1,2,0,IR,0.007,24,1.0
wavelet,MLP,3,1,2,0,IR,0.014,24,0.3333333333333333
wavelet,MLP,3,1,2,0,IR,0.021,24,0.8333333333333334
wavelet,MLP,3,1,2,0,Normal,0.0,95,1.0
wavelet,MLP,3,1,2,0,OR,0.007,24,1.0
wavelet,MLP,3,1,2,0,OR,0.014,24,0.875
wavelet,MLP,3,1,2,0,OR,0.021,24,0.9583333333333334
wavelet,MLP,3,1,2,1,B,0.007,22,0.9090909090909092
wavelet,MLP,3,1,2,1,B,0.014,23,0.8260869565217391
wavelet,MLP,3,1,2,1,B,0.021,22,0.7272727272727273
wavelet,MLP,3,1,2,1,IR,0.007,23,1.0
wavelet,MLP,3,1,2,1,IR,0.014,22,0.1363636363636363
wavelet,MLP,3,1,2,1,IR,0.021,22,0.9545454545454546
wavelet,MLP,3,1,2,1,Normal,0.0,93,1.0
wavelet,MLP,3,1,2,1,OR,0.007,23,1.0
wavelet,MLP,3,1,2,1,OR,0.014,23,0.782608695652174
wavelet,MLP,3,1,2,1,OR,0.021,23,1.0
wavelet,MLP,3,1,2,2,B,0.007,23,0.8260869565217391
wavelet,MLP,3,1,2,2,B,0.014,22,0.7727272727272727
wavelet,MLP,3,1,2,2,B,0.021,23,0.3043478260869565
wavelet,MLP,3,1,2,2,IR,0.007,22,1.0
wavelet,MLP,3,1,2,2,IR,0.014,23,0.3043478260869565
wavelet,MLP,3,1,2,2,IR,0.021,23,0.9565217391304348
wavelet,MLP,3,1,2,2,Normal,0.0,93,1.0
wavelet,MLP,3,1,2,2,OR,0.007,22,1.0
wavelet,MLP,3,1,2,2,OR,0.014,22,0.9090909090909092
wavelet,MLP,3,1,2,2,OR,0.021,22,1.0
wavelet,MLP,3,1,2,3,B,0.007,22,0.9090909090909092
wavelet,MLP,3,1,2,3,B,0.014,23,0.8260869565217391
wavelet,MLP,3,1,2,3,B,0.021,22,0.9090909090909092
wavelet,MLP,3,1,2,3,IR,0.007,23,1.0
wavelet,MLP,3,1,2,3,IR,0.014,22,0.2727272727272727
wavelet,MLP,3,1,2,3,IR,0.021,22,0.9090909090909092
wavelet,MLP,3,1,2,3,Normal,0.0,93,1.0
wavelet,MLP,3,1,2,3,OR,0.007,23,1.0
wavelet,MLP,3,1,2,3,OR,0.014,23,0.5652173913043478
wavelet,MLP,3,1,2,3,OR,0.021,23,1.0
wavelet,MLP,3,1,2,4,B,0.007,22,0.5
wavelet,MLP,3,1,2,4,B,0.014,22,0.8636363636363636
wavelet,MLP,3,1,2,4,B,0.021,22,0.5
wavelet,MLP,3,1,2,4,IR,0.007,22,1.0
wavelet,MLP,3,1,2,4,IR,0.014,22,0.3181818181818182
wavelet,MLP,3,1,2,4,IR,0.021,22,1.0
wavelet,MLP,3,1,2,4,Normal,0.0,93,1.0
wavelet,MLP,3,1,2,4,OR,0.007,22,1.0
wavelet,MLP,3,1,2,4,OR,0.014,22,0.7727272727272727
wavelet,MLP,3,1,2,4,OR,0.021,22,1.0
wavelet,MLP,3,2,1,0,B,0.007,24,0.9583333333333334
wavelet,MLP,3,2,1,0,B,0.014,24,1.0
wavelet,MLP,3,2,1,0,B,0.021,24,1.0
wavelet,MLP,3,2,1,0,IR,0.007,24,1.0
wavelet,MLP,3,2,1,0,IR,0.014,24,0.4166666666666667
wavelet,MLP,3,2,1,0,IR,0.021,24,0.9166666666666666
wavelet,MLP,3,2,1,0,Normal,0.0,95,1.0
wavelet,MLP,3,2,1,0,OR,0.007,24,1.0
wavelet,MLP,3,2,1,0,OR,0.014,24,0.8333333333333334
wavelet,MLP,3,2,1,0,OR,0.021,24,0.9583333333333334
wavelet,MLP,3,2,1,1,B,0.007,22,0.7727272727272727
wavelet,MLP,3,2,1,1,B,0.014,23,0.782608695652174
wavelet,MLP,3,2,1,1,B,0.021,23,0.9565217391304348
wavelet,MLP,3,2,1,1,IR,0.007,23,1.0
wavelet,MLP,3,2,1,1,IR,0.014,22,0.3636363636363636
wavelet,MLP,3,2,1,1,IR,0.021,22,1.0
wavelet,MLP,3,2,1,1,Normal,0.0,93,1.0
wavelet,MLP,3,2,1,1,OR,0.007,22,1.0
wavelet,MLP,3,2,1,1,OR,0.014,22,0.9545454545454546
wavelet,MLP,3,2,1,1,OR,0.021,23,0.9565217391304348
wavelet,MLP,3,2,1,2,B,0.007,23,0.782608695652174
wavelet,MLP,3,2,1,2,B,0.014,22,0.8636363636363636
wavelet,MLP,3,2,1,2,B,0.021,22,1.0
wavelet,MLP,3,2,1,2,IR,0.007,22,1.0
wavelet,MLP,3,2,1,2,IR,0.014,23,0.3043478260869565
wavelet,MLP,3,2,1,2,IR,0.021,23,1.0
wavelet,MLP,3,2,1,2,Normal,0.0,94,1.0
wavelet,MLP,3,2,1,2,OR,0.007,23,1.0
wavelet,MLP,3,2,1,2,OR,0.014,23,1.0
wavelet,MLP,3,2,1,2,OR,0.021,22,1.0
wavelet,MLP,3,2,1,3,B,0.007,22,0.8181818181818182
wavelet,MLP,3,2,1,3,B,0.014,23,0.7391304347826086
wavelet,MLP,3,2,1,3,B,0.021,23,1.0
wavelet,MLP,3,2,1,3,IR,0.007,23,1.0
wavelet,MLP,3,2,1,3,IR,0.014,22,0.2272727272727272
wavelet,MLP,3,2,1,3,IR,0.021,22,0.9545454545454546
wavelet,MLP,3,2,1,3,Normal,0.0,93,1.0
wavelet,MLP,3,2,1,3,OR,0.007,22,1.0
wavelet,MLP,3,2,1,3,OR,0.014,22,0.8636363636363636
wavelet,MLP,3,2,1,3,OR,0.021,23,0.9565217391304348
wavelet,MLP,3,2,1,4,B,0.007,22,0.6363636363636364
wavelet,MLP,3,2,1,4,B,0.014,22,1.0
wavelet,MLP,3,2,1,4,B,0.021,22,1.0
wavelet,MLP,3,2,1,4,IR,0.007,22,1.0
wavelet,MLP,3,2,1,4,IR,0.014,22,0.6363636363636364
wavelet,MLP,3,2,1,4,IR,0.021,22,0.9090909090909092
wavelet,MLP,3,2,1,4,Normal,0.0,93,1.0
wavelet,MLP,3,2,1,4,OR,0.007,22,1.0
wavelet,MLP,3,2,1,4,OR,0.014,22,1.0
wavelet,MLP,3,2,1,4,OR,0.021,22,1.0
wavelet,MLP,3,3,0,0,B,0.007,24,1.0
wavelet,MLP,3,3,0,0,B,0.014,24,1.0
wavelet,MLP,3,3,0,0,B,0.021,24,1.0
wavelet,MLP,3,3,0,0,IR,0.007,24,1.0
wavelet,MLP,3,3,0,0,IR,0.014,24,1.0
wavelet,MLP,3,3,0,0,IR,0.021,24,1.0
wavelet,MLP,3,3,0,0,Normal,0.0,95,1.0
wavelet,MLP,3,3,0,0,OR,0.007,24,1.0
wavelet,MLP,3,3,0,0,OR,0.014,24,1.0
wavelet,MLP,3,3,0,0,OR,0.021,24,0.9166666666666666
wavelet,MLP,3,3,0,1,B,0.007,22,0.9545454545454546
wavelet,MLP,3,3,0,1,B,0.014,23,0.9130434782608696
wavelet,MLP,3,3,0,1,B,0.021,23,0.9565217391304348
wavelet,MLP,3,3,0,1,IR,0.007,23,1.0
wavelet,MLP,3,3,0,1,IR,0.014,22,1.0
wavelet,MLP,3,3,0,1,IR,0.021,23,1.0
wavelet,MLP,3,3,0,1,Normal,0.0,94,1.0
wavelet,MLP,3,3,0,1,OR,0.007,23,0.9565217391304348
wavelet,MLP,3,3,0,1,OR,0.014,23,1.0
wavelet,MLP,3,3,0,1,OR,0.021,23,0.9565217391304348
wavelet,MLP,3,3,0,2,B,0.007,23,1.0
wavelet,MLP,3,3,0,2,B,0.014,22,0.8636363636363636
wavelet,MLP,3,3,0,2,B,0.021,22,1.0
wavelet,MLP,3,3,0,2,IR,0.007,23,1.0
wavelet,MLP,3,3,0,2,IR,0.014,23,1.0
wavelet,MLP,3,3,0,2,IR,0.021,22,1.0
wavelet,MLP,3,3,0,2,Normal,0.0,93,1.0
wavelet,MLP,3,3,0,2,OR,0.007,22,1.0
wavelet,MLP,3,3,0,2,OR,0.014,22,1.0
wavelet,MLP,3,3,0,2,OR,0.021,22,0.9545454545454546
wavelet,MLP,3,3,0,3,B,0.007,22,1.0
wavelet,MLP,3,3,0,3,B,0.014,23,1.0
wavelet,MLP,3,3,0,3,B,0.021,23,1.0
wavelet,MLP,3,3,0,3,IR,0.007,23,1.0
wavelet,MLP,3,3,0,3,IR,0.014,22,1.0
wavelet,MLP,3,3,0,3,IR,0.021,23,1.0
wavelet,MLP,3,3,0,3,Normal,0.0,94,1.0
wavelet,MLP,3,3,0,3,OR,0.007,23,1.0
wavelet,MLP,3,3,0,3,OR,0.014,23,0.9565217391304348
wavelet,MLP,3,3,0,3,OR,0.021,23,0.9565217391304348
wavelet,MLP,3,3,0,4,B,0.007,22,1.0
wavelet,MLP,3,3,0,4,B,0.014,22,1.0
wavelet,MLP,3,3,0,4,B,0.021,22,1.0
wavelet,MLP,3,3,0,4,IR,0.007,22,1.0
wavelet,MLP,3,3,0,4,IR,0.014,22,1.0
wavelet,MLP,3,3,0,4,IR,0.021,22,0.8636363636363636
wavelet,MLP,3,3,0,4,Normal,0.0,93,1.0
wavelet,MLP,3,3,0,4,OR,0.007,22,1.0
wavelet,MLP,3,3,0,4,OR,0.014,22,1.0
wavelet,MLP,3,3,0,4,OR,0.021,22,1.0
espectrograma,SVM-RBF,0,0,0,0,B,0.007,24,1.0
espectrograma,SVM-RBF,0,0,0,0,B,0.014,24,1.0
espectrograma,SVM-RBF,0,0,0,0,B,0.021,24,1.0
espectrograma,SVM-RBF,0,0,0,0,IR,0.007,24,1.0
espectrograma,SVM-RBF,0,0,0,0,IR,0.014,24,0.9583333333333334
espectrograma,SVM-RBF,0,0,0,0,IR,0.021,24,1.0
espectrograma,SVM-RBF,0,0,0,0,Normal,0.0,48,1.0
espectrograma,SVM-RBF,0,0,0,0,OR,0.007,24,1.0
espectrograma,SVM-RBF,0,0,0,0,OR,0.014,24,1.0
espectrograma,SVM-RBF,0,0,0,0,OR,0.021,24,1.0
espectrograma,SVM-RBF,0,0,0,1,B,0.007,23,1.0
espectrograma,SVM-RBF,0,0,0,1,B,0.014,22,1.0
espectrograma,SVM-RBF,0,0,0,1,B,0.021,23,1.0
espectrograma,SVM-RBF,0,0,0,1,IR,0.007,22,1.0
espectrograma,SVM-RBF,0,0,0,1,IR,0.014,22,1.0
espectrograma,SVM-RBF,0,0,0,1,IR,0.021,23,1.0
espectrograma,SVM-RBF,0,0,0,1,Normal,0.0,46,1.0
espectrograma,SVM-RBF,0,0,0,1,OR,0.007,23,1.0
espectrograma,SVM-RBF,0,0,0,1,OR,0.014,22,1.0
espectrograma,SVM-RBF,0,0,0,1,OR,0.021,23,1.0
espectrograma,SVM-RBF,0,0,0,2,B,0.007,22,1.0
espectrograma,SVM-RBF,0,0,0,2,B,0.014,23,1.0
espectrograma,SVM-RBF,0,0,0,2,B,0.021,22,0.9545454545454546
espectrograma,SVM-RBF,0,0,0,2,IR,0.007,23,1.0
espectrograma,SVM-RBF,0,0,0,2,IR,0.014,23,1.0
espectrograma,SVM-RBF,0,0,0,2,IR,0.021,22,1.0
espectrograma,SVM-RBF,0,0,0,2,Normal,0.0,47,1.0
espectrograma,SVM-RBF,0,0,0,2,OR,0.007,22,1.0
espectrograma,SVM-RBF,0,0,0,2,OR,0.014,23,1.0
espectrograma,SVM-RBF,0,0,0,2,OR,0.021,22,1.0
espectrograma,SVM-RBF,0,0,0,3,B,0.007,23,1.0
espectrograma,SVM-RBF,0,0,0,3,B,0.014,22,1.0
espectrograma,SVM-RBF,0,0,0,3,B,0.021,23,1.0
espectrograma,SVM-RBF,0,0,0,3,IR,0.007,22,1.0
espectrograma,SVM-RBF,0,0,0,3,IR,0.014,22,1.0
espectrograma,SVM-RBF,0,0,0,3,IR,0.021,23,1.0
espectrograma,SVM-RBF,0,0,0,3,Normal,0.0,46,1.0
espectrograma,SVM-RBF,0,0,0,3,OR,0.007,23,1.0
espectrograma,SVM-RBF,0,0,0,3,OR,0.014,22,1.0
espectrograma,SVM-RBF,0,0,0,3,OR,0.021,23,1.0
espectrograma,SVM-RBF,0,0,0,4,B,0.007,22,1.0
espectrograma,SVM-RBF,0,0,0,4,B,0.014,22,1.0
espectrograma,SVM-RBF,0,0,0,4,B,0.021,22,1.0
espectrograma,SVM-RBF,0,0,0,4,IR,0.007,22,1.0
espectrograma,SVM-RBF,0,0,0,4,IR,0.014,22,1.0
espectrograma,SVM-RBF,0,0,0,4,IR,0.021,22,1.0
espectrograma,SVM-RBF,0,0,0,4,Normal,0.0,46,1.0
espectrograma,SVM-RBF,0,0,0,4,OR,0.007,22,1.0
espectrograma,SVM-RBF,0,0,0,4,OR,0.014,22,1.0
espectrograma,SVM-RBF,0,0,0,4,OR,0.021,22,1.0
espectrograma,SVM-RBF,0,1,1,0,B,0.007,24,0.9583333333333334
espectrograma,SVM-RBF,0,1,1,0,B,0.014,24,0.7083333333333334
espectrograma,SVM-RBF,0,1,1,0,B,0.021,24,0.6666666666666666
espectrograma,SVM-RBF,0,1,1,0,IR,0.007,24,1.0
espectrograma,SVM-RBF,0,1,1,0,IR,0.014,24,0.0
espectrograma,SVM-RBF,0,1,1,0,IR,0.021,24,1.0
espectrograma,SVM-RBF,0,1,1,0,Normal,0.0,95,1.0
espectrograma,SVM-RBF,0,1,1,0,OR,0.007,24,1.0
espectrograma,SVM-RBF,0,1,1,0,OR,0.014,24,1.0
espectrograma,SVM-RBF,0,1,1,0,OR,0.021,24,1.0
espectrograma,SVM-RBF,0,1,1,1,B,0.007,22,1.0
espectrograma,SVM-RBF,0,1,1,1,B,0.014,23,1.0
espectrograma,SVM-RBF,0,1,1,1,B,0.021,22,0.8636363636363636
espectrograma,SVM-RBF,0,1,1,1,IR,0.007,23,1.0
espectrograma,SVM-RBF,0,1,1,1,IR,0.014,22,0.0
espectrograma,SVM-RBF,0,1,1,1,IR,0.021,22,1.0
espectrograma,SVM-RBF,0,1,1,1,Normal,0.0,93,1.0
espectrograma,SVM-RBF,0,1,1,1,OR,0.007,23,1.0
espectrograma,SVM-RBF,0,1,1,1,OR,0.014,23,1.0
espectrograma,SVM-RBF,0,1,1,1,OR,0.021,23,1.0
espectrograma,SVM-RBF,0,1,1,2,B,0.007,23,1.0
espectrograma,SVM-RBF,0,1,1,2,B,0.014,22,1.0
espectrograma,SVM-RBF,0,1,1,2,B,0.021,23,0.8695652173913043
espectrograma,SVM-RBF,0,1,1,2,IR,0.007,22,1.0
espectrograma,SVM-RBF,0,1,1,2,IR,0.014,23,0.0
espectrograma,SVM-RBF,0,1,1,2,IR,0.021,23,1.0
espectrograma,SVM-RBF,0,1,1,2,Normal,0.0,93,1.0
espectrograma,SVM-RBF,0,1,1,2,OR,0.007,22,1.0
espectrograma,SVM-RBF,0,1,1,2,OR,0.014,22,1.0
espectrograma,SVM-RBF,0,1,1,2,OR,0.021,22,1.0
espectrograma,SVM-RBF,0,1,1,3,B,0.007,22,0.9545454545454546
espectrograma,SVM-RBF,0,1,1,3,B,0.014,23,0.9565217391304348
espectrograma,SVM-RBF,0,1,1,3,B,0.021,22,0.6818181818181818
espectrograma,SVM-RBF,0,1,1,3,IR,0.007,23,1.0
espectrograma,SVM-RBF,0,1,1,3,IR,0.014,22,0.0454545454545454
espectrograma,SVM-RBF,0,1,1,3,IR,0.021,22,1.0
espectrograma,SVM-RBF,0,1,1,3,Normal,0.0,93,1.0
espectrograma,SVM-RBF,0,1,1,3,OR,0.007,23,1.0
espectrograma,SVM-RBF,0,1,1,3,OR,0.014,23,1.0
espectrograma,SVM-RBF,0,1,1,3,OR,0.021,23,1.0
espectrograma,SVM-RBF,0,1,1,4,B,0.007,22,1.0
espectrograma,SVM-RBF,0,1,1,4,B,0.014,22,1.0
espectrograma,SVM-RBF,0,1,1,4,B,0.021,22,0.5
espectrograma,SVM-RBF,0,1,1,4,IR,0.007,22,1.0
espectrograma,SVM-RBF,0,1,1,4,IR,0.014,22,0.0
espectrograma,SVM-RBF,0,1,1,4,IR,0.021,22,0.9545454545454546
espectrograma,SVM-RBF,0,1,1,4,Normal,0.0,93,1.0
espectrograma,SVM-RBF,0,1,1,4,OR,0.007,22,1.0
espectrograma,SVM-RBF,0,1,1,4,OR,0.014,22,1.0
espectrograma,SVM-RBF,0,1,1,4,OR,0.021,22,1.0
espectrograma,SVM-RBF,0,2,2,0,B,0.007,24,1.0
espectrograma,SVM-RBF,0,2,2,0,B,0.014,24,1.0
espectrograma,SVM-RBF,0,2,2,0,B,0.021,24,0.75
espectrograma,SVM-RBF,0,2,2,0,IR,0.007,24,1.0
espectrograma,SVM-RBF,0,2,2,0,IR,0.014,24,0.1666666666666666
espectrograma,SVM-RBF,0,2,2,0,IR,0.021,24,1.0
espectrograma,SVM-RBF,0,2,2,0,Normal,0.0,95,1.0
espectrograma,SVM-RBF,0,2,2,0,OR,0.007,24,1.0
espectrograma,SVM-RBF,0,2,2,0,OR,0.014,24,1.0
espectrograma,SVM-RBF,0,2,2,0,OR,0.021,24,1.0
espectrograma,SVM-RBF,0,2,2,1,B,0.007,22,1.0
espectrograma,SVM-RBF,0,2,2,1,B,0.014,23,1.0
espectrograma,SVM-RBF,0,2,2,1,B,0.021,23,0.9130434782608696
espectrograma,SVM-RBF,0,2,2,1,IR,0.007,23,1.0
espectrograma,SVM-RBF,0,2,2,1,IR,0.014,22,0.0909090909090909
espectrograma,SVM-RBF,0,2,2,1,IR,0.021,22,1.0
espectrograma,SVM-RBF,0,2,2,1,Normal,0.0,93,1.0
espectrograma,SVM-RBF,0,2,2,1,OR,0.007,22,1.0
espectrograma,SVM-RBF,0,2,2,1,OR,0.014,22,1.0
espectrograma,SVM-RBF,0,2,2,1,OR,0.021,23,1.0
espectrograma,SVM-RBF,0,2,2,2,B,0.007,23,1.0
espectrograma,SVM-RBF,0,2,2,2,B,0.014,22,1.0
espectrograma,SVM-RBF,0,2,2,2,B,0.021,22,0.9545454545454546
espectrograma,SVM-RBF,0,2,2,2,IR,0.007,22,1.0
espectrograma,SVM-RBF,0,2,2,2,IR,0.014,23,0.1739130434782608
espectrograma,SVM-RBF,0,2,2,2,IR,0.021,23,0.9565217391304348
espectrograma,SVM-RBF,0,2,2,2,Normal,0.0,94,1.0
espectrograma,SVM-RBF,0,2,2,2,OR,0.007,23,1.0
espectrograma,SVM-RBF,0,2,2,2,OR,0.014,23,1.0
espectrograma,SVM-RBF,0,2,2,2,OR,0.021,22,1.0
espectrograma,SVM-RBF,0,2,2,3,B,0.007,22,1.0
espectrograma,SVM-RBF,0,2,2,3,B,0.014,23,1.0
espectrograma,SVM-RBF,0,2,2,3,B,0.021,23,0.9130434782608696
espectrograma,SVM-RBF,0,2,2,3,IR,0.007,23,1.0
espectrograma,SVM-RBF,0,2,2,3,IR,0.014,22,0.3636363636363636
espectrograma,SVM-RBF,0,2,2,3,IR,0.021,22,1.0
espectrograma,SVM-RBF,0,2,2,3,Normal,0.0,93,1.0
espectrograma,SVM-RBF,0,2,2,3,OR,0.007,22,1.0
espectrograma,SVM-RBF,0,2,2,3,OR,0.014,22,1.0
espectrograma,SVM-RBF,0,2,2,3,OR,0.021,23,1.0
espectrograma,SVM-RBF,0,2,2,4,B,0.007,22,1.0
espectrograma,SVM-RBF,0,2,2,4,B,0.014,22,1.0
espectrograma,SVM-RBF,0,2,2,4,B,0.021,22,0.8636363636363636
espectrograma,SVM-RBF,0,2,2,4,IR,0.007,22,1.0
espectrograma,SVM-RBF,0,2,2,4,IR,0.014,22,0.0454545454545454
espectrograma,SVM-RBF,0,2,2,4,IR,0.021,22,1.0
espectrograma,SVM-RBF,0,2,2,4,Normal,0.0,93,1.0
espectrograma,SVM-RBF,0,2,2,4,OR,0.007,22,1.0
espectrograma,SVM-RBF,0,2,2,4,OR,0.014,22,1.0
espectrograma,SVM-RBF,0,2,2,4,OR,0.021,22,1.0
espectrograma,SVM-RBF,0,3,3,0,B,0.007,24,1.0
espectrograma,SVM-RBF,0,3,3,0,B,0.014,24,0.9583333333333334
espectrograma,SVM-RBF,0,3,3,0,B,0.021,24,0.9583333333333334
espectrograma,SVM-RBF,0,3,3,0,IR,0.007,24,1.0
espectrograma,SVM-RBF,0,3,3,0,IR,0.014,24,0.0
espectrograma,SVM-RBF,0,3,3,0,IR,0.021,24,1.0
espectrograma,SVM-RBF,0,3,3,0,Normal,0.0,95,1.0
espectrograma,SVM-RBF,0,3,3,0,OR,0.007,24,1.0
espectrograma,SVM-RBF,0,3,3,0,OR,0.014,24,1.0
espectrograma,SVM-RBF,0,3,3,0,OR,0.021,24,1.0
espectrograma,SVM-RBF,0,3,3,1,B,0.007,22,1.0
espectrograma,SVM-RBF,0,3,3,1,B,0.014,23,1.0
espectrograma,SVM-RBF,0,3,3,1,B,0.021,23,1.0
espectrograma,SVM-RBF,0,3,3,1,IR,0.007,23,1.0
espectrograma,SVM-RBF,0,3,3,1,IR,0.014,22,0.0454545454545454
espectrograma,SVM-RBF,0,3,3,1,IR,0.021,23,1.0
espectrograma,SVM-RBF,0,3,3,1,Normal,0.0,94,1.0
espectrograma,SVM-RBF,0,3,3,1,OR,0.007,23,1.0
espectrograma,SVM-RBF,0,3,3,1,OR,0.014,23,1.0
espectrograma,SVM-RBF,0,3,3,1,OR,0.021,23,1.0
espectrograma,SVM-RBF,0,3,3,2,B,0.007,23,1.0
espectrograma,SVM-RBF,0,3,3,2,B,0.014,22,0.9090909090909092
espectrograma,SVM-RBF,0,3,3,2,B,0.021,22,0.9545454545454546
espectrograma,SVM-RBF,0,3,3,2,IR,0.007,23,1.0
espectrograma,SVM-RBF,0,3,3,2,IR,0.014,23,0.0434782608695652
espectrograma,SVM-RBF,0,3,3,2,IR,0.021,22,1.0
espectrograma,SVM-RBF,0,3,3,2,Normal,0.0,93,1.0
espectrograma,SVM-RBF,0,3,3,2,OR,0.007,22,1.0
espectrograma,SVM-RBF,0,3,3,2,OR,0.014,22,1.0
espectrograma,SVM-RBF,0,3,3,2,OR,0.021,22,1.0
espectrograma,SVM-RBF,0,3,3,3,B,0.007,22,1.0
espectrograma,SVM-RBF,0,3,3,3,B,0.014,23,0.9565217391304348
espectrograma,SVM-RBF,0,3,3,3,B,0.021,23,1.0
espectrograma,SVM-RBF,0,3,3,3,IR,0.007,23,1.0
espectrograma,SVM-RBF,0,3,3,3,IR,0.014,22,0.0
espectrograma,SVM-RBF,0,3,3,3,IR,0.021,23,1.0
espectrograma,SVM-RBF,0,3,3,3,Normal,0.0,94,1.0
espectrograma,SVM-RBF,0,3,3,3,OR,0.007,23,1.0
espectrograma,SVM-RBF,0,3,3,3,OR,0.014,23,1.0
espectrograma,SVM-RBF,0,3,3,3,OR,0.021,23,1.0
espectrograma,SVM-RBF,0,3,3,4,B,0.007,22,1.0
espectrograma,SVM-RBF,0,3,3,4,B,0.014,22,0.9545454545454546
espectrograma,SVM-RBF,0,3,3,4,B,0.021,22,1.0
espectrograma,SVM-RBF,0,3,3,4,IR,0.007,22,1.0
espectrograma,SVM-RBF,0,3,3,4,IR,0.014,22,0.0909090909090909
espectrograma,SVM-RBF,0,3,3,4,IR,0.021,22,1.0
espectrograma,SVM-RBF,0,3,3,4,Normal,0.0,93,1.0
espectrograma,SVM-RBF,0,3,3,4,OR,0.007,22,1.0
espectrograma,SVM-RBF,0,3,3,4,OR,0.014,22,1.0
espectrograma,SVM-RBF,0,3,3,4,OR,0.021,22,1.0
espectrograma,SVM-RBF,1,0,1,0,B,0.007,24,1.0
espectrograma,SVM-RBF,1,0,1,0,B,0.014,24,1.0
espectrograma,SVM-RBF,1,0,1,0,B,0.021,24,1.0
espectrograma,SVM-RBF,1,0,1,0,IR,0.007,24,1.0
espectrograma,SVM-RBF,1,0,1,0,IR,0.014,24,1.0
espectrograma,SVM-RBF,1,0,1,0,IR,0.021,24,1.0
espectrograma,SVM-RBF,1,0,1,0,Normal,0.0,48,1.0
espectrograma,SVM-RBF,1,0,1,0,OR,0.007,24,1.0
espectrograma,SVM-RBF,1,0,1,0,OR,0.014,24,1.0
espectrograma,SVM-RBF,1,0,1,0,OR,0.021,24,1.0
espectrograma,SVM-RBF,1,0,1,1,B,0.007,23,1.0
espectrograma,SVM-RBF,1,0,1,1,B,0.014,22,1.0
espectrograma,SVM-RBF,1,0,1,1,B,0.021,23,1.0
espectrograma,SVM-RBF,1,0,1,1,IR,0.007,22,1.0
espectrograma,SVM-RBF,1,0,1,1,IR,0.014,22,1.0
espectrograma,SVM-RBF,1,0,1,1,IR,0.021,23,1.0
espectrograma,SVM-RBF,1,0,1,1,Normal,0.0,46,1.0
espectrograma,SVM-RBF,1,0,1,1,OR,0.007,23,1.0
espectrograma,SVM-RBF,1,0,1,1,OR,0.014,22,1.0
espectrograma,SVM-RBF,1,0,1,1,OR,0.021,23,1.0
espectrograma,SVM-RBF,1,0,1,2,B,0.007,22,1.0
espectrograma,SVM-RBF,1,0,1,2,B,0.014,23,1.0
espectrograma,SVM-RBF,1,0,1,2,B,0.021,22,1.0
espectrograma,SVM-RBF,1,0,1,2,IR,0.007,23,1.0
espectrograma,SVM-RBF,1,0,1,2,IR,0.014,23,1.0
espectrograma,SVM-RBF,1,0,1,2,IR,0.021,22,1.0
espectrograma,SVM-RBF,1,0,1,2,Normal,0.0,47,1.0
espectrograma,SVM-RBF,1,0,1,2,OR,0.007,22,1.0
espectrograma,SVM-RBF,1,0,1,2,OR,0.014,23,1.0
espectrograma,SVM-RBF,1,0,1,2,OR,0.021,22,1.0
espectrograma,SVM-RBF,1,0,1,3,B,0.007,23,1.0
espectrograma,SVM-RBF,1,0,1,3,B,0.014,22,0.8636363636363636
espectrograma,SVM-RBF,1,0,1,3,B,0.021,23,1.0
espectrograma,SVM-RBF,1,0,1,3,IR,0.007,22,1.0
espectrograma,SVM-RBF,1,0,1,3,IR,0.014,22,1.0
espectrograma,SVM-RBF,1,0,1,3,IR,0.021,23,1.0
espectrograma,SVM-RBF,1,0,1,3,Normal,0.0,46,1.0
espectrograma,SVM-RBF,1,0,1,3,OR,0.007,23,1.0
espectrograma,SVM-RBF,1,0,1,3,OR,0.014,22,1.0
espectrograma,SVM-RBF,1,0,1,3,OR,0.021,23,0.9130434782608696
espectrograma,SVM-RBF,1,0,1,4,B,0.007,22,1.0
espectrograma,SVM-RBF,1,0,1,4,B,0.014,22,1.0
espectrograma,SVM-RBF,1,0,1,4,B,0.021,22,1.0
espectrograma,SVM-RBF,1,0,1,4,IR,0.007,22,1.0
espectrograma,SVM-RBF,1,0,1,4,IR,0.014,22,1.0
espectrograma,SVM-RBF,1,0,1,4,IR,0.021,22,1.0
espectrograma,SVM-RBF,1,0,1,4,Normal,0.0,46,1.0
espectrograma,SVM-RBF,1,0,1,4,OR,0.007,22,1.0
espectrograma,SVM-RBF,1,0,1,4,OR,0.014,22,1.0
espectrograma,SVM-RBF,1,0,1,4,OR,0.021,22,1.0
espectrograma,SVM-RBF,1,1,0,0,B,0.007,24,1.0
espectrograma,SVM-RBF,1,1,0,0,B,0.014,24,1.0
espectrograma,SVM-RBF,1,1,0,0,B,0.021,24,1.0
espectrograma,SVM-RBF,1,1,0,0,IR,0.007,24,1.0
espectrograma,SVM-RBF,1,1,0,0,IR,0.014,24,1.0
espectrograma,SVM-RBF,1,1,0,0,IR,0.021,24,1.0
espectrograma,SVM-RBF,1,1,0,0,Normal,0.0,95,1.0
espectrograma,SVM-RBF,1,1,0,0,OR,0.007,24,1.0
espectrograma,SVM-RBF,1,1,0,0,OR,0.014,24,1.0
espectrograma,SVM-RBF,1,1,0,0,OR,0.021,24,1.0
espectrograma,SVM-RBF,1,1,0,1,B,0.007,22,1.0
espectrograma,SVM-RBF,1,1,0,1,B,0.014,23,1.0
espectrograma,SVM-RBF,1,1,0,1,B,0.021,22,1.0
espectrograma,SVM-RBF,1,1,0,1,IR,0.007,23,1.0
espectrograma,SVM-RBF,1,1,0,1,IR,0.014,22,1.0
espectrograma,SVM-RBF,1,1,0,1,IR,0.021,22,1.0
espectrograma,SVM-RBF,1,1,0,1,Normal,0.0,93,1.0
espectrograma,SVM-RBF,1,1,0,1,OR,0.007,23,1.0
espectrograma,SVM-RBF,1,1,0,1,OR,0.014,23,1.0
espectrograma,SVM-RBF,1,1,0,1,OR,0.021,23,1.0
espectrograma,SVM-RBF,1,1,0,2,B,0.007,23,1.0
espectrograma,SVM-RBF,1,1,0,2,B,0.014,22,1.0
espectrograma,SVM-RBF,1,1,0,2,B,0.021,23,0.9565217391304348
espectrograma,SVM-RBF,1,1,0,2,IR,0.007,22,1.0
espectrograma,SVM-RBF,1,1,0,2,IR,0.014,23,1.0
espectrograma,SVM-RBF,1,1,0,2,IR,0.021,23,1.0
espectrograma,SVM-RBF,1,1,0,2,Normal,0.0,93,1.0
espectrograma,SVM-RBF,1,1,0,2,OR,0.007,22,1.0
espectrograma,SVM-RBF,1,1,0,2,OR,0.014,22,1.0
espectrograma,SVM-RBF,1,1,0,2,OR,0.021,22,1.0
espectrograma,SVM-RBF,1,1,0,3,B,0.007,22,1.0
espectrograma,SVM-RBF,1,1,0,3,B,0.014,23,1.0
espectrograma,SVM-RBF,1,1,0,3,B,0.021,22,1.0
espectrograma,SVM-RBF,1,1,0,3,IR,0.007,23,1.0
espectrograma,SVM-RBF,1,1,0,3,IR,0.014,22,1.0
espectrograma,SVM-RBF,1,1,0,3,IR,0.021,22,1.0
espectrograma,SVM-RBF,1,1,0,3,Normal,0.0,93,1.0
espectrograma,SVM-RBF,1,1,0,3,OR,0.007,23,1.0
espectrograma,SVM-RBF,1,1,0,3,OR,0.014,23,1.0
espectrograma,SVM-RBF,1,1,0,3,OR,0.021,23,1.0
espectrograma,SVM-RBF,1,1,0,4,B,0.007,22,1.0
espectrograma,SVM-RBF,1,1,0,4,B,0.014,22,1.0
espectrograma,SVM-RBF,1,1,0,4,B,0.021,22,1.0
espectrograma,SVM-RBF,1,1,0,4,IR,0.007,22,1.0
espectrograma,SVM-RBF,1,1,0,4,IR,0.014,22,1.0
espectrograma,SVM-RBF,1,1,0,4,IR,0.021,22,1.0
espectrograma,SVM-RBF,1,1,0,4,Normal,0.0,93,1.0
espectrograma,SVM-RBF,1,1,0,4,OR,0.007,22,1.0
espectrograma,SVM-RBF,1,1,0,4,OR,0.014,22,1.0
espectrograma,SVM-RBF,1,1,0,4,OR,0.021,22,1.0
espectrograma,SVM-RBF,1,2,1,0,B,0.007,24,1.0
espectrograma,SVM-RBF,1,2,1,0,B,0.014,24,1.0
espectrograma,SVM-RBF,1,2,1,0,B,0.021,24,0.9166666666666666
espectrograma,SVM-RBF,1,2,1,0,IR,0.007,24,1.0
espectrograma,SVM-RBF,1,2,1,0,IR,0.014,24,0.9583333333333334
espectrograma,SVM-RBF,1,2,1,0,IR,0.021,24,1.0
espectrograma,SVM-RBF,1,2,1,0,Normal,0.0,95,1.0
espectrograma,SVM-RBF,1,2,1,0,OR,0.007,24,1.0
espectrograma,SVM-RBF,1,2,1,0,OR,0.014,24,1.0
espectrograma,SVM-RBF,1,2,1,0,OR,0.021,24,1.0
espectrograma,SVM-RBF,1,2,1,1,B,0.007,22,1.0
espectrograma,SVM-RBF,1,2,1,1,B,0.014,23,1.0
espectrograma,SVM-RBF,1,2,1,1,B,0.021,23,1.0
espectrograma,SVM-RBF,1,2,1,1,IR,0.007,23,1.0
espectrograma,SVM-RBF,1,2,1,1,IR,0.014,22,1.0
espectrograma,SVM-RBF,1,2,1,1,IR,0.021,22,1.0
espectrograma,SVM-RBF,1,2,1,1,Normal,0.0,93,1.0
espectrograma,SVM-RBF,1,2,1,1,OR,0.007,22,1.0
espectrograma,SVM-RBF,1,2,1,1,OR,0.014,22,1.0
espectrograma,SVM-RBF,1,2,1,1,OR,0.021,23,1.0
espectrograma,SVM-RBF,1,2,1,2,B,0.007,23,1.0
espectrograma,SVM-RBF,1,2,1,2,B,0.014,22,1.0
espectrograma,SVM-RBF,1,2,1,2,B,0.021,22,1.0
espectrograma,SVM-RBF,1,2,1,2,IR,0.007,22,1.0
espectrograma,SVM-RBF,1,2,1,2,IR,0.014,23,1.0
espectrograma,SVM-RBF,1,2,1,2,IR,0.021,23,1.0
espectrograma,SVM-RBF,1,2,1,2,Normal,0.0,94,1.0
espectrograma,SVM-RBF,1,2,1,2,OR,0.007,23,1.0
espectrograma,SVM-RBF,1,2,1,2,OR,0.014,23,1.0
espectrograma,SVM-RBF,1,2,1,2,OR,0.021,22,1.0
espectrograma,SVM-RBF,1,2,1,3,B,0.007,22,1.0
espectrograma,SVM-RBF,1,2,1,3,B,0.014,23,1.0
espectrograma,SVM-RBF,1,2,1,3,B,0.021,23,1.0
espectrograma,SVM-RBF,1,2,1,3,IR,0.007,23,1.0
espectrograma,SVM-RBF,1,2,1,3,IR,0.014,22,1.0
espectrograma,SVM-RBF,1,2,1,3,IR,0.021,22,1.0
espectrograma,SVM-RBF,1,2,1,3,Normal,0.0,93,1.0
espectrograma,SVM-RBF,1,2,1,3,OR,0.007,22,1.0
espectrograma,SVM-RBF,1,2,1,3,OR,0.014,22,1.0
espectrograma,SVM-RBF,1,2,1,3,OR,0.021,23,1.0
espectrograma,SVM-RBF,1,2,1,4,B,0.007,22,1.0
espectrograma,SVM-RBF,1,2,1,4,B,0.014,22,1.0
espectrograma,SVM-RBF,1,2,1,4,B,0.021,22,1.0
espectrograma,SVM-RBF,1,2,1,4,IR,0.007,22,1.0
espectrograma,SVM-RBF,1,2,1,4,IR,0.014,22,1.0
espectrograma,SVM-RBF,1,2,1,4,IR,0.021,22,1.0
espectrograma,SVM-RBF,1,2,1,4,Normal,0.0,93,1.0
espectrograma,SVM-RBF,1,2,1,4,OR,0.007,22,1.0
espectrograma,SVM-RBF,1,2,1,4,OR,0.014,22,1.0
espectrograma,SVM-RBF,1,2,1,4,OR,0.021,22,1.0
espectrograma,SVM-RBF,1,3,2,0,B,0.007,24,1.0
espectrograma,SVM-RBF,1,3,2,0,B,0.014,24,1.0
espectrograma,SVM-RBF,1,3,2,0,B,0.021,24,0.9583333333333334
espectrograma,SVM-RBF,1,3,2,0,IR,0.007,24,1.0
espectrograma,SVM-RBF,1,3,2,0,IR,0.014,24,0.7916666666666666
espectrograma,SVM-RBF,1,3,2,0,IR,0.021,24,1.0
espectrograma,SVM-RBF,1,3,2,0,Normal,0.0,95,1.0
espectrograma,SVM-RBF,1,3,2,0,OR,0.007,24,1.0
espectrograma,SVM-RBF,1,3,2,0,OR,0.014,24,1.0
espectrograma,SVM-RBF,1,3,2,0,OR,0.021,24,1.0
espectrograma,SVM-RBF,1,3,2,1,B,0.007,22,1.0
espectrograma,SVM-RBF,1,3,2,1,B,0.014,23,0.9565217391304348
espectrograma,SVM-RBF,1,3,2,1,B,0.021,23,1.0
espectrograma,SVM-RBF,1,3,2,1,IR,0.007,23,1.0
espectrograma,SVM-RBF,1,3,2,1,IR,0.014,22,0.8636363636363636
espectrograma,SVM-RBF,1,3,2,1,IR,0.021,23,1.0
espectrograma,SVM-RBF,1,3,2,1,Normal,0.0,94,1.0
espectrograma,SVM-RBF,1,3,2,1,OR,0.007,23,1.0
espectrograma,SVM-RBF,1,3,2,1,OR,0.014,23,1.0
espectrograma,SVM-RBF,1,3,2,1,OR,0.021,23,1.0
espectrograma,SVM-RBF,1,3,2,2,B,0.007,23,1.0
espectrograma,SVM-RBF,1,3,2,2,B,0.014,22,0.9545454545454546
espectrograma,SVM-RBF,1,3,2,2,B,0.021,22,1.0
espectrograma,SVM-RBF,1,3,2,2,IR,0.007,23,1.0
espectrograma,SVM-RBF,1,3,2,2,IR,0.014,23,0.8695652173913043
espectrograma,SVM-RBF,1,3,2,2,IR,0.021,22,1.0
espectrograma,SVM-RBF,1,3,2,2,Normal,0.0,93,1.0
espectrograma,SVM-RBF,1,3,2,2,OR,0.007,22,1.0
espectrograma,SVM-RBF,1,3,2,2,OR,0.014,22,1.0
espectrograma,SVM-RBF,1,3,2,2,OR,0.021,22,0.9545454545454546
espectrograma,SVM-RBF,1,3,2,3,B,0.007,22,1.0
espectrograma,SVM-RBF,1,3,2,3,B,0.014,23,1.0
espectrograma,SVM-RBF,1,3,2,3,B,0.021,23,1.0
espectrograma,SVM-RBF,1,3,2,3,IR,0.007,23,1.0
espectrograma,SVM-RBF,1,3,2,3,IR,0.014,22,0.8636363636363636
espectrograma,SVM-RBF,1,3,2,3,IR,0.021,23,1.0
espectrograma,SVM-RBF,1,3,2,3,Normal,0.0,94,1.0
espectrograma,SVM-RBF,1,3,2,3,OR,0.007,23,1.0
espectrograma,SVM-RBF,1,3,2,3,OR,0.014,23,1.0
espectrograma,SVM-RBF,1,3,2,3,OR,0.021,23,0.9565217391304348
espectrograma,SVM-RBF,1,3,2,4,B,0.007,22,1.0
espectrograma,SVM-RBF,1,3,2,4,B,0.014,22,1.0
espectrograma,SVM-RBF,1,3,2,4,B,0.021,22,1.0
espectrograma,SVM-RBF,1,3,2,4,IR,0.007,22,1.0
espectrograma,SVM-RBF,1,3,2,4,IR,0.014,22,0.8636363636363636
espectrograma,SVM-RBF,1,3,2,4,IR,0.021,22,1.0
espectrograma,SVM-RBF,1,3,2,4,Normal,0.0,93,1.0
espectrograma,SVM-RBF,1,3,2,4,OR,0.007,22,1.0
espectrograma,SVM-RBF,1,3,2,4,OR,0.014,22,1.0
espectrograma,SVM-RBF,1,3,2,4,OR,0.021,22,1.0
espectrograma,SVM-RBF,2,0,2,0,B,0.007,24,1.0
espectrograma,SVM-RBF,2,0,2,0,B,0.014,24,0.8333333333333334
espectrograma,SVM-RBF,2,0,2,0,B,0.021,24,0.9583333333333334
espectrograma,SVM-RBF,2,0,2,0,IR,0.007,24,1.0
espectrograma,SVM-RBF,2,0,2,0,IR,0.014,24,0.9583333333333334
espectrograma,SVM-RBF,2,0,2,0,IR,0.021,24,0.7916666666666666
espectrograma,SVM-RBF,2,0,2,0,Normal,0.0,48,1.0
espectrograma,SVM-RBF,2,0,2,0,OR,0.007,24,1.0
espectrograma,SVM-RBF,2,0,2,0,OR,0.014,24,1.0
espectrograma,SVM-RBF,2,0,2,0,OR,0.021,24,0.9583333333333334
espectrograma,SVM-RBF,2,0,2,1,B,0.007,23,1.0
espectrograma,SVM-RBF,2,0,2,1,B,0.014,22,0.9545454545454546
espectrograma,SVM-RBF,2,0,2,1,B,0.021,23,0.9130434782608696
espectrograma,SVM-RBF,2,0,2,1,IR,0.007,22,1.0
espectrograma,SVM-RBF,2,0,2,1,IR,0.014,22,1.0
espectrograma,SVM-RBF,2,0,2,1,IR,0.021,23,0.9130434782608696
espectrograma,SVM-RBF,2,0,2,1,Normal,0.0,46,1.0
espectrograma,SVM-RBF,2,0,2,1,OR,0.007,23,1.0
espectrograma,SVM-RBF,2,0,2,1,OR,0.014,22,1.0
espectrograma,SVM-RBF,2,0,2,1,OR,0.021,23,0.9565217391304348
espectrograma,SVM-RBF,2,0,2,2,B,0.007,22,1.0
espectrograma,SVM-RBF,2,0,2,2,B,0.014,23,1.0
espectrograma,SVM-RBF,2,0,2,2,B,0.021,22,0.8636363636363636
espectrograma,SVM-RBF,2,0,2,2,IR,0.007,23,1.0
espectrograma,SVM-RBF,2,0,2,2,IR,0.014,23,1.0
espectrograma,SVM-RBF,2,0,2,2,IR,0.021,22,1.0
espectrograma,SVM-RBF,2,0,2,2,Normal,0.0,47,1.0
espectrograma,SVM-RBF,2,0,2,2,OR,0.007,22,1.0
espectrograma,SVM-RBF,2,0,2,2,OR,0.014,23,1.0
espectrograma,SVM-RBF,2,0,2,2,OR,0.021,22,1.0
espectrograma,SVM-RBF,2,0,2,3,B,0.007,23,1.0
espectrograma,SVM-RBF,2,0,2,3,B,0.014,22,1.0
espectrograma,SVM-RBF,2,0,2,3,B,0.021,23,0.7391304347826086
espectrograma,SVM-RBF,2,0,2,3,IR,0.007,22,1.0
espectrograma,SVM-RBF,2,0,2,3,IR,0.014,22,1.0
espectrograma,SVM-RBF,2,0,2,3,IR,0.021,23,1.0
espectrograma,SVM-RBF,2,0,2,3,Normal,0.0,46,1.0
espectrograma,SVM-RBF,2,0,2,3,OR,0.007,23,1.0
espectrograma,SVM-RBF,2,0,2,3,OR,0.014,22,1.0
espectrograma,SVM-RBF,2,0,2,3,OR,0.021,23,0.8695652173913043
espectrograma,SVM-RBF,2,0,2,4,B,0.007,22,1.0
espectrograma,SVM-RBF,2,0,2,4,B,0.014,22,0.9090909090909092
espectrograma,SVM-RBF,2,0,2,4,B,0.021,22,1.0
espectrograma,SVM-RBF,2,0,2,4,IR,0.007,22,1.0
espectrograma,SVM-RBF,2,0,2,4,IR,0.014,22,1.0
espectrograma,SVM-RBF,2,0,2,4,IR,0.021,22,0.9545454545454546
espectrograma,SVM-RBF,2,0,2,4,Normal,0.0,46,1.0
espectrograma,SVM-RBF,2,0,2,4,OR,0.007,22,1.0
espectrograma,SVM-RBF,2,0,2,4,OR,0.014,22,1.0
espectrograma,SVM-RBF,2,0,2,4,OR,0.021,22,1.0
espectrograma,SVM-RBF,2,1,1,0,B,0.007,24,1.0
espectrograma,SVM-RBF,2,1,1,0,B,0.014,24,1.0
espectrograma,SVM-RBF,2,1,1,0,B,0.021,24,0.8333333333333334
espectrograma,SVM-RBF,2,1,1,0,IR,0.007,24,1.0
espectrograma,SVM-RBF,2,1,1,0,IR,0.014,24,0.9583333333333334
espectrograma,SVM-RBF,2,1,1,0,IR,0.021,24,1.0
espectrograma,SVM-RBF,2,1,1,0,Normal,0.0,95,1.0
espectrograma,SVM-RBF,2,1,1,0,OR,0.007,24,1.0
espectrograma,SVM-RBF,2,1,1,0,OR,0.014,24,1.0
espectrograma,SVM-RBF,2,1,1,0,OR,0.021,24,1.0
espectrograma,SVM-RBF,2,1,1,1,B,0.007,22,1.0
espectrograma,SVM-RBF,2,1,1,1,B,0.014,23,1.0
espectrograma,SVM-RBF,2,1,1,1,B,0.021,22,0.8636363636363636
espectrograma,SVM-RBF,2,1,1,1,IR,0.007,23,1.0
espectrograma,SVM-RBF,2,1,1,1,IR,0.014,22,1.0
espectrograma,SVM-RBF,2,1,1,1,IR,0.021,22,1.0
espectrograma,SVM-RBF,2,1,1,1,Normal,0.0,93,1.0
espectrograma,SVM-RBF,2,1,1,1,OR,0.007,23,1.0
espectrograma,SVM-RBF,2,1,1,1,OR,0.014,23,1.0
espectrograma,SVM-RBF,2,1,1,1,OR,0.021,23,1.0
espectrograma,SVM-RBF,2,1,1,2,B,0.007,23,1.0
espectrograma,SVM-RBF,2,1,1,2,B,0.014,22,1.0
espectrograma,SVM-RBF,2,1,1,2,B,0.021,23,0.9130434782608696
espectrograma,SVM-RBF,2,1,1,2,IR,0.007,22,1.0
espectrograma,SVM-RBF,2,1,1,2,IR,0.014,23,0.8695652173913043
espectrograma,SVM-RBF,2,1,1,2,IR,0.021,23,1.0
espectrograma,SVM-RBF,2,1,1,2,Normal,0.0,93,1.0
espectrograma,SVM-RBF,2,1,1,2,OR,0.007,22,1.0
espectrograma,SVM-RBF,2,1,1,2,OR,0.014,22,1.0
espectrograma,SVM-RBF,2,1,1,2,OR,0.021,22,1.0
espectrograma,SVM-RBF,2,1,1,3,B,0.007,22,1.0
espectrograma,SVM-RBF,2,1,1,3,B,0.014,23,1.0
espectrograma,SVM-RBF,2,1,1,3,B,0.021,22,0.9090909090909092
espectrograma,SVM-RBF,2,1,1,3,IR,0.007,23,1.0
espectrograma,SVM-RBF,2,1,1,3,IR,0.014,22,0.9545454545454546
espectrograma,SVM-RBF,2,1,1,3,IR,0.021,22,1.0
espectrograma,SVM-RBF,2,1,1,3,Normal,0.0,93,1.0
espectrograma,SVM-RBF,2,1,1,3,OR,0.007,23,1.0
espectrograma,SVM-RBF,2,1,1,3,OR,0.014,23,1.0
espectrograma,SVM-RBF,2,1,1,3,OR,0.021,23,1.0
espectrograma,SVM-RBF,2,1,1,4,B,0.007,22,1.0
espectrograma,SVM-RBF,2,1,1,4,B,0.014,22,1.0
espectrograma,SVM-RBF,2,1,1,4,B,0.021,22,0.6818181818181818
espectrograma,SVM-RBF,2,1,1,4,IR,0.007,22,1.0
espectrograma,SVM-RBF,2,1,1,4,IR,0.014,22,0.9545454545454546
espectrograma,SVM-RBF,2,1,1,4,IR,0.021,22,1.0
espectrograma,SVM-RBF,2,1,1,4,Normal,0.0,93,1.0
espectrograma,SVM-RBF,2,1,1,4,OR,0.007,22,1.0
espectrograma,SVM-RBF,2,1,1,4,OR,0.014,22,1.0
espectrograma,SVM-RBF,2,1,1,4,OR,0.021,22,1.0
espectrograma,SVM-RBF,2,2,0,0,B,0.007,24,1.0
espectrograma,SVM-RBF,2,2,0,0,B,0.014,24,1.0
espectrograma,SVM-RBF,2,2,0,0,B,0.021,24,1.0
espectrograma,SVM-RBF,2,2,0,0,IR,0.007,24,1.0
espectrograma,SVM-RBF,2,2,0,0,IR,0.014,24,0.9583333333333334
espectrograma,SVM-RBF,2,2,0,0,IR,0.021,24,1.0
espectrograma,SVM-RBF,2,2,0,0,Normal,0.0,95,1.0
espectrograma,SVM-RBF,2,2,0,0,OR,0.007,24,1.0
espectrograma,SVM-RBF,2,2,0,0,OR,0.014,24,1.0
espectrograma,SVM-RBF,2,2,0,0,OR,0.021,24,1.0
espectrograma,SVM-RBF,2,2,0,1,B,0.007,22,1.0
espectrograma,SVM-RBF,2,2,0,1,B,0.014,23,1.0
espectrograma,SVM-RBF,2,2,0,1,B,0.021,23,1.0
espectrograma,SVM-RBF,2,2,0,1,IR,0.007,23,1.0
espectrograma,SVM-RBF,2,2,0,1,IR,0.014,22,1.0
espectrograma,SVM-RBF,2,2,0,1,IR,0.021,22,1.0
espectrograma,SVM-RBF,2,2,0,1,Normal,0.0,93,1.0
espectrograma,SVM-RBF,2,2,0,1,OR,0.007,22,1.0
espectrograma,SVM-RBF,2,2,0,1,OR,0.014,22,1.0
espectrograma,SVM-RBF,2,2,0,1,OR,0.021,23,1.0
espectrograma,SVM-RBF,2,2,0,2,B,0.007,23,1.0
espectrograma,SVM-RBF,2,2,0,2,B,0.014,22,1.0
espectrograma,SVM-RBF,2,2,0,2,B,0.021,22,1.0
espectrograma,SVM-RBF,2,2,0,2,IR,0.007,22,1.0
espectrograma,SVM-RBF,2,2,0,2,IR,0.014,23,1.0
espectrograma,SVM-RBF,2,2,0,2,IR,0.021,23,1.0
espectrograma,SVM-RBF,2,2,0,2,Normal,0.0,94,1.0
espectrograma,SVM-RBF,2,2,0,2,OR,0.007,23,1.0
espectrograma,SVM-RBF,2,2,0,2,OR,0.014,23,1.0
espectrograma,SVM-RBF,2,2,0,2,OR,0.021,22,1.0
espectrograma,SVM-RBF,2,2,0,3,B,0.007,22,1.0
espectrograma,SVM-RBF,2,2,0,3,B,0.014,23,1.0
espectrograma,SVM-RBF,2,2,0,3,B,0.021,23,1.0
espectrograma,SVM-RBF,2,2,0,3,IR,0.007,23,1.0
espectrograma,SVM-RBF,2,2,0,3,IR,0.014,22,1.0
espectrograma,SVM-RBF,2,2,0,3,IR,0.021,22,1.0
espectrograma,SVM-RBF,2,2,0,3,Normal,0.0,93,1.0
espectrograma,SVM-RBF,2,2,0,3,OR,0.007,22,1.0
espectrograma,SVM-RBF,2,2,0,3,OR,0.014,22,1.0
espectrograma,SVM-RBF,2,2,0,3,OR,0.021,23,1.0
espectrograma,SVM-RBF,2,2,0,4,B,0.007,22,1.0
espectrograma,SVM-RBF,2,2,0,4,B,0.014,22,1.0
espectrograma,SVM-RBF,2,2,0,4,B,0.021,22,1.0
espectrograma,SVM-RBF,2,2,0,4,IR,0.007,22,1.0
espectrograma,SVM-RBF,2,2,0,4,IR,0.014,22,1.0
espectrograma,SVM-RBF,2,2,0,4,IR,0.021,22,1.0
espectrograma,SVM-RBF,2,2,0,4,Normal,0.0,93,1.0
espectrograma,SVM-RBF,2,2,0,4,OR,0.007,22,1.0
espectrograma,SVM-RBF,2,2,0,4,OR,0.014,22,1.0
espectrograma,SVM-RBF,2,2,0,4,OR,0.021,22,1.0
espectrograma,SVM-RBF,2,3,1,0,B,0.007,24,1.0
espectrograma,SVM-RBF,2,3,1,0,B,0.014,24,1.0
espectrograma,SVM-RBF,2,3,1,0,B,0.021,24,1.0
espectrograma,SVM-RBF,2,3,1,0,IR,0.007,24,1.0
espectrograma,SVM-RBF,2,3,1,0,IR,0.014,24,0.9583333333333334
espectrograma,SVM-RBF,2,3,1,0,IR,0.021,24,1.0
espectrograma,SVM-RBF,2,3,1,0,Normal,0.0,95,1.0
espectrograma,SVM-RBF,2,3,1,0,OR,0.007,24,1.0
espectrograma,SVM-RBF,2,3,1,0,OR,0.014,24,1.0
espectrograma,SVM-RBF,2,3,1,0,OR,0.021,24,0.9583333333333334
espectrograma,SVM-RBF,2,3,1,1,B,0.007,22,1.0
espectrograma,SVM-RBF,2,3,1,1,B,0.014,23,0.9565217391304348
espectrograma,SVM-RBF,2,3,1,1,B,0.021,23,1.0
espectrograma,SVM-RBF,2,3,1,1,IR,0.007,23,1.0
espectrograma,SVM-RBF,2,3,1,1,IR,0.014,22,1.0
espectrograma,SVM-RBF,2,3,1,1,IR,0.021,23,1.0
espectrograma,SVM-RBF,2,3,1,1,Normal,0.0,94,1.0
espectrograma,SVM-RBF,2,3,1,1,OR,0.007,23,1.0
espectrograma,SVM-RBF,2,3,1,1,OR,0.014,23,1.0
espectrograma,SVM-RBF,2,3,1,1,OR,0.021,23,1.0
espectrograma,SVM-RBF,2,3,1,2,B,0.007,23,1.0
espectrograma,SVM-RBF,2,3,1,2,B,0.014,22,1.0
espectrograma,SVM-RBF,2,3,1,2,B,0.021,22,1.0
espectrograma,SVM-RBF,2,3,1,2,IR,0.007,23,1.0
espectrograma,SVM-RBF,2,3,1,2,IR,0.014,23,1.0
espectrograma,SVM-RBF,2,3,1,2,IR,0.021,22,1.0
espectrograma,SVM-RBF,2,3,1,2,Normal,0.0,93,1.0
espectrograma,SVM-RBF,2,3,1,2,OR,0.007,22,1.0
espectrograma,SVM-RBF,2,3,1,2,OR,0.014,22,1.0
espectrograma,SVM-RBF,2,3,1,2,OR,0.021,22,0.9090909090909092
espectrograma,SVM-RBF,2,3,1,3,B,0.007,22,1.0
espectrograma,SVM-RBF,2,3,1,3,B,0.014,23,1.0
espectrograma,SVM-RBF,2,3,1,3,B,0.021,23,1.0
espectrograma,SVM-RBF,2,3,1,3,IR,0.007,23,1.0
espectrograma,SVM-RBF,2,3,1,3,IR,0.014,22,1.0
espectrograma,SVM-RBF,2,3,1,3,IR,0.021,23,1.0
espectrograma,SVM-RBF,2,3,1,3,Normal,0.0,94,1.0
espectrograma,SVM-RBF,2,3,1,3,OR,0.007,23,1.0
espectrograma,SVM-RBF,2,3,1,3,OR,0.014,23,0.9130434782608696
espectrograma,SVM-RBF,2,3,1,3,OR,0.021,23,1.0
espectrograma,SVM-RBF,2,3,1,4,B,0.007,22,1.0
espectrograma,SVM-RBF,2,3,1,4,B,0.014,22,1.0
espectrograma,SVM-RBF,2,3,1,4,B,0.021,22,1.0
espectrograma,SVM-RBF,2,3,1,4,IR,0.007,22,1.0
espectrograma,SVM-RBF,2,3,1,4,IR,0.014,22,1.0
espectrograma,SVM-RBF,2,3,1,4,IR,0.021,22,1.0
espectrograma,SVM-RBF,2,3,1,4,Normal,0.0,93,1.0
espectrograma,SVM-RBF,2,3,1,4,OR,0.007,22,1.0
espectrograma,SVM-RBF,2,3,1,4,OR,0.014,22,1.0
espectrograma,SVM-RBF,2,3,1,4,OR,0.021,22,1.0
espectrograma,SVM-RBF,3,0,3,0,B,0.007,24,1.0
espectrograma,SVM-RBF,3,0,3,0,B,0.014,24,0.9166666666666666
espectrograma,SVM-RBF,3,0,3,0,B,0.021,24,0.9583333333333334
espectrograma,SVM-RBF,3,0,3,0,IR,0.007,24,1.0
espectrograma,SVM-RBF,3,0,3,0,IR,0.014,24,0.0
espectrograma,SVM-RBF,3,0,3,0,IR,0.021,24,0.6666666666666666
espectrograma,SVM-RBF,3,0,3,0,Normal,0.0,48,1.0
espectrograma,SVM-RBF,3,0,3,0,OR,0.007,24,1.0
espectrograma,SVM-RBF,3,0,3,0,OR,0.014,24,1.0
espectrograma,SVM-RBF,3,0,3,0,OR,0.021,24,1.0
espectrograma,SVM-RBF,3,0,3,1,B,0.007,23,1.0
espectrograma,SVM-RBF,3,0,3,1,B,0.014,22,1.0
espectrograma,SVM-RBF,3,0,3,1,B,0.021,23,0.782608695652174
espectrograma,SVM-RBF,3,0,3,1,IR,0.007,22,1.0
espectrograma,SVM-RBF,3,0,3,1,IR,0.014,22,0.0
espectrograma,SVM-RBF,3,0,3,1,IR,0.021,23,0.9130434782608696
espectrograma,SVM-RBF,3,0,3,1,Normal,0.0,46,1.0
espectrograma,SVM-RBF,3,0,3,1,OR,0.007,23,1.0
espectrograma,SVM-RBF,3,0,3,1,OR,0.014,22,1.0
espectrograma,SVM-RBF,3,0,3,1,OR,0.021,23,1.0
espectrograma,SVM-RBF,3,0,3,2,B,0.007,22,1.0
espectrograma,SVM-RBF,3,0,3,2,B,0.014,23,1.0
espectrograma,SVM-RBF,3,0,3,2,B,0.021,22,0.7727272727272727
espectrograma,SVM-RBF,3,0,3,2,IR,0.007,23,1.0
espectrograma,SVM-RBF,3,0,3,2,IR,0.014,23,0.0
espectrograma,SVM-RBF,3,0,3,2,IR,0.021,22,1.0
espectrograma,SVM-RBF,3,0,3,2,Normal,0.0,47,1.0
espectrograma,SVM-RBF,3,0,3,2,OR,0.007,22,1.0
espectrograma,SVM-RBF,3,0,3,2,OR,0.014,23,1.0
espectrograma,SVM-RBF,3,0,3,2,OR,0.021,22,1.0
espectrograma,SVM-RBF,3,0,3,3,B,0.007,23,1.0
espectrograma,SVM-RBF,3,0,3,3,B,0.014,22,1.0
espectrograma,SVM-RBF,3,0,3,3,B,0.021,23,0.6956521739130435
espectrograma,SVM-RBF,3,0,3,3,IR,0.007,22,1.0
espectrograma,SVM-RBF,3,0,3,3,IR,0.014,22,0.0454545454545454
espectrograma,SVM-RBF,3,0,3,3,IR,0.021,23,1.0
espectrograma,SVM-RBF,3,0,3,3,Normal,0.0,46,1.0
espectrograma,SVM-RBF,3,0,3,3,OR,0.007,23,1.0
espectrograma,SVM-RBF,3,0,3,3,OR,0.014,22,1.0
espectrograma,SVM-RBF,3,0,3,3,OR,0.021,23,0.9565217391304348
espectrograma,SVM-RBF,3,0,3,4,B,0.007,22,1.0
espectrograma,SVM-RBF,3,0,3,4,B,0.014,22,0.9545454545454546
espectrograma,SVM-RBF,3,0,3,4,B,0.021,22,1.0
espectrograma,SVM-RBF,3,0,3,4,IR,0.007,22,1.0
espectrograma,SVM-RBF,3,0,3,4,IR,0.014,22,0.0
espectrograma,SVM-RBF,3,0,3,4,IR,0.021,22,0.9545454545454546
espectrograma,SVM-RBF,3,0,3,4,Normal,0.0,46,1.0
espectrograma,SVM-RBF,3,0,3,4,OR,0.007,22,1.0
espectrograma,SVM-RBF,3,0,3,4,OR,0.014,22,1.0
espectrograma,SVM-RBF,3,0,3,4,OR,0.021,22,1.0
espectrograma,SVM-RBF,3,1,2,0,B,0.007,24,1.0
espectrograma,SVM-RBF,3,1,2,0,B,0.014,24,0.875
espectrograma,SVM-RBF,3,1,2,0,B,0.021,24,0.0
espectrograma,SVM-RBF,3,1,2,0,IR,0.007,24,1.0
espectrograma,SVM-RBF,3,1,2,0,IR,0.014,24,0.0
espectrograma,SVM-RBF,3,1,2,0,IR,0.021,24,1.0
espectrograma,SVM-RBF,3,1,2,0,Normal,0.0,95,1.0
espectrograma,SVM-RBF,3,1,2,0,OR,0.007,24,1.0
espectrograma,SVM-RBF,3,1,2,0,OR,0.014,24,1.0
espectrograma,SVM-RBF,3,1,2,0,OR,0.021,24,1.0
espectrograma,SVM-RBF,3,1,2,1,B,0.007,22,1.0
espectrograma,SVM-RBF,3,1,2,1,B,0.014,23,1.0
espectrograma,SVM-RBF,3,1,2,1,B,0.021,22,0.0
espectrograma,SVM-RBF,3,1,2,1,IR,0.007,23,1.0
espectrograma,SVM-RBF,3,1,2,1,IR,0.014,22,0.0
espectrograma,SVM-RBF,3,1,2,1,IR,0.021,22,1.0
espectrograma,SVM-RBF,3,1,2,1,Normal,0.0,93,1.0
espectrograma,SVM-RBF,3,1,2,1,OR,0.007,23,1.0
espectrograma,SVM-RBF,3,1,2,1,OR,0.014,23,1.0
espectrograma,SVM-RBF,3,1,2,1,OR,0.021,23,1.0
espectrograma,SVM-RBF,3,1,2,2,B,0.007,23,0.9130434782608696
espectrograma,SVM-RBF,3,1,2,2,B,0.014,22,0.7727272727272727
espectrograma,SVM-RBF,3,1,2,2,B,0.021,23,0.0
espectrograma,SVM-RBF,3,1,2,2,IR,0.007,22,1.0
espectrograma,SVM-RBF,3,1,2,2,IR,0.014,23,0.0
espectrograma,SVM-RBF,3,1,2,2,IR,0.021,23,1.0
espectrograma,SVM-RBF,3,1,2,2,Normal,0.0,93,1.0
espectrograma,SVM-RBF,3,1,2,2,OR,0.007,22,1.0
espectrograma,SVM-RBF,3,1,2,2,OR,0.014,22,1.0
espectrograma,SVM-RBF,3,1,2,2,OR,0.021,22,1.0
espectrograma,SVM-RBF,3,1,2,3,B,0.007,22,1.0
espectrograma,SVM-RBF,3,1,2,3,B,0.014,23,0.9565217391304348
espectrograma,SVM-RBF,3,1,2,3,B,0.021,22,0.0
espectrograma,SVM-RBF,3,1,2,3,IR,0.007,23,1.0
espectrograma,SVM-RBF,3,1,2,3,IR,0.014,22,0.0
espectrograma,SVM-RBF,3,1,2,3,IR,0.021,22,1.0
espectrograma,SVM-RBF,3,1,2,3,Normal,0.0,93,1.0
espectrograma,SVM-RBF,3,1,2,3,OR,0.007,23,1.0
espectrograma,SVM-RBF,3,1,2,3,OR,0.014,23,1.0
espectrograma,SVM-RBF,3,1,2,3,OR,0.021,23,1.0
espectrograma,SVM-RBF,3,1,2,4,B,0.007,22,1.0
espectrograma,SVM-RBF,3,1,2,4,B,0.014,22,1.0
espectrograma,SVM-RBF,3,1,2,4,B,0.021,22,0.0
espectrograma,SVM-RBF,3,1,2,4,IR,0.007,22,1.0
espectrograma,SVM-RBF,3,1,2,4,IR,0.014,22,0.0
espectrograma,SVM-RBF,3,1,2,4,IR,0.021,22,1.0
espectrograma,SVM-RBF,3,1,2,4,Normal,0.0,93,1.0
espectrograma,SVM-RBF,3,1,2,4,OR,0.007,22,1.0
espectrograma,SVM-RBF,3,1,2,4,OR,0.014,22,1.0
espectrograma,SVM-RBF,3,1,2,4,OR,0.021,22,1.0
espectrograma,SVM-RBF,3,2,1,0,B,0.007,24,1.0
espectrograma,SVM-RBF,3,2,1,0,B,0.014,24,1.0
espectrograma,SVM-RBF,3,2,1,0,B,0.021,24,0.9583333333333334
espectrograma,SVM-RBF,3,2,1,0,IR,0.007,24,1.0
espectrograma,SVM-RBF,3,2,1,0,IR,0.014,24,0.2916666666666667
espectrograma,SVM-RBF,3,2,1,0,IR,0.021,24,1.0
espectrograma,SVM-RBF,3,2,1,0,Normal,0.0,95,1.0
espectrograma,SVM-RBF,3,2,1,0,OR,0.007,24,1.0
espectrograma,SVM-RBF,3,2,1,0,OR,0.014,24,1.0
espectrograma,SVM-RBF,3,2,1,0,OR,0.021,24,1.0
espectrograma,SVM-RBF,3,2,1,1,B,0.007,22,1.0
espectrograma,SVM-RBF,3,2,1,1,B,0.014,23,1.0
espectrograma,SVM-RBF,3,2,1,1,B,0.021,23,1.0
espectrograma,SVM-RBF,3,2,1,1,IR,0.007,23,1.0
espectrograma,SVM-RBF,3,2,1,1,IR,0.014,22,0.1818181818181818
espectrograma,SVM-RBF,3,2,1,1,IR,0.021,22,1.0
espectrograma,SVM-RBF,3,2,1,1,Normal,0.0,93,1.0
espectrograma,SVM-RBF,3,2,1,1,OR,0.007,22,1.0
espectrograma,SVM-RBF,3,2,1,1,OR,0.014,22,1.0
espectrograma,SVM-RBF,3,2,1,1,OR,0.021,23,1.0
espectrograma,SVM-RBF,3,2,1,2,B,0.007,23,1.0
espectrograma,SVM-RBF,3,2,1,2,B,0.014,22,1.0
espectrograma,SVM-RBF,3,2,1,2,B,0.021,22,1.0
espectrograma,SVM-RBF,3,2,1,2,IR,0.007,22,1.0
espectrograma,SVM-RBF,3,2,1,2,IR,0.014,23,0.217391304347826
espectrograma,SVM-RBF,3,2,1,2,IR,0.021,23,1.0
espectrograma,SVM-RBF,3,2,1,2,Normal,0.0,94,1.0
espectrograma,SVM-RBF,3,2,1,2,OR,0.007,23,1.0
espectrograma,SVM-RBF,3,2,1,2,OR,0.014,23,1.0
espectrograma,SVM-RBF,3,2,1,2,OR,0.021,22,1.0
espectrograma,SVM-RBF,3,2,1,3,B,0.007,22,1.0
espectrograma,SVM-RBF,3,2,1,3,B,0.014,23,1.0
espectrograma,SVM-RBF,3,2,1,3,B,0.021,23,1.0
espectrograma,SVM-RBF,3,2,1,3,IR,0.007,23,1.0
espectrograma,SVM-RBF,3,2,1,3,IR,0.014,22,0.1818181818181818
espectrograma,SVM-RBF,3,2,1,3,IR,0.021,22,1.0
espectrograma,SVM-RBF,3,2,1,3,Normal,0.0,93,1.0
espectrograma,SVM-RBF,3,2,1,3,OR,0.007,22,1.0
espectrograma,SVM-RBF,3,2,1,3,OR,0.014,22,1.0
espectrograma,SVM-RBF,3,2,1,3,OR,0.021,23,1.0
espectrograma,SVM-RBF,3,2,1,4,B,0.007,22,1.0
espectrograma,SVM-RBF,3,2,1,4,B,0.014,22,1.0
espectrograma,SVM-RBF,3,2,1,4,B,0.021,22,0.8636363636363636
espectrograma,SVM-RBF,3,2,1,4,IR,0.007,22,1.0
espectrograma,SVM-RBF,3,2,1,4,IR,0.014,22,0.2272727272727272
espectrograma,SVM-RBF,3,2,1,4,IR,0.021,22,1.0
espectrograma,SVM-RBF,3,2,1,4,Normal,0.0,93,1.0
espectrograma,SVM-RBF,3,2,1,4,OR,0.007,22,1.0
espectrograma,SVM-RBF,3,2,1,4,OR,0.014,22,1.0
espectrograma,SVM-RBF,3,2,1,4,OR,0.021,22,1.0
espectrograma,SVM-RBF,3,3,0,0,B,0.007,24,1.0
espectrograma,SVM-RBF,3,3,0,0,B,0.014,24,1.0
espectrograma,SVM-RBF,3,3,0,0,B,0.021,24,1.0
espectrograma,SVM-RBF,3,3,0,0,IR,0.007,24,1.0
espectrograma,SVM-RBF,3,3,0,0,IR,0.014,24,1.0
espectrograma,SVM-RBF,3,3,0,0,IR,0.021,24,1.0
espectrograma,SVM-RBF,3,3,0,0,Normal,0.0,95,1.0
espectrograma,SVM-RBF,3,3,0,0,OR,0.007,24,1.0
espectrograma,SVM-RBF,3,3,0,0,OR,0.014,24,1.0
espectrograma,SVM-RBF,3,3,0,0,OR,0.021,24,1.0
espectrograma,SVM-RBF,3,3,0,1,B,0.007,22,1.0
espectrograma,SVM-RBF,3,3,0,1,B,0.014,23,1.0
espectrograma,SVM-RBF,3,3,0,1,B,0.021,23,1.0
espectrograma,SVM-RBF,3,3,0,1,IR,0.007,23,1.0
espectrograma,SVM-RBF,3,3,0,1,IR,0.014,22,1.0
espectrograma,SVM-RBF,3,3,0,1,IR,0.021,23,1.0
espectrograma,SVM-RBF,3,3,0,1,Normal,0.0,94,1.0
espectrograma,SVM-RBF,3,3,0,1,OR,0.007,23,1.0
espectrograma,SVM-RBF,3,3,0,1,OR,0.014,23,1.0
espectrograma,SVM-RBF,3,3,0,1,OR,0.021,23,1.0
espectrograma,SVM-RBF,3,3,0,2,B,0.007,23,1.0
espectrograma,SVM-RBF,3,3,0,2,B,0.014,22,1.0
espectrograma,SVM-RBF,3,3,0,2,B,0.021,22,1.0
espectrograma,SVM-RBF,3,3,0,2,IR,0.007,23,1.0
espectrograma,SVM-RBF,3,3,0,2,IR,0.014,23,1.0
espectrograma,SVM-RBF,3,3,0,2,IR,0.021,22,1.0
espectrograma,SVM-RBF,3,3,0,2,Normal,0.0,93,1.0
espectrograma,SVM-RBF,3,3,0,2,OR,0.007,22,1.0
espectrograma,SVM-RBF,3,3,0,2,OR,0.014,22,1.0
espectrograma,SVM-RBF,3,3,0,2,OR,0.021,22,1.0
espectrograma,SVM-RBF,3,3,0,3,B,0.007,22,1.0
espectrograma,SVM-RBF,3,3,0,3,B,0.014,23,1.0
espectrograma,SVM-RBF,3,3,0,3,B,0.021,23,1.0
espectrograma,SVM-RBF,3,3,0,3,IR,0.007,23,1.0
espectrograma,SVM-RBF,3,3,0,3,IR,0.014,22,1.0
espectrograma,SVM-RBF,3,3,0,3,IR,0.021,23,1.0
espectrograma,SVM-RBF,3,3,0,3,Normal,0.0,94,1.0
espectrograma,SVM-RBF,3,3,0,3,OR,0.007,23,1.0
espectrograma,SVM-RBF,3,3,0,3,OR,0.014,23,1.0
espectrograma,SVM-RBF,3,3,0,3,OR,0.021,23,1.0
espectrograma,SVM-RBF,3,3,0,4,B,0.007,22,1.0
espectrograma,SVM-RBF,3,3,0,4,B,0.014,22,1.0
espectrograma,SVM-RBF,3,3,0,4,B,0.021,22,1.0
espectrograma,SVM-RBF,3,3,0,4,IR,0.007,22,1.0
espectrograma,SVM-RBF,3,3,0,4,IR,0.014,22,1.0
espectrograma,SVM-RBF,3,3,0,4,IR,0.021,22,1.0
espectrograma,SVM-RBF,3,3,0,4,Normal,0.0,93,1.0
espectrograma,SVM-RBF,3,3,0,4,OR,0.007,22,1.0
espectrograma,SVM-RBF,3,3,0,4,OR,0.014,22,1.0
espectrograma,SVM-RBF,3,3,0,4,OR,0.021,22,1.0
espectrograma,RandomForest,0,0,0,0,B,0.007,24,1.0
espectrograma,RandomForest,0,0,0,0,B,0.014,24,0.7916666666666666
espectrograma,RandomForest,0,0,0,0,B,0.021,24,1.0
espectrograma,RandomForest,0,0,0,0,IR,0.007,24,1.0
espectrograma,RandomForest,0,0,0,0,IR,0.014,24,1.0
espectrograma,RandomForest,0,0,0,0,IR,0.021,24,1.0
espectrograma,RandomForest,0,0,0,0,Normal,0.0,48,1.0
espectrograma,RandomForest,0,0,0,0,OR,0.007,24,1.0
espectrograma,RandomForest,0,0,0,0,OR,0.014,24,1.0
espectrograma,RandomForest,0,0,0,0,OR,0.021,24,0.9583333333333334
espectrograma,RandomForest,0,0,0,1,B,0.007,23,1.0
espectrograma,RandomForest,0,0,0,1,B,0.014,22,0.9090909090909092
espectrograma,RandomForest,0,0,0,1,B,0.021,23,0.9565217391304348
espectrograma,RandomForest,0,0,0,1,IR,0.007,22,1.0
espectrograma,RandomForest,0,0,0,1,IR,0.014,22,1.0
espectrograma,RandomForest,0,0,0,1,IR,0.021,23,1.0
espectrograma,RandomForest,0,0,0,1,Normal,0.0,46,1.0
espectrograma,RandomForest,0,0,0,1,OR,0.007,23,1.0
espectrograma,RandomForest,0,0,0,1,OR,0.014,22,1.0
espectrograma,RandomForest,0,0,0,1,OR,0.021,23,0.9565217391304348
espectrograma,RandomForest,0,0,0,2,B,0.007,22,1.0
espectrograma,RandomForest,0,0,0,2,B,0.014,23,1.0
espectrograma,RandomForest,0,0,0,2,B,0.021,22,0.9090909090909092
espectrograma,RandomForest,0,0,0,2,IR,0.007,23,1.0
espectrograma,RandomForest,0,0,0,2,IR,0.014,23,1.0
espectrograma,RandomForest,0,0,0,2,IR,0.021,22,1.0
espectrograma,RandomForest,0,0,0,2,Normal,0.0,47,1.0
espectrograma,RandomForest,0,0,0,2,OR,0.007,22,1.0
espectrograma,RandomForest,0,0,0,2,OR,0.014,23,1.0
espectrograma,RandomForest,0,0,0,2,OR,0.021,22,1.0
espectrograma,RandomForest,0,0,0,3,B,0.007,23,1.0
espectrograma,RandomForest,0,0,0,3,B,0.014,22,0.8636363636363636
espectrograma,RandomForest,0,0,0,3,B,0.021,23,0.9130434782608696
espectrograma,RandomForest,0,0,0,3,IR,0.007,22,1.0
espectrograma,RandomForest,0,0,0,3,IR,0.014,22,1.0
espectrograma,RandomForest,0,0,0,3,IR,0.021,23,1.0
espectrograma,RandomForest,0,0,0,3,Normal,0.0,46,1.0
espectrograma,RandomForest,0,0,0,3,OR,0.007,23,1.0
espectrograma,RandomForest,0,0,0,3,OR,0.014,22,1.0
espectrograma,RandomForest,0,0,0,3,OR,0.021,23,0.8260869565217391
espectrograma,RandomForest,0,0,0,4,B,0.007,22,1.0
espectrograma,RandomForest,0,0,0,4,B,0.014,22,0.9090909090909092
espectrograma,RandomForest,0,0,0,4,B,0.021,22,1.0
espectrograma,RandomForest,0,0,0,4,IR,0.007,22,1.0
espectrograma,RandomForest,0,0,0,4,IR,0.014,22,1.0
espectrograma,RandomForest,0,0,0,4,IR,0.021,22,1.0
espectrograma,RandomForest,0,0,0,4,Normal,0.0,46,1.0
espectrograma,RandomForest,0,0,0,4,OR,0.007,22,1.0
espectrograma,RandomForest,0,0,0,4,OR,0.014,22,1.0
espectrograma,RandomForest,0,0,0,4,OR,0.021,22,1.0
espectrograma,RandomForest,0,1,1,0,B,0.007,24,0.875
espectrograma,RandomForest,0,1,1,0,B,0.014,24,0.5416666666666666
espectrograma,RandomForest,0,1,1,0,B,0.021,24,0.0
espectrograma,RandomForest,0,1,1,0,IR,0.007,24,1.0
espectrograma,RandomForest,0,1,1,0,IR,0.014,24,0.125
espectrograma,RandomForest,0,1,1,0,IR,0.021,24,1.0
espectrograma,RandomForest,0,1,1,0,Normal,0.0,95,1.0
espectrograma,RandomForest,0,1,1,0,OR,0.007,24,1.0
espectrograma,RandomForest,0,1,1,0,OR,0.014,24,1.0
espectrograma,RandomForest,0,1,1,0,OR,0.021,24,1.0
espectrograma,RandomForest,0,1,1,1,B,0.007,22,1.0
espectrograma,RandomForest,0,1,1,1,B,0.014,23,0.6521739130434783
espectrograma,RandomForest,0,1,1,1,B,0.021,22,0.0
espectrograma,RandomForest,0,1,1,1,IR,0.007,23,1.0
espectrograma,RandomForest,0,1,1,1,IR,0.014,22,0.2272727272727272
espectrograma,RandomForest,0,1,1,1,IR,0.021,22,0.9090909090909092
espectrograma,RandomForest,0,1,1,1,Normal,0.0,93,1.0
espectrograma,RandomForest,0,1,1,1,OR,0.007,23,1.0
espectrograma,RandomForest,0,1,1,1,OR,0.014,23,1.0
espectrograma,RandomForest,0,1,1,1,OR,0.021,23,1.0
espectrograma,RandomForest,0,1,1,2,B,0.007,23,0.9130434782608696
espectrograma,RandomForest,0,1,1,2,B,0.014,22,0.4545454545454545
espectrograma,RandomForest,0,1,1,2,B,0.021,23,0.0
espectrograma,RandomForest,0,1,1,2,IR,0.007,22,1.0
espectrograma,RandomForest,0,1,1,2,IR,0.014,23,0.1304347826086956
espectrograma,RandomForest,0,1,1,2,IR,0.021,23,1.0
espectrograma,RandomForest,0,1,1,2,Normal,0.0,93,1.0
espectrograma,RandomForest,0,1,1,2,OR,0.007,22,1.0
espectrograma,RandomForest,0,1,1,2,OR,0.014,22,1.0
espectrograma,RandomForest,0,1,1,2,OR,0.021,22,1.0
espectrograma,RandomForest,0,1,1,3,B,0.007,22,0.9545454545454546
espectrograma,RandomForest,0,1,1,3,B,0.014,23,0.782608695652174
espectrograma,RandomForest,0,1,1,3,B,0.021,22,0.0
espectrograma,RandomForest,0,1,1,3,IR,0.007,23,1.0
espectrograma,RandomForest,0,1,1,3,IR,0.014,22,0.2272727272727272
espectrograma,RandomForest,0,1,1,3,IR,0.021,22,0.8181818181818182
espectrograma,RandomForest,0,1,1,3,Normal,0.0,93,1.0
espectrograma,RandomForest,0,1,1,3,OR,0.007,23,1.0
espectrograma,RandomForest,0,1,1,3,OR,0.014,23,1.0
espectrograma,RandomForest,0,1,1,3,OR,0.021,23,0.9565217391304348
espectrograma,RandomForest,0,1,1,4,B,0.007,22,1.0
espectrograma,RandomForest,0,1,1,4,B,0.014,22,0.8181818181818182
espectrograma,RandomForest,0,1,1,4,B,0.021,22,0.0
espectrograma,RandomForest,0,1,1,4,IR,0.007,22,1.0
espectrograma,RandomForest,0,1,1,4,IR,0.014,22,0.0
espectrograma,RandomForest,0,1,1,4,IR,0.021,22,0.8636363636363636
espectrograma,RandomForest,0,1,1,4,Normal,0.0,93,1.0
espectrograma,RandomForest,0,1,1,4,OR,0.007,22,1.0
espectrograma,RandomForest,0,1,1,4,OR,0.014,22,1.0
espectrograma,RandomForest,0,1,1,4,OR,0.021,22,1.0
espectrograma,RandomForest,0,2,2,0,B,0.007,24,1.0
espectrograma,RandomForest,0,2,2,0,B,0.014,24,1.0
espectrograma,RandomForest,0,2,2,0,B,0.021,24,0.0
espectrograma,RandomForest,0,2,2,0,IR,0.007,24,1.0
espectrograma,RandomForest,0,2,2,0,IR,0.014,24,0.2083333333333333
espectrograma,RandomForest,0,2,2,0,IR,0.021,24,0.9166666666666666
espectrograma,RandomForest,0,2,2,0,Normal,0.0,95,1.0
espectrograma,RandomForest,0,2,2,0,OR,0.007,24,1.0
espectrograma,RandomForest,0,2,2,0,OR,0.014,24,1.0
espectrograma,RandomForest,0,2,2,0,OR,0.021,24,1.0
espectrograma,RandomForest,0,2,2,1,B,0.007,22,1.0
espectrograma,RandomForest,0,2,2,1,B,0.014,23,0.8695652173913043
espectrograma,RandomForest,0,2,2,1,B,0.021,23,0.0
espectrograma,RandomForest,0,2,2,1,IR,0.007,23,1.0
espectrograma,RandomForest,0,2,2,1,IR,0.014,22,0.0
espectrograma,RandomForest,0,2,2,1,IR,0.021,22,0.9545454545454546
espectrograma,RandomForest,0,2,2,1,Normal,0.0,93,1.0
espectrograma,RandomForest,0,2,2,1,OR,0.007,22,1.0
espectrograma,RandomForest,0,2,2,1,OR,0.014,22,1.0
espectrograma,RandomForest,0,2,2,1,OR,0.021,23,1.0
espectrograma,RandomForest,0,2,2,2,B,0.007,23,1.0
espectrograma,RandomForest,0,2,2,2,B,0.014,22,0.9545454545454546
espectrograma,RandomForest,0,2,2,2,B,0.021,22,0.0
espectrograma,RandomForest,0,2,2,2,IR,0.007,22,1.0
espectrograma,RandomForest,0,2,2,2,IR,0.014,23,0.3478260869565217
espectrograma,RandomForest,0,2,2,2,IR,0.021,23,0.7391304347826086
espectrograma,RandomForest,0,2,2,2,Normal,0.0,94,1.0
espectrograma,RandomForest,0,2,2,2,OR,0.007,23,1.0
espectrograma,RandomForest,0,2,2,2,OR,0.014,23,1.0
espectrograma,RandomForest,0,2,2,2,OR,0.021,22,1.0
espectrograma,RandomForest,0,2,2,3,B,0.007,22,1.0
espectrograma,RandomForest,0,2,2,3,B,0.014,23,0.9565217391304348
espectrograma,RandomForest,0,2,2,3,B,0.021,23,0.0
espectrograma,RandomForest,0,2,2,3,IR,0.007,23,1.0
espectrograma,RandomForest,0,2,2,3,IR,0.014,22,0.3636363636363636
espectrograma,RandomForest,0,2,2,3,IR,0.021,22,0.9545454545454546
espectrograma,RandomForest,0,2,2,3,Normal,0.0,93,1.0
espectrograma,RandomForest,0,2,2,3,OR,0.007,22,1.0
espectrograma,RandomForest,0,2,2,3,OR,0.014,22,1.0
espectrograma,RandomForest,0,2,2,3,OR,0.021,23,1.0
espectrograma,RandomForest,0,2,2,4,B,0.007,22,0.8636363636363636
espectrograma,RandomForest,0,2,2,4,B,0.014,22,0.8181818181818182
espectrograma,RandomForest,0,2,2,4,B,0.021,22,0.0
espectrograma,RandomForest,0,2,2,4,IR,0.007,22,1.0
espectrograma,RandomForest,0,2,2,4,IR,0.014,22,0.3636363636363636
espectrograma,RandomForest,0,2,2,4,IR,0.021,22,0.9090909090909092
espectrograma,RandomForest,0,2,2,4,Normal,0.0,93,0.989247311827957
espectrograma,RandomForest,0,2,2,4,OR,0.007,22,1.0
espectrograma,RandomForest,0,2,2,4,OR,0.014,22,1.0
espectrograma,RandomForest,0,2,2,4,OR,0.021,22,1.0
espectrograma,RandomForest,0,3,3,0,B,0.007,24,1.0
espectrograma,RandomForest,0,3,3,0,B,0.014,24,0.9583333333333334
espectrograma,RandomForest,0,3,3,0,B,0.021,24,0.625
espectrograma,RandomForest,0,3,3,0,IR,0.007,24,1.0
espectrograma,RandomForest,0,3,3,0,IR,0.014,24,0.0416666666666666
espectrograma,RandomForest,0,3,3,0,IR,0.021,24,0.8333333333333334
espectrograma,RandomForest,0,3,3,0,Normal,0.0,95,1.0
espectrograma,RandomForest,0,3,3,0,OR,0.007,24,1.0
espectrograma,RandomForest,0,3,3,0,OR,0.014,24,1.0
espectrograma,RandomForest,0,3,3,0,OR,0.021,24,0.9583333333333334
espectrograma,RandomForest,0,3,3,1,B,0.007,22,1.0
espectrograma,RandomForest,0,3,3,1,B,0.014,23,0.9130434782608696
espectrograma,RandomForest,0,3,3,1,B,0.021,23,0.5217391304347826
espectrograma,RandomForest,0,3,3,1,IR,0.007,23,1.0
espectrograma,RandomForest,0,3,3,1,IR,0.014,22,0.0454545454545454
espectrograma,RandomForest,0,3,3,1,IR,0.021,23,0.9130434782608696
espectrograma,RandomForest,0,3,3,1,Normal,0.0,94,1.0
espectrograma,RandomForest,0,3,3,1,OR,0.007,23,1.0
espectrograma,RandomForest,0,3,3,1,OR,0.014,23,1.0
espectrograma,RandomForest,0,3,3,1,OR,0.021,23,0.9565217391304348
espectrograma,RandomForest,0,3,3,2,B,0.007,23,1.0
espectrograma,RandomForest,0,3,3,2,B,0.014,22,0.8636363636363636
espectrograma,RandomForest,0,3,3,2,B,0.021,22,0.3636363636363636
espectrograma,RandomForest,0,3,3,2,IR,0.007,23,1.0
espectrograma,RandomForest,0,3,3,2,IR,0.014,23,0.0434782608695652
espectrograma,RandomForest,0,3,3,2,IR,0.021,22,0.8181818181818182
espectrograma,RandomForest,0,3,3,2,Normal,0.0,93,1.0
espectrograma,RandomForest,0,3,3,2,OR,0.007,22,1.0
espectrograma,RandomForest,0,3,3,2,OR,0.014,22,1.0
espectrograma,RandomForest,0,3,3,2,OR,0.021,22,0.9545454545454546
espectrograma,RandomForest,0,3,3,3,B,0.007,22,0.9545454545454546
espectrograma,RandomForest,0,3,3,3,B,0.014,23,0.9565217391304348
espectrograma,RandomForest,0,3,3,3,B,0.021,23,0.6956521739130435
espectrograma,RandomForest,0,3,3,3,IR,0.007,23,1.0
espectrograma,RandomForest,0,3,3,3,IR,0.014,22,0.0454545454545454
espectrograma,RandomForest,0,3,3,3,IR,0.021,23,0.9565217391304348
espectrograma,RandomForest,0,3,3,3,Normal,0.0,94,1.0
espectrograma,RandomForest,0,3,3,3,OR,0.007,23,1.0
espectrograma,RandomForest,0,3,3,3,OR,0.014,23,0.9130434782608696
espectrograma,RandomForest,0,3,3,3,OR,0.021,23,0.9130434782608696
espectrograma,RandomForest,0,3,3,4,B,0.007,22,0.9090909090909092
espectrograma,RandomForest,0,3,3,4,B,0.014,22,0.9545454545454546
espectrograma,RandomForest,0,3,3,4,B,0.021,22,0.4545454545454545
espectrograma,RandomForest,0,3,3,4,IR,0.007,22,1.0
espectrograma,RandomForest,0,3,3,4,IR,0.014,22,0.1363636363636363
espectrograma,RandomForest,0,3,3,4,IR,0.021,22,0.8181818181818182
espectrograma,RandomForest,0,3,3,4,Normal,0.0,93,1.0
espectrograma,RandomForest,0,3,3,4,OR,0.007,22,1.0
espectrograma,RandomForest,0,3,3,4,OR,0.014,22,1.0
espectrograma,RandomForest,0,3,3,4,OR,0.021,22,1.0
espectrograma,RandomForest,1,0,1,0,B,0.007,24,1.0
espectrograma,RandomForest,1,0,1,0,B,0.014,24,0.875
espectrograma,RandomForest,1,0,1,0,B,0.021,24,1.0
espectrograma,RandomForest,1,0,1,0,IR,0.007,24,1.0
espectrograma,RandomForest,1,0,1,0,IR,0.014,24,0.9583333333333334
espectrograma,RandomForest,1,0,1,0,IR,0.021,24,0.5
espectrograma,RandomForest,1,0,1,0,Normal,0.0,48,1.0
espectrograma,RandomForest,1,0,1,0,OR,0.007,24,1.0
espectrograma,RandomForest,1,0,1,0,OR,0.014,24,1.0
espectrograma,RandomForest,1,0,1,0,OR,0.021,24,0.875
espectrograma,RandomForest,1,0,1,1,B,0.007,23,1.0
espectrograma,RandomForest,1,0,1,1,B,0.014,22,0.8181818181818182
espectrograma,RandomForest,1,0,1,1,B,0.021,23,1.0
espectrograma,RandomForest,1,0,1,1,IR,0.007,22,1.0
espectrograma,RandomForest,1,0,1,1,IR,0.014,22,0.9545454545454546
espectrograma,RandomForest,1,0,1,1,IR,0.021,23,0.7391304347826086
espectrograma,RandomForest,1,0,1,1,Normal,0.0,46,1.0
espectrograma,RandomForest,1,0,1,1,OR,0.007,23,1.0
espectrograma,RandomForest,1,0,1,1,OR,0.014,22,1.0
espectrograma,RandomForest,1,0,1,1,OR,0.021,23,0.8695652173913043
espectrograma,RandomForest,1,0,1,2,B,0.007,22,1.0
espectrograma,RandomForest,1,0,1,2,B,0.014,23,1.0
espectrograma,RandomForest,1,0,1,2,B,0.021,22,1.0
espectrograma,RandomForest,1,0,1,2,IR,0.007,23,1.0
espectrograma,RandomForest,1,0,1,2,IR,0.014,23,1.0
espectrograma,RandomForest,1,0,1,2,IR,0.021,22,0.9090909090909092
espectrograma,RandomForest,1,0,1,2,Normal,0.0,47,1.0
espectrograma,RandomForest,1,0,1,2,OR,0.007,22,1.0
espectrograma,RandomForest,1,0,1,2,OR,0.014,23,1.0
espectrograma,RandomForest,1,0,1,2,OR,0.021,22,0.9090909090909092
espectrograma,RandomForest,1,0,1,3,B,0.007,23,1.0
espectrograma,RandomForest,1,0,1,3,B,0.014,22,0.9090909090909092
espectrograma,RandomForest,1,0,1,3,B,0.021,23,1.0
espectrograma,RandomForest,1,0,1,3,IR,0.007,22,1.0
espectrograma,RandomForest,1,0,1,3,IR,0.014,22,1.0
espectrograma,RandomForest,1,0,1,3,IR,0.021,23,1.0
espectrograma,RandomForest,1,0,1,3,Normal,0.0,46,1.0
espectrograma,RandomForest,1,0,1,3,OR,0.007,23,1.0
espectrograma,RandomForest,1,0,1,3,OR,0.014,22,1.0
espectrograma,RandomForest,1,0,1,3,OR,0.021,23,0.6521739130434783
espectrograma,RandomForest,1,0,1,4,B,0.007,22,1.0
espectrograma,RandomForest,1,0,1,4,B,0.014,22,0.9545454545454546
espectrograma,RandomForest,1,0,1,4,B,0.021,22,1.0
espectrograma,RandomForest,1,0,1,4,IR,0.007,22,1.0
espectrograma,RandomForest,1,0,1,4,IR,0.014,22,1.0
espectrograma,RandomForest,1,0,1,4,IR,0.021,22,1.0
espectrograma,RandomForest,1,0,1,4,Normal,0.0,46,1.0
espectrograma,RandomForest,1,0,1,4,OR,0.007,22,1.0
espectrograma,RandomForest,1,0,1,4,OR,0.014,22,1.0
espectrograma,RandomForest,1,0,1,4,OR,0.021,22,0.9090909090909092
espectrograma,RandomForest,1,1,0,0,B,0.007,24,0.9583333333333334
espectrograma,RandomForest,1,1,0,0,B,0.014,24,1.0
espectrograma,RandomForest,1,1,0,0,B,0.021,24,0.9166666666666666
espectrograma,RandomForest,1,1,0,0,IR,0.007,24,1.0
espectrograma,RandomForest,1,1,0,0,IR,0.014,24,0.9583333333333334
espectrograma,RandomForest,1,1,0,0,IR,0.021,24,1.0
espectrograma,RandomForest,1,1,0,0,Normal,0.0,95,1.0
espectrograma,RandomForest,1,1,0,0,OR,0.007,24,1.0
espectrograma,RandomForest,1,1,0,0,OR,0.014,24,1.0
espectrograma,RandomForest,1,1,0,0,OR,0.021,24,0.9166666666666666
espectrograma,RandomForest,1,1,0,1,B,0.007,22,1.0
espectrograma,RandomForest,1,1,0,1,B,0.014,23,1.0
espectrograma,RandomForest,1,1,0,1,B,0.021,22,0.8636363636363636
espectrograma,RandomForest,1,1,0,1,IR,0.007,23,1.0
espectrograma,RandomForest,1,1,0,1,IR,0.014,22,0.9545454545454546
espectrograma,RandomForest,1,1,0,1,IR,0.021,22,1.0
espectrograma,RandomForest,1,1,0,1,Normal,0.0,93,1.0
espectrograma,RandomForest,1,1,0,1,OR,0.007,23,1.0
espectrograma,RandomForest,1,1,0,1,OR,0.014,23,1.0
espectrograma,RandomForest,1,1,0,1,OR,0.021,23,0.9565217391304348
espectrograma,RandomForest,1,1,0,2,B,0.007,23,1.0
espectrograma,RandomForest,1,1,0,2,B,0.014,22,1.0
espectrograma,RandomForest,1,1,0,2,B,0.021,23,0.9565217391304348
espectrograma,RandomForest,1,1,0,2,IR,0.007,22,1.0
espectrograma,RandomForest,1,1,0,2,IR,0.014,23,0.8695652173913043
espectrograma,RandomForest,1,1,0,2,IR,0.021,23,1.0
espectrograma,RandomForest,1,1,0,2,Normal,0.0,93,1.0
espectrograma,RandomForest,1,1,0,2,OR,0.007,22,1.0
espectrograma,RandomForest,1,1,0,2,OR,0.014,22,1.0
espectrograma,RandomForest,1,1,0,2,OR,0.021,22,0.7727272727272727
espectrograma,RandomForest,1,1,0,3,B,0.007,22,1.0
espectrograma,RandomForest,1,1,0,3,B,0.014,23,1.0
espectrograma,RandomForest,1,1,0,3,B,0.021,22,0.9090909090909092
espectrograma,RandomForest,1,1,0,3,IR,0.007,23,1.0
espectrograma,RandomForest,1,1,0,3,IR,0.014,22,0.9545454545454546
espectrograma,RandomForest,1,1,0,3,IR,0.021,22,0.9545454545454546
espectrograma,RandomForest,1,1,0,3,Normal,0.0,93,1.0
espectrograma,RandomForest,1,1,0,3,OR,0.007,23,1.0
espectrograma,RandomForest,1,1,0,3,OR,0.014,23,1.0
espectrograma,RandomForest,1,1,0,3,OR,0.021,23,0.782608695652174
espectrograma,RandomForest,1,1,0,4,B,0.007,22,1.0
espectrograma,RandomForest,1,1,0,4,B,0.014,22,1.0
espectrograma,RandomForest,1,1,0,4,B,0.021,22,0.7727272727272727
espectrograma,RandomForest,1,1,0,4,IR,0.007,22,1.0
espectrograma,RandomForest,1,1,0,4,IR,0.014,22,0.9545454545454546
espectrograma,RandomForest,1,1,0,4,IR,0.021,22,0.9545454545454546
espectrograma,RandomForest,1,1,0,4,Normal,0.0,93,1.0
espectrograma,RandomForest,1,1,0,4,OR,0.007,22,1.0
espectrograma,RandomForest,1,1,0,4,OR,0.014,22,1.0
espectrograma,RandomForest,1,1,0,4,OR,0.021,22,0.8636363636363636
espectrograma,RandomForest,1,2,1,0,B,0.007,24,1.0
espectrograma,RandomForest,1,2,1,0,B,0.014,24,1.0
espectrograma,RandomForest,1,2,1,0,B,0.021,24,1.0
espectrograma,RandomForest,1,2,1,0,IR,0.007,24,1.0
espectrograma,RandomForest,1,2,1,0,IR,0.014,24,0.8333333333333334
espectrograma,RandomForest,1,2,1,0,IR,0.021,24,1.0
espectrograma,RandomForest,1,2,1,0,Normal,0.0,95,1.0
espectrograma,RandomForest,1,2,1,0,OR,0.007,24,1.0
espectrograma,RandomForest,1,2,1,0,OR,0.014,24,1.0
espectrograma,RandomForest,1,2,1,0,OR,0.021,24,0.7916666666666666
espectrograma,RandomForest,1,2,1,1,B,0.007,22,1.0
espectrograma,RandomForest,1,2,1,1,B,0.014,23,0.9565217391304348
espectrograma,RandomForest,1,2,1,1,B,0.021,23,1.0
espectrograma,RandomForest,1,2,1,1,IR,0.007,23,1.0
espectrograma,RandomForest,1,2,1,1,IR,0.014,22,0.9545454545454546
espectrograma,RandomForest,1,2,1,1,IR,0.021,22,1.0
espectrograma,RandomForest,1,2,1,1,Normal,0.0,93,1.0
espectrograma,RandomForest,1,2,1,1,OR,0.007,22,1.0
espectrograma,RandomForest,1,2,1,1,OR,0.014,22,1.0
espectrograma,RandomForest,1,2,1,1,OR,0.021,23,1.0
espectrograma,RandomForest,1,2,1,2,B,0.007,23,1.0
espectrograma,RandomForest,1,2,1,2,B,0.014,22,1.0
espectrograma,RandomForest,1,2,1,2,B,0.021,22,1.0
espectrograma,RandomForest,1,2,1,2,IR,0.007,22,1.0
espectrograma,RandomForest,1,2,1,2,IR,0.014,23,0.9130434782608696
espectrograma,RandomForest,1,2,1,2,IR,0.021,23,0.9565217391304348
espectrograma,RandomForest,1,2,1,2,Normal,0.0,94,1.0
espectrograma,RandomForest,1,2,1,2,OR,0.007,23,1.0
espectrograma,RandomForest,1,2,1,2,OR,0.014,23,1.0
espectrograma,RandomForest,1,2,1,2,OR,0.021,22,0.8181818181818182
espectrograma,RandomForest,1,2,1,3,B,0.007,22,1.0
espectrograma,RandomForest,1,2,1,3,B,0.014,23,1.0
espectrograma,RandomForest,1,2,1,3,B,0.021,23,1.0
espectrograma,RandomForest,1,2,1,3,IR,0.007,23,1.0
espectrograma,RandomForest,1,2,1,3,IR,0.014,22,0.9545454545454546
espectrograma,RandomForest,1,2,1,3,IR,0.021,22,1.0
espectrograma,RandomForest,1,2,1,3,Normal,0.0,93,1.0
espectrograma,RandomForest,1,2,1,3,OR,0.007,22,1.0
espectrograma,RandomForest,1,2,1,3,OR,0.014,22,1.0
espectrograma,RandomForest,1,2,1,3,OR,0.021,23,0.9565217391304348
espectrograma,RandomForest,1,2,1,4,B,0.007,22,1.0
espectrograma,RandomForest,1,2,1,4,B,0.014,22,1.0
espectrograma,RandomForest,1,2,1,4,B,0.021,22,1.0
espectrograma,RandomForest,1,2,1,4,IR,0.007,22,1.0
espectrograma,RandomForest,1,2,1,4,IR,0.014,22,0.9545454545454546
espectrograma,RandomForest,1,2,1,4,IR,0.021,22,1.0
espectrograma,RandomForest,1,2,1,4,Normal,0.0,93,1.0
espectrograma,RandomForest,1,2,1,4,OR,0.007,22,1.0
espectrograma,RandomForest,1,2,1,4,OR,0.014,22,1.0
espectrograma,RandomForest,1,2,1,4,OR,0.021,22,1.0
espectrograma,RandomForest,1,3,2,0,B,0.007,24,1.0
espectrograma,RandomForest,1,3,2,0,B,0.014,24,1.0
espectrograma,RandomForest,1,3,2,0,B,0.021,24,1.0
espectrograma,RandomForest,1,3,2,0,IR,0.007,24,1.0
espectrograma,RandomForest,1,3,2,0,IR,0.014,24,0.9583333333333334
espectrograma,RandomForest,1,3,2,0,IR,0.021,24,1.0
espectrograma,RandomForest,1,3,2,0,Normal,0.0,95,1.0
espectrograma,RandomForest,1,3,2,0,OR,0.007,24,1.0
espectrograma,RandomForest,1,3,2,0,OR,0.014,24,1.0
espectrograma,RandomForest,1,3,2,0,OR,0.021,24,0.8333333333333334
espectrograma,RandomForest,1,3,2,1,B,0.007,22,1.0
espectrograma,RandomForest,1,3,2,1,B,0.014,23,0.9130434782608696
espectrograma,RandomForest,1,3,2,1,B,0.021,23,1.0
espectrograma,RandomForest,1,3,2,1,IR,0.007,23,1.0
espectrograma,RandomForest,1,3,2,1,IR,0.014,22,0.8181818181818182
espectrograma,RandomForest,1,3,2,1,IR,0.021,23,1.0
espectrograma,RandomForest,1,3,2,1,Normal,0.0,94,1.0
espectrograma,RandomForest,1,3,2,1,OR,0.007,23,1.0
espectrograma,RandomForest,1,3,2,1,OR,0.014,23,1.0
espectrograma,RandomForest,1,3,2,1,OR,0.021,23,0.782608695652174
espectrograma,RandomForest,1,3,2,2,B,0.007,23,1.0
espectrograma,RandomForest,1,3,2,2,B,0.014,22,0.8636363636363636
espectrograma,RandomForest,1,3,2,2,B,0.021,22,1.0
espectrograma,RandomForest,1,3,2,2,IR,0.007,23,1.0
espectrograma,RandomForest,1,3,2,2,IR,0.014,23,0.9130434782608696
espectrograma,RandomForest,1,3,2,2,IR,0.021,22,1.0
espectrograma,RandomForest,1,3,2,2,Normal,0.0,93,1.0
espectrograma,RandomForest,1,3,2,2,OR,0.007,22,1.0
espectrograma,RandomForest,1,3,2,2,OR,0.014,22,1.0
espectrograma,RandomForest,1,3,2,2,OR,0.021,22,0.7272727272727273
espectrograma,RandomForest,1,3,2,3,B,0.007,22,1.0
espectrograma,RandomForest,1,3,2,3,B,0.014,23,0.9565217391304348
espectrograma,RandomForest,1,3,2,3,B,0.021,23,1.0
espectrograma,RandomForest,1,3,2,3,IR,0.007,23,1.0
espectrograma,RandomForest,1,3,2,3,IR,0.014,22,0.9545454545454546
espectrograma,RandomForest,1,3,2,3,IR,0.021,23,1.0
espectrograma,RandomForest,1,3,2,3,Normal,0.0,94,1.0
espectrograma,RandomForest,1,3,2,3,OR,0.007,23,1.0
espectrograma,RandomForest,1,3,2,3,OR,0.014,23,0.9130434782608696
espectrograma,RandomForest,1,3,2,3,OR,0.021,23,0.782608695652174
espectrograma,RandomForest,1,3,2,4,B,0.007,22,1.0
espectrograma,RandomForest,1,3,2,4,B,0.014,22,1.0
espectrograma,RandomForest,1,3,2,4,B,0.021,22,1.0
espectrograma,RandomForest,1,3,2,4,IR,0.007,22,1.0
espectrograma,RandomForest,1,3,2,4,IR,0.014,22,0.9545454545454546
espectrograma,RandomForest,1,3,2,4,IR,0.021,22,1.0
espectrograma,RandomForest,1,3,2,4,Normal,0.0,93,1.0
espectrograma,RandomForest,1,3,2,4,OR,0.007,22,1.0
espectrograma,RandomForest,1,3,2,4,OR,0.014,22,1.0
espectrograma,RandomForest,1,3,2,4,OR,0.021,22,0.9090909090909092
espectrograma,RandomForest,2,0,2,0,B,0.007,24,1.0
espectrograma,RandomForest,2,0,2,0,B,0.014,24,0.9166666666666666
espectrograma,RandomForest,2,0,2,0,B,0.021,24,0.9583333333333334
espectrograma,RandomForest,2,0,2,0,IR,0.007,24,1.0
espectrograma,RandomForest,2,0,2,0,IR,0.014,24,0.7916666666666666
espectrograma,RandomForest,2,0,2,0,IR,0.021,24,0.5833333333333334
espectrograma,RandomForest,2,0,2,0,Normal,0.0,48,1.0
espectrograma,RandomForest,2,0,2,0,OR,0.007,24,1.0
espectrograma,RandomForest,2,0,2,0,OR,0.014,24,1.0
espectrograma,RandomForest,2,0,2,0,OR,0.021,24,0.75
espectrograma,RandomForest,2,0,2,1,B,0.007,23,1.0
espectrograma,RandomForest,2,0,2,1,B,0.014,22,0.8181818181818182
espectrograma,RandomForest,2,0,2,1,B,0.021,23,0.9565217391304348
espectrograma,RandomForest,2,0,2,1,IR,0.007,22,1.0
espectrograma,RandomForest,2,0,2,1,IR,0.014,22,0.9090909090909092
espectrograma,RandomForest,2,0,2,1,IR,0.021,23,0.6956521739130435
espectrograma,RandomForest,2,0,2,1,Normal,0.0,46,1.0
espectrograma,RandomForest,2,0,2,1,OR,0.007,23,1.0
espectrograma,RandomForest,2,0,2,1,OR,0.014,22,1.0
espectrograma,RandomForest,2,0,2,1,OR,0.021,23,0.8695652173913043
espectrograma,RandomForest,2,0,2,2,B,0.007,22,1.0
espectrograma,RandomForest,2,0,2,2,B,0.014,23,1.0
espectrograma,RandomForest,2,0,2,2,B,0.021,22,0.9090909090909092
espectrograma,RandomForest,2,0,2,2,IR,0.007,23,1.0
espectrograma,RandomForest,2,0,2,2,IR,0.014,23,0.782608695652174
espectrograma,RandomForest,2,0,2,2,IR,0.021,22,0.8636363636363636
espectrograma,RandomForest,2,0,2,2,Normal,0.0,47,1.0
espectrograma,RandomForest,2,0,2,2,OR,0.007,22,1.0
espectrograma,RandomForest,2,0,2,2,OR,0.014,23,1.0
espectrograma,RandomForest,2,0,2,2,OR,0.021,22,0.9545454545454546
espectrograma,RandomForest,2,0,2,3,B,0.007,23,1.0
espectrograma,RandomForest,2,0,2,3,B,0.014,22,0.8181818181818182
espectrograma,RandomForest,2,0,2,3,B,0.021,23,0.9130434782608696
espectrograma,RandomForest,2,0,2,3,IR,0.007,22,1.0
espectrograma,RandomForest,2,0,2,3,IR,0.014,22,1.0
espectrograma,RandomForest,2,0,2,3,IR,0.021,23,0.8260869565217391
espectrograma,RandomForest,2,0,2,3,Normal,0.0,46,1.0
espectrograma,RandomForest,2,0,2,3,OR,0.007,23,1.0
espectrograma,RandomForest,2,0,2,3,OR,0.014,22,1.0
espectrograma,RandomForest,2,0,2,3,OR,0.021,23,0.5217391304347826
espectrograma,RandomForest,2,0,2,4,B,0.007,22,1.0
espectrograma,RandomForest,2,0,2,4,B,0.014,22,0.8181818181818182
espectrograma,RandomForest,2,0,2,4,B,0.021,22,1.0
espectrograma,RandomForest,2,0,2,4,IR,0.007,22,1.0
espectrograma,RandomForest,2,0,2,4,IR,0.014,22,0.9090909090909092
espectrograma,RandomForest,2,0,2,4,IR,0.021,22,0.6818181818181818
espectrograma,RandomForest,2,0,2,4,Normal,0.0,46,1.0
espectrograma,RandomForest,2,0,2,4,OR,0.007,22,1.0
espectrograma,RandomForest,2,0,2,4,OR,0.014,22,1.0
espectrograma,RandomForest,2,0,2,4,OR,0.021,22,0.8181818181818182
espectrograma,RandomForest,2,1,1,0,B,0.007,24,1.0
espectrograma,RandomForest,2,1,1,0,B,0.014,24,0.75
espectrograma,RandomForest,2,1,1,0,B,0.021,24,0.75
espectrograma,RandomForest,2,1,1,0,IR,0.007,24,1.0
espectrograma,RandomForest,2,1,1,0,IR,0.014,24,0.1666666666666666
espectrograma,RandomForest,2,1,1,0,IR,0.021,24,0.9166666666666666
espectrograma,RandomForest,2,1,1,0,Normal,0.0,95,1.0
espectrograma,RandomForest,2,1,1,0,OR,0.007,24,1.0
espectrograma,RandomForest,2,1,1,0,OR,0.014,24,1.0
espectrograma,RandomForest,2,1,1,0,OR,0.021,24,0.9583333333333334
espectrograma,RandomForest,2,1,1,1,B,0.007,22,1.0
espectrograma,RandomForest,2,1,1,1,B,0.014,23,0.782608695652174
espectrograma,RandomForest,2,1,1,1,B,0.021,22,0.6363636363636364
espectrograma,RandomForest,2,1,1,1,IR,0.007,23,1.0
espectrograma,RandomForest,2,1,1,1,IR,0.014,22,0.2272727272727272
espectrograma,RandomForest,2,1,1,1,IR,0.021,22,0.9545454545454546
espectrograma,RandomForest,2,1,1,1,Normal,0.0,93,1.0
espectrograma,RandomForest,2,1,1,1,OR,0.007,23,1.0
espectrograma,RandomForest,2,1,1,1,OR,0.014,23,1.0
espectrograma,RandomForest,2,1,1,1,OR,0.021,23,0.9565217391304348
espectrograma,RandomForest,2,1,1,2,B,0.007,23,1.0
espectrograma,RandomForest,2,1,1,2,B,0.014,22,0.7727272727272727
espectrograma,RandomForest,2,1,1,2,B,0.021,23,0.6956521739130435
espectrograma,RandomForest,2,1,1,2,IR,0.007,22,1.0
espectrograma,RandomForest,2,1,1,2,IR,0.014,23,0.2608695652173913
espectrograma,RandomForest,2,1,1,2,IR,0.021,23,0.9565217391304348
espectrograma,RandomForest,2,1,1,2,Normal,0.0,93,1.0
espectrograma,RandomForest,2,1,1,2,OR,0.007,22,1.0
espectrograma,RandomForest,2,1,1,2,OR,0.014,22,1.0
espectrograma,RandomForest,2,1,1,2,OR,0.021,22,0.8636363636363636
espectrograma,RandomForest,2,1,1,3,B,0.007,22,1.0
espectrograma,RandomForest,2,1,1,3,B,0.014,23,0.9130434782608696
espectrograma,RandomForest,2,1,1,3,B,0.021,22,0.6818181818181818
espectrograma,RandomForest,2,1,1,3,IR,0.007,23,1.0
espectrograma,RandomForest,2,1,1,3,IR,0.014,22,0.4090909090909091
espectrograma,RandomForest,2,1,1,3,IR,0.021,22,0.9545454545454546
espectrograma,RandomForest,2,1,1,3,Normal,0.0,93,1.0
espectrograma,RandomForest,2,1,1,3,OR,0.007,23,1.0
espectrograma,RandomForest,2,1,1,3,OR,0.014,23,1.0
espectrograma,RandomForest,2,1,1,3,OR,0.021,23,0.9130434782608696
espectrograma,RandomForest,2,1,1,4,B,0.007,22,1.0
espectrograma,RandomForest,2,1,1,4,B,0.014,22,0.9545454545454546
espectrograma,RandomForest,2,1,1,4,B,0.021,22,0.5909090909090909
espectrograma,RandomForest,2,1,1,4,IR,0.007,22,1.0
espectrograma,RandomForest,2,1,1,4,IR,0.014,22,0.0909090909090909
espectrograma,RandomForest,2,1,1,4,IR,0.021,22,1.0
espectrograma,RandomForest,2,1,1,4,Normal,0.0,93,1.0
espectrograma,RandomForest,2,1,1,4,OR,0.007,22,1.0
espectrograma,RandomForest,2,1,1,4,OR,0.014,22,1.0
espectrograma,RandomForest,2,1,1,4,OR,0.021,22,0.9090909090909092
espectrograma,RandomForest,2,2,0,0,B,0.007,24,1.0
espectrograma,RandomForest,2,2,0,0,B,0.014,24,1.0
espectrograma,RandomForest,2,2,0,0,B,0.021,24,1.0
espectrograma,RandomForest,2,2,0,0,IR,0.007,24,1.0
espectrograma,RandomForest,2,2,0,0,IR,0.014,24,0.7916666666666666
espectrograma,RandomForest,2,2,0,0,IR,0.021,24,0.9583333333333334
espectrograma,RandomForest,2,2,0,0,Normal,0.0,95,1.0
espectrograma,RandomForest,2,2,0,0,OR,0.007,24,1.0
espectrograma,RandomForest,2,2,0,0,OR,0.014,24,1.0
espectrograma,RandomForest,2,2,0,0,OR,0.021,24,0.9583333333333334
espectrograma,RandomForest,2,2,0,1,B,0.007,22,1.0
espectrograma,RandomForest,2,2,0,1,B,0.014,23,0.8695652173913043
espectrograma,RandomForest,2,2,0,1,B,0.021,23,1.0
espectrograma,RandomForest,2,2,0,1,IR,0.007,23,1.0
espectrograma,RandomForest,2,2,0,1,IR,0.014,22,0.9090909090909092
espectrograma,RandomForest,2,2,0,1,IR,0.021,22,0.9545454545454546
espectrograma,RandomForest,2,2,0,1,Normal,0.0,93,1.0
espectrograma,RandomForest,2,2,0,1,OR,0.007,22,1.0
espectrograma,RandomForest,2,2,0,1,OR,0.014,22,1.0
espectrograma,RandomForest,2,2,0,1,OR,0.021,23,1.0
espectrograma,RandomForest,2,2,0,2,B,0.007,23,1.0
espectrograma,RandomForest,2,2,0,2,B,0.014,22,1.0
espectrograma,RandomForest,2,2,0,2,B,0.021,22,1.0
espectrograma,RandomForest,2,2,0,2,IR,0.007,22,1.0
espectrograma,RandomForest,2,2,0,2,IR,0.014,23,0.9130434782608696
espectrograma,RandomForest,2,2,0,2,IR,0.021,23,0.9565217391304348
espectrograma,RandomForest,2,2,0,2,Normal,0.0,94,1.0
espectrograma,RandomForest,2,2,0,2,OR,0.007,23,1.0
espectrograma,RandomForest,2,2,0,2,OR,0.014,23,1.0
espectrograma,RandomForest,2,2,0,2,OR,0.021,22,0.8636363636363636
espectrograma,RandomForest,2,2,0,3,B,0.007,22,1.0
espectrograma,RandomForest,2,2,0,3,B,0.014,23,1.0
espectrograma,RandomForest,2,2,0,3,B,0.021,23,1.0
espectrograma,RandomForest,2,2,0,3,IR,0.007,23,1.0
espectrograma,RandomForest,2,2,0,3,IR,0.014,22,1.0
espectrograma,RandomForest,2,2,0,3,IR,0.021,22,1.0
espectrograma,RandomForest,2,2,0,3,Normal,0.0,93,1.0
espectrograma,RandomForest,2,2,0,3,OR,0.007,22,1.0
espectrograma,RandomForest,2,2,0,3,OR,0.014,22,1.0
espectrograma,RandomForest,2,2,0,3,OR,0.021,23,0.8695652173913043
espectrograma,RandomForest,2,2,0,4,B,0.007,22,1.0
espectrograma,RandomForest,2,2,0,4,B,0.014,22,0.9090909090909092
espectrograma,RandomForest,2,2,0,4,B,0.021,22,1.0
espectrograma,RandomForest,2,2,0,4,IR,0.007,22,1.0
espectrograma,RandomForest,2,2,0,4,IR,0.014,22,0.9545454545454546
espectrograma,RandomForest,2,2,0,4,IR,0.021,22,1.0
espectrograma,RandomForest,2,2,0,4,Normal,0.0,93,1.0
espectrograma,RandomForest,2,2,0,4,OR,0.007,22,1.0
espectrograma,RandomForest,2,2,0,4,OR,0.014,22,1.0
espectrograma,RandomForest,2,2,0,4,OR,0.021,22,0.9545454545454546
espectrograma,RandomForest,2,3,1,0,B,0.007,24,1.0
espectrograma,RandomForest,2,3,1,0,B,0.014,24,1.0
espectrograma,RandomForest,2,3,1,0,B,0.021,24,1.0
espectrograma,RandomForest,2,3,1,0,IR,0.007,24,1.0
espectrograma,RandomForest,2,3,1,0,IR,0.014,24,0.9583333333333334
espectrograma,RandomForest,2,3,1,0,IR,0.021,24,1.0
espectrograma,RandomForest,2,3,1,0,Normal,0.0,95,1.0
espectrograma,RandomForest,2,3,1,0,OR,0.007,24,1.0
espectrograma,RandomForest,2,3,1,0,OR,0.014,24,1.0
espectrograma,RandomForest,2,3,1,0,OR,0.021,24,0.7916666666666666
espectrograma,RandomForest,2,3,1,1,B,0.007,22,1.0
espectrograma,RandomForest,2,3,1,1,B,0.014,23,0.9130434782608696
espectrograma,RandomForest,2,3,1,1,B,0.021,23,1.0
espectrograma,RandomForest,2,3,1,1,IR,0.007,23,1.0
espectrograma,RandomForest,2,3,1,1,IR,0.014,22,0.9090909090909092
espectrograma,RandomForest,2,3,1,1,IR,0.021,23,1.0
espectrograma,RandomForest,2,3,1,1,Normal,0.0,94,1.0
espectrograma,RandomForest,2,3,1,1,OR,0.007,23,0.9565217391304348
espectrograma,RandomForest,2,3,1,1,OR,0.014,23,1.0
espectrograma,RandomForest,2,3,1,1,OR,0.021,23,0.9130434782608696
espectrograma,RandomForest,2,3,1,2,B,0.007,23,1.0
espectrograma,RandomForest,2,3,1,2,B,0.014,22,0.8636363636363636
espectrograma,RandomForest,2,3,1,2,B,0.021,22,1.0
espectrograma,RandomForest,2,3,1,2,IR,0.007,23,1.0
espectrograma,RandomForest,2,3,1,2,IR,0.014,23,1.0
espectrograma,RandomForest,2,3,1,2,IR,0.021,22,1.0
espectrograma,RandomForest,2,3,1,2,Normal,0.0,93,1.0
espectrograma,RandomForest,2,3,1,2,OR,0.007,22,1.0
espectrograma,RandomForest,2,3,1,2,OR,0.014,22,1.0
espectrograma,RandomForest,2,3,1,2,OR,0.021,22,0.7727272727272727
espectrograma,RandomForest,2,3,1,3,B,0.007,22,1.0
espectrograma,RandomForest,2,3,1,3,B,0.014,23,1.0
espectrograma,RandomForest,2,3,1,3,B,0.021,23,1.0
espectrograma,RandomForest,2,3,1,3,IR,0.007,23,1.0
espectrograma,RandomForest,2,3,1,3,IR,0.014,22,1.0
espectrograma,RandomForest,2,3,1,3,IR,0.021,23,1.0
espectrograma,RandomForest,2,3,1,3,Normal,0.0,94,1.0
espectrograma,RandomForest,2,3,1,3,OR,0.007,23,1.0
espectrograma,RandomForest,2,3,1,3,OR,0.014,23,0.9130434782608696
espectrograma,RandomForest,2,3,1,3,OR,0.021,23,0.782608695652174
espectrograma,RandomForest,2,3,1,4,B,0.007,22,1.0
espectrograma,RandomForest,2,3,1,4,B,0.014,22,1.0
espectrograma,RandomForest,2,3,1,4,B,0.021,22,1.0
espectrograma,RandomForest,2,3,1,4,IR,0.007,22,1.0
espectrograma,RandomForest,2,3,1,4,IR,0.014,22,1.0
espectrograma,RandomForest,2,3,1,4,IR,0.021,22,1.0
espectrograma,RandomForest,2,3,1,4,Normal,0.0,93,1.0
espectrograma,RandomForest,2,3,1,4,OR,0.007,22,1.0
espectrograma,RandomForest,2,3,1,4,OR,0.014,22,1.0
espectrograma,RandomForest,2,3,1,4,OR,0.021,22,1.0
espectrograma,RandomForest,3,0,3,0,B,0.007,24,1.0
espectrograma,RandomForest,3,0,3,0,B,0.014,24,0.4166666666666667
espectrograma,RandomForest,3,0,3,0,B,0.021,24,0.9166666666666666
espectrograma,RandomForest,3,0,3,0,IR,0.007,24,1.0
espectrograma,RandomForest,3,0,3,0,IR,0.014,24,0.0416666666666666
espectrograma,RandomForest,3,0,3,0,IR,0.021,24,0.4166666666666667
espectrograma,RandomForest,3,0,3,0,Normal,0.0,48,0.8958333333333334
espectrograma,RandomForest,3,0,3,0,OR,0.007,24,1.0
espectrograma,RandomForest,3,0,3,0,OR,0.014,24,1.0
espectrograma,RandomForest,3,0,3,0,OR,0.021,24,0.9583333333333334
espectrograma,RandomForest,3,0,3,1,B,0.007,23,1.0
espectrograma,RandomForest,3,0,3,1,B,0.014,22,0.7727272727272727
espectrograma,RandomForest,3,0,3,1,B,0.021,23,0.8695652173913043
espectrograma,RandomForest,3,0,3,1,IR,0.007,22,1.0
espectrograma,RandomForest,3,0,3,1,IR,0.014,22,0.0909090909090909
espectrograma,RandomForest,3,0,3,1,IR,0.021,23,0.6086956521739131
espectrograma,RandomForest,3,0,3,1,Normal,0.0,46,0.9782608695652174
espectrograma,RandomForest,3,0,3,1,OR,0.007,23,1.0
espectrograma,RandomForest,3,0,3,1,OR,0.014,22,1.0
espectrograma,RandomForest,3,0,3,1,OR,0.021,23,0.9565217391304348
espectrograma,RandomForest,3,0,3,2,B,0.007,22,1.0
espectrograma,RandomForest,3,0,3,2,B,0.014,23,0.9565217391304348
espectrograma,RandomForest,3,0,3,2,B,0.021,22,0.8636363636363636
espectrograma,RandomForest,3,0,3,2,IR,0.007,23,1.0
espectrograma,RandomForest,3,0,3,2,IR,0.014,23,0.0
espectrograma,RandomForest,3,0,3,2,IR,0.021,22,0.7727272727272727
espectrograma,RandomForest,3,0,3,2,Normal,0.0,47,0.9787234042553192
espectrograma,RandomForest,3,0,3,2,OR,0.007,22,1.0
espectrograma,RandomForest,3,0,3,2,OR,0.014,23,1.0
espectrograma,RandomForest,3,0,3,2,OR,0.021,22,1.0
espectrograma,RandomForest,3,0,3,3,B,0.007,23,1.0
espectrograma,RandomForest,3,0,3,3,B,0.014,22,0.8181818181818182
espectrograma,RandomForest,3,0,3,3,B,0.021,23,0.8695652173913043
espectrograma,RandomForest,3,0,3,3,IR,0.007,22,1.0
espectrograma,RandomForest,3,0,3,3,IR,0.014,22,0.0
espectrograma,RandomForest,3,0,3,3,IR,0.021,23,0.9130434782608696
espectrograma,RandomForest,3,0,3,3,Normal,0.0,46,0.9782608695652174
espectrograma,RandomForest,3,0,3,3,OR,0.007,23,1.0
espectrograma,RandomForest,3,0,3,3,OR,0.014,22,1.0
espectrograma,RandomForest,3,0,3,3,OR,0.021,23,0.6956521739130435
espectrograma,RandomForest,3,0,3,4,B,0.007,22,1.0
espectrograma,RandomForest,3,0,3,4,B,0.014,22,0.6818181818181818
espectrograma,RandomForest,3,0,3,4,B,0.021,22,1.0
espectrograma,RandomForest,3,0,3,4,IR,0.007,22,1.0
espectrograma,RandomForest,3,0,3,4,IR,0.014,22,0.0
espectrograma,RandomForest,3,0,3,4,IR,0.021,22,0.9545454545454546
espectrograma,RandomForest,3,0,3,4,Normal,0.0,46,0.9565217391304348
espectrograma,RandomForest,3,0,3,4,OR,0.007,22,1.0
espectrograma,RandomForest,3,0,3,4,OR,0.014,22,1.0
espectrograma,RandomForest,3,0,3,4,OR,0.021,22,0.9545454545454546
espectrograma,RandomForest,3,1,2,0,B,0.007,24,0.9166666666666666
espectrograma,RandomForest,3,1,2,0,B,0.014,24,0.4166666666666667
espectrograma,RandomForest,3,1,2,0,B,0.021,24,0.2916666666666667
espectrograma,RandomForest,3,1,2,0,IR,0.007,24,1.0
espectrograma,RandomForest,3,1,2,0,IR,0.014,24,0.0
espectrograma,RandomForest,3,1,2,0,IR,0.021,24,1.0
espectrograma,RandomForest,3,1,2,0,Normal,0.0,95,1.0
espectrograma,RandomForest,3,1,2,0,OR,0.007,24,1.0
espectrograma,RandomForest,3,1,2,0,OR,0.014,24,1.0
espectrograma,RandomForest,3,1,2,0,OR,0.021,24,1.0
espectrograma,RandomForest,3,1,2,1,B,0.007,22,0.8636363636363636
espectrograma,RandomForest,3,1,2,1,B,0.014,23,0.6086956521739131
espectrograma,RandomForest,3,1,2,1,B,0.021,22,0.2272727272727272
espectrograma,RandomForest,3,1,2,1,IR,0.007,23,1.0
espectrograma,RandomForest,3,1,2,1,IR,0.014,22,0.0
espectrograma,RandomForest,3,1,2,1,IR,0.021,22,0.9090909090909092
espectrograma,RandomForest,3,1,2,1,Normal,0.0,93,1.0
espectrograma,RandomForest,3,1,2,1,OR,0.007,23,1.0
espectrograma,RandomForest,3,1,2,1,OR,0.014,23,1.0
espectrograma,RandomForest,3,1,2,1,OR,0.021,23,1.0
espectrograma,RandomForest,3,1,2,2,B,0.007,23,0.782608695652174
espectrograma,RandomForest,3,1,2,2,B,0.014,22,0.2272727272727272
espectrograma,RandomForest,3,1,2,2,B,0.021,23,0.217391304347826
espectrograma,RandomForest,3,1,2,2,IR,0.007,22,1.0
espectrograma,RandomForest,3,1,2,2,IR,0.014,23,0.0
espectrograma,RandomForest,3,1,2,2,IR,0.021,23,0.9565217391304348
espectrograma,RandomForest,3,1,2,2,Normal,0.0,93,1.0
espectrograma,RandomForest,3,1,2,2,OR,0.007,22,1.0
espectrograma,RandomForest,3,1,2,2,OR,0.014,22,1.0
espectrograma,RandomForest,3,1,2,2,OR,0.021,22,1.0
espectrograma,RandomForest,3,1,2,3,B,0.007,22,0.9090909090909092
espectrograma,RandomForest,3,1,2,3,B,0.014,23,0.6521739130434783
espectrograma,RandomForest,3,1,2,3,B,0.021,22,0.0
espectrograma,RandomForest,3,1,2,3,IR,0.007,23,1.0
espectrograma,RandomForest,3,1,2,3,IR,0.014,22,0.0
espectrograma,RandomForest,3,1,2,3,IR,0.021,22,0.9545454545454546
espectrograma,RandomForest,3,1,2,3,Normal,0.0,93,1.0
espectrograma,RandomForest,3,1,2,3,OR,0.007,23,1.0
espectrograma,RandomForest,3,1,2,3,OR,0.014,23,1.0
espectrograma,RandomForest,3,1,2,3,OR,0.021,23,1.0
espectrograma,RandomForest,3,1,2,4,B,0.007,22,1.0
espectrograma,RandomForest,3,1,2,4,B,0.014,22,0.7272727272727273
espectrograma,RandomForest,3,1,2,4,B,0.021,22,0.1363636363636363
espectrograma,RandomForest,3,1,2,4,IR,0.007,22,1.0
espectrograma,RandomForest,3,1,2,4,IR,0.014,22,0.0
espectrograma,RandomForest,3,1,2,4,IR,0.021,22,0.9090909090909092
espectrograma,RandomForest,3,1,2,4,Normal,0.0,93,1.0
espectrograma,RandomForest,3,1,2,4,OR,0.007,22,1.0
espectrograma,RandomForest,3,1,2,4,OR,0.014,22,1.0
espectrograma,RandomForest,3,1,2,4,OR,0.021,22,1.0
espectrograma,RandomForest,3,2,1,0,B,0.007,24,0.9583333333333334
espectrograma,RandomForest,3,2,1,0,B,0.014,24,1.0
espectrograma,RandomForest,3,2,1,0,B,0.021,24,0.75
espectrograma,RandomForest,3,2,1,0,IR,0.007,24,1.0
espectrograma,RandomForest,3,2,1,0,IR,0.014,24,0.4166666666666667
espectrograma,RandomForest,3,2,1,0,IR,0.021,24,0.9166666666666666
espectrograma,RandomForest,3,2,1,0,Normal,0.0,95,1.0
espectrograma,RandomForest,3,2,1,0,OR,0.007,24,1.0
espectrograma,RandomForest,3,2,1,0,OR,0.014,24,1.0
espectrograma,RandomForest,3,2,1,0,OR,0.021,24,1.0
espectrograma,RandomForest,3,2,1,1,B,0.007,22,0.8636363636363636
espectrograma,RandomForest,3,2,1,1,B,0.014,23,0.5652173913043478
espectrograma,RandomForest,3,2,1,1,B,0.021,23,0.782608695652174
espectrograma,RandomForest,3,2,1,1,IR,0.007,23,1.0
espectrograma,RandomForest,3,2,1,1,IR,0.014,22,0.2727272727272727
espectrograma,RandomForest,3,2,1,1,IR,0.021,22,1.0
espectrograma,RandomForest,3,2,1,1,Normal,0.0,93,1.0
espectrograma,RandomForest,3,2,1,1,OR,0.007,22,1.0
espectrograma,RandomForest,3,2,1,1,OR,0.014,22,1.0
espectrograma,RandomForest,3,2,1,1,OR,0.021,23,1.0
espectrograma,RandomForest,3,2,1,2,B,0.007,23,0.9565217391304348
espectrograma,RandomForest,3,2,1,2,B,0.014,22,0.9545454545454546
espectrograma,RandomForest,3,2,1,2,B,0.021,22,0.8636363636363636
espectrograma,RandomForest,3,2,1,2,IR,0.007,22,1.0
espectrograma,RandomForest,3,2,1,2,IR,0.014,23,0.3478260869565217
espectrograma,RandomForest,3,2,1,2,IR,0.021,23,0.9130434782608696
espectrograma,RandomForest,3,2,1,2,Normal,0.0,94,1.0
espectrograma,RandomForest,3,2,1,2,OR,0.007,23,1.0
espectrograma,RandomForest,3,2,1,2,OR,0.014,23,1.0
espectrograma,RandomForest,3,2,1,2,OR,0.021,22,0.9545454545454546
espectrograma,RandomForest,3,2,1,3,B,0.007,22,1.0
espectrograma,RandomForest,3,2,1,3,B,0.014,23,0.8695652173913043
espectrograma,RandomForest,3,2,1,3,B,0.021,23,0.8695652173913043
espectrograma,RandomForest,3,2,1,3,IR,0.007,23,1.0
espectrograma,RandomForest,3,2,1,3,IR,0.014,22,0.2727272727272727
espectrograma,RandomForest,3,2,1,3,IR,0.021,22,1.0
espectrograma,RandomForest,3,2,1,3,Normal,0.0,93,1.0
espectrograma,RandomForest,3,2,1,3,OR,0.007,22,1.0
espectrograma,RandomForest,3,2,1,3,OR,0.014,22,1.0
espectrograma,RandomForest,3,2,1,3,OR,0.021,23,1.0
espectrograma,RandomForest,3,2,1,4,B,0.007,22,1.0
espectrograma,RandomForest,3,2,1,4,B,0.014,22,0.8181818181818182
espectrograma,RandomForest,3,2,1,4,B,0.021,22,0.8181818181818182
espectrograma,RandomForest,3,2,1,4,IR,0.007,22,1.0
espectrograma,RandomForest,3,2,1,4,IR,0.014,22,0.5
espectrograma,RandomForest,3,2,1,4,IR,0.021,22,1.0
espectrograma,RandomForest,3,2,1,4,Normal,0.0,93,1.0
espectrograma,RandomForest,3,2,1,4,OR,0.007,22,1.0
espectrograma,RandomForest,3,2,1,4,OR,0.014,22,1.0
espectrograma,RandomForest,3,2,1,4,OR,0.021,22,1.0
espectrograma,RandomForest,3,3,0,0,B,0.007,24,1.0
espectrograma,RandomForest,3,3,0,0,B,0.014,24,1.0
espectrograma,RandomForest,3,3,0,0,B,0.021,24,1.0
espectrograma,RandomForest,3,3,0,0,IR,0.007,24,1.0
espectrograma,RandomForest,3,3,0,0,IR,0.014,24,1.0
espectrograma,RandomForest,3,3,0,0,IR,0.021,24,1.0
espectrograma,RandomForest,3,3,0,0,Normal,0.0,95,1.0
espectrograma,RandomForest,3,3,0,0,OR,0.007,24,1.0
espectrograma,RandomForest,3,3,0,0,OR,0.014,24,1.0
espectrograma,RandomForest,3,3,0,0,OR,0.021,24,0.9583333333333334
espectrograma,RandomForest,3,3,0,1,B,0.007,22,1.0
espectrograma,RandomForest,3,3,0,1,B,0.014,23,0.9130434782608696
espectrograma,RandomForest,3,3,0,1,B,0.021,23,1.0
espectrograma,RandomForest,3,3,0,1,IR,0.007,23,1.0
espectrograma,RandomForest,3,3,0,1,IR,0.014,22,0.9090909090909092
espectrograma,RandomForest,3,3,0,1,IR,0.021,23,1.0
espectrograma,RandomForest,3,3,0,1,Normal,0.0,94,1.0
espectrograma,RandomForest,3,3,0,1,OR,0.007,23,1.0
espectrograma,RandomForest,3,3,0,1,OR,0.014,23,1.0
espectrograma,RandomForest,3,3,0,1,OR,0.021,23,0.9565217391304348
espectrograma,RandomForest,3,3,0,2,B,0.007,23,1.0
espectrograma,RandomForest,3,3,0,2,B,0.014,22,0.7272727272727273
espectrograma,RandomForest,3,3,0,2,B,0.021,22,1.0
espectrograma,RandomForest,3,3,0,2,IR,0.007,23,1.0
espectrograma,RandomForest,3,3,0,2,IR,0.014,23,1.0
espectrograma,RandomForest,3,3,0,2,IR,0.021,22,0.9090909090909092
espectrograma,RandomForest,3,3,0,2,Normal,0.0,93,1.0
espectrograma,RandomForest,3,3,0,2,OR,0.007,22,1.0
espectrograma,RandomForest,3,3,0,2,OR,0.014,22,1.0
espectrograma,RandomForest,3,3,0,2,OR,0.021,22,0.9090909090909092
espectrograma,RandomForest,3,3,0,3,B,0.007,22,1.0
espectrograma,RandomForest,3,3,0,3,B,0.014,23,1.0
espectrograma,RandomForest,3,3,0,3,B,0.021,23,1.0
espectrograma,RandomForest,3,3,0,3,IR,0.007,23,1.0
espectrograma,RandomForest,3,3,0,3,IR,0.014,22,1.0
espectrograma,RandomForest,3,3,0,3,IR,0.021,23,1.0
espectrograma,RandomForest,3,3,0,3,Normal,0.0,94,1.0
espectrograma,RandomForest,3,3,0,3,OR,0.007,23,1.0
espectrograma,RandomForest,3,3,0,3,OR,0.014,23,0.9565217391304348
espectrograma,RandomForest,3,3,0,3,OR,0.021,23,0.9130434782608696
espectrograma,RandomForest,3,3,0,4,B,0.007,22,1.0
espectrograma,RandomForest,3,3,0,4,B,0.014,22,1.0
espectrograma,RandomForest,3,3,0,4,B,0.021,22,1.0
espectrograma,RandomForest,3,3,0,4,IR,0.007,22,1.0
espectrograma,RandomForest,3,3,0,4,IR,0.014,22,1.0
espectrograma,RandomForest,3,3,0,4,IR,0.021,22,1.0
espectrograma,RandomForest,3,3,0,4,Normal,0.0,93,1.0
espectrograma,RandomForest,3,3,0,4,OR,0.007,22,1.0
espectrograma,RandomForest,3,3,0,4,OR,0.014,22,1.0
espectrograma,RandomForest,3,3,0,4,OR,0.021,22,1.0
espectrograma,MLP,0,0,0,0,B,0.007,24,1.0
espectrograma,MLP,0,0,0,0,B,0.014,24,1.0
espectrograma,MLP,0,0,0,0,B,0.021,24,1.0
espectrograma,MLP,0,0,0,0,IR,0.007,24,1.0
espectrograma,MLP,0,0,0,0,IR,0.014,24,1.0
espectrograma,MLP,0,0,0,0,IR,0.021,24,1.0
espectrograma,MLP,0,0,0,0,Normal,0.0,48,1.0
espectrograma,MLP,0,0,0,0,OR,0.007,24,1.0
espectrograma,MLP,0,0,0,0,OR,0.014,24,1.0
espectrograma,MLP,0,0,0,0,OR,0.021,24,1.0
espectrograma,MLP,0,0,0,1,B,0.007,23,1.0
espectrograma,MLP,0,0,0,1,B,0.014,22,1.0
espectrograma,MLP,0,0,0,1,B,0.021,23,1.0
espectrograma,MLP,0,0,0,1,IR,0.007,22,1.0
espectrograma,MLP,0,0,0,1,IR,0.014,22,1.0
espectrograma,MLP,0,0,0,1,IR,0.021,23,1.0
espectrograma,MLP,0,0,0,1,Normal,0.0,46,1.0
espectrograma,MLP,0,0,0,1,OR,0.007,23,1.0
espectrograma,MLP,0,0,0,1,OR,0.014,22,1.0
espectrograma,MLP,0,0,0,1,OR,0.021,23,1.0
espectrograma,MLP,0,0,0,2,B,0.007,22,1.0
espectrograma,MLP,0,0,0,2,B,0.014,23,1.0
espectrograma,MLP,0,0,0,2,B,0.021,22,1.0
espectrograma,MLP,0,0,0,2,IR,0.007,23,1.0
espectrograma,MLP,0,0,0,2,IR,0.014,23,1.0
espectrograma,MLP,0,0,0,2,IR,0.021,22,1.0
espectrograma,MLP,0,0,0,2,Normal,0.0,47,1.0
espectrograma,MLP,0,0,0,2,OR,0.007,22,1.0
espectrograma,MLP,0,0,0,2,OR,0.014,23,1.0
espectrograma,MLP,0,0,0,2,OR,0.021,22,1.0
espectrograma,MLP,0,0,0,3,B,0.007,23,1.0
espectrograma,MLP,0,0,0,3,B,0.014,22,1.0
espectrograma,MLP,0,0,0,3,B,0.021,23,1.0
espectrograma,MLP,0,0,0,3,IR,0.007,22,1.0
espectrograma,MLP,0,0,0,3,IR,0.014,22,1.0
espectrograma,MLP,0,0,0,3,IR,0.021,23,1.0
espectrograma,MLP,0,0,0,3,Normal,0.0,46,1.0
espectrograma,MLP,0,0,0,3,OR,0.007,23,1.0
espectrograma,MLP,0,0,0,3,OR,0.014,22,1.0
espectrograma,MLP,0,0,0,3,OR,0.021,23,1.0
espectrograma,MLP,0,0,0,4,B,0.007,22,1.0
espectrograma,MLP,0,0,0,4,B,0.014,22,1.0
espectrograma,MLP,0,0,0,4,B,0.021,22,1.0
espectrograma,MLP,0,0,0,4,IR,0.007,22,1.0
espectrograma,MLP,0,0,0,4,IR,0.014,22,1.0
espectrograma,MLP,0,0,0,4,IR,0.021,22,1.0
espectrograma,MLP,0,0,0,4,Normal,0.0,46,1.0
espectrograma,MLP,0,0,0,4,OR,0.007,22,1.0
espectrograma,MLP,0,0,0,4,OR,0.014,22,1.0
espectrograma,MLP,0,0,0,4,OR,0.021,22,1.0
espectrograma,MLP,0,1,1,0,B,0.007,24,0.9583333333333334
espectrograma,MLP,0,1,1,0,B,0.014,24,0.6666666666666666
espectrograma,MLP,0,1,1,0,B,0.021,24,0.125
espectrograma,MLP,0,1,1,0,IR,0.007,24,1.0
espectrograma,MLP,0,1,1,0,IR,0.014,24,0.0
espectrograma,MLP,0,1,1,0,IR,0.021,24,1.0
espectrograma,MLP,0,1,1,0,Normal,0.0,95,1.0
espectrograma,MLP,0,1,1,0,OR,0.007,24,1.0
espectrograma,MLP,0,1,1,0,OR,0.014,24,1.0
espectrograma,MLP,0,1,1,0,OR,0.021,24,1.0
espectrograma,MLP,0,1,1,1,B,0.007,22,1.0
espectrograma,MLP,0,1,1,1,B,0.014,23,0.782608695652174
espectrograma,MLP,0,1,1,1,B,0.021,22,0.2727272727272727
espectrograma,MLP,0,1,1,1,IR,0.007,23,1.0
espectrograma,MLP,0,1,1,1,IR,0.014,22,0.0
espectrograma,MLP,0,1,1,1,IR,0.021,22,1.0
espectrograma,MLP,0,1,1,1,Normal,0.0,93,1.0
espectrograma,MLP,0,1,1,1,OR,0.007,23,1.0
espectrograma,MLP,0,1,1,1,OR,0.014,23,1.0
espectrograma,MLP,0,1,1,1,OR,0.021,23,1.0
espectrograma,MLP,0,1,1,2,B,0.007,23,0.9565217391304348
espectrograma,MLP,0,1,1,2,B,0.014,22,0.7727272727272727
espectrograma,MLP,0,1,1,2,B,0.021,23,0.2608695652173913
espectrograma,MLP,0,1,1,2,IR,0.007,22,1.0
espectrograma,MLP,0,1,1,2,IR,0.014,23,0.0
espectrograma,MLP,0,1,1,2,IR,0.021,23,1.0
espectrograma,MLP,0,1,1,2,Normal,0.0,93,1.0
espectrograma,MLP,0,1,1,2,OR,0.007,22,1.0
espectrograma,MLP,0,1,1,2,OR,0.014,22,1.0
espectrograma,MLP,0,1,1,2,OR,0.021,22,1.0
espectrograma,MLP,0,1,1,3,B,0.007,22,1.0
espectrograma,MLP,0,1,1,3,B,0.014,23,0.9565217391304348
espectrograma,MLP,0,1,1,3,B,0.021,22,0.1363636363636363
espectrograma,MLP,0,1,1,3,IR,0.007,23,1.0
espectrograma,MLP,0,1,1,3,IR,0.014,22,0.0
espectrograma,MLP,0,1,1,3,IR,0.021,22,1.0
espectrograma,MLP,0,1,1,3,Normal,0.0,93,1.0
espectrograma,MLP,0,1,1,3,OR,0.007,23,1.0
espectrograma,MLP,0,1,1,3,OR,0.014,23,1.0
espectrograma,MLP,0,1,1,3,OR,0.021,23,1.0
espectrograma,MLP,0,1,1,4,B,0.007,22,1.0
espectrograma,MLP,0,1,1,4,B,0.014,22,0.9545454545454546
espectrograma,MLP,0,1,1,4,B,0.021,22,0.0
espectrograma,MLP,0,1,1,4,IR,0.007,22,0.9545454545454546
espectrograma,MLP,0,1,1,4,IR,0.014,22,0.0
espectrograma,MLP,0,1,1,4,IR,0.021,22,1.0
espectrograma,MLP,0,1,1,4,Normal,0.0,93,1.0
espectrograma,MLP,0,1,1,4,OR,0.007,22,1.0
espectrograma,MLP,0,1,1,4,OR,0.014,22,1.0
espectrograma,MLP,0,1,1,4,OR,0.021,22,1.0
espectrograma,MLP,0,2,2,0,B,0.007,24,1.0
espectrograma,MLP,0,2,2,0,B,0.014,24,1.0
espectrograma,MLP,0,2,2,0,B,0.021,24,0.2083333333333333
espectrograma,MLP,0,2,2,0,IR,0.007,24,1.0
espectrograma,MLP,0,2,2,0,IR,0.014,24,0.0
espectrograma,MLP,0,2,2,0,IR,0.021,24,1.0
espectrograma,MLP,0,2,2,0,Normal,0.0,95,1.0
espectrograma,MLP,0,2,2,0,OR,0.007,24,1.0
espectrograma,MLP,0,2,2,0,OR,0.014,24,1.0
espectrograma,MLP,0,2,2,0,OR,0.021,24,1.0
espectrograma,MLP,0,2,2,1,B,0.007,22,1.0
espectrograma,MLP,0,2,2,1,B,0.014,23,1.0
espectrograma,MLP,0,2,2,1,B,0.021,23,0.0869565217391304
espectrograma,MLP,0,2,2,1,IR,0.007,23,1.0
espectrograma,MLP,0,2,2,1,IR,0.014,22,0.0
espectrograma,MLP,0,2,2,1,IR,0.021,22,1.0
espectrograma,MLP,0,2,2,1,Normal,0.0,93,1.0
espectrograma,MLP,0,2,2,1,OR,0.007,22,1.0
espectrograma,MLP,0,2,2,1,OR,0.014,22,1.0
espectrograma,MLP,0,2,2,1,OR,0.021,23,1.0
espectrograma,MLP,0,2,2,2,B,0.007,23,1.0
espectrograma,MLP,0,2,2,2,B,0.014,22,0.9545454545454546
espectrograma,MLP,0,2,2,2,B,0.021,22,0.1363636363636363
espectrograma,MLP,0,2,2,2,IR,0.007,22,1.0
espectrograma,MLP,0,2,2,2,IR,0.014,23,0.0
espectrograma,MLP,0,2,2,2,IR,0.021,23,1.0
espectrograma,MLP,0,2,2,2,Normal,0.0,94,1.0
espectrograma,MLP,0,2,2,2,OR,0.007,23,1.0
espectrograma,MLP,0,2,2,2,OR,0.014,23,1.0
espectrograma,MLP,0,2,2,2,OR,0.021,22,1.0
espectrograma,MLP,0,2,2,3,B,0.007,22,1.0
espectrograma,MLP,0,2,2,3,B,0.014,23,1.0
espectrograma,MLP,0,2,2,3,B,0.021,23,0.1739130434782608
espectrograma,MLP,0,2,2,3,IR,0.007,23,1.0
espectrograma,MLP,0,2,2,3,IR,0.014,22,0.0
espectrograma,MLP,0,2,2,3,IR,0.021,22,1.0
espectrograma,MLP,0,2,2,3,Normal,0.0,93,1.0
espectrograma,MLP,0,2,2,3,OR,0.007,22,1.0
espectrograma,MLP,0,2,2,3,OR,0.014,22,1.0
espectrograma,MLP,0,2,2,3,OR,0.021,23,1.0
espectrograma,MLP,0,2,2,4,B,0.007,22,1.0
espectrograma,MLP,0,2,2,4,B,0.014,22,1.0
espectrograma,MLP,0,2,2,4,B,0.021,22,0.0909090909090909
espectrograma,MLP,0,2,2,4,IR,0.007,22,1.0
espectrograma,MLP,0,2,2,4,IR,0.014,22,0.0
espectrograma,MLP,0,2,2,4,IR,0.021,22,1.0
espectrograma,MLP,0,2,2,4,Normal,0.0,93,1.0
espectrograma,MLP,0,2,2,4,OR,0.007,22,1.0
espectrograma,MLP,0,2,2,4,OR,0.014,22,1.0
espectrograma,MLP,0,2,2,4,OR,0.021,22,1.0
espectrograma,MLP,0,3,3,0,B,0.007,24,1.0
espectrograma,MLP,0,3,3,0,B,0.014,24,1.0
espectrograma,MLP,0,3,3,0,B,0.021,24,0.9583333333333334
espectrograma,MLP,0,3,3,0,IR,0.007,24,1.0
espectrograma,MLP,0,3,3,0,IR,0.014,24,0.0
espectrograma,MLP,0,3,3,0,IR,0.021,24,1.0
espectrograma,MLP,0,3,3,0,Normal,0.0,95,1.0
espectrograma,MLP,0,3,3,0,OR,0.007,24,1.0
espectrograma,MLP,0,3,3,0,OR,0.014,24,1.0
espectrograma,MLP,0,3,3,0,OR,0.021,24,1.0
espectrograma,MLP,0,3,3,1,B,0.007,22,1.0
espectrograma,MLP,0,3,3,1,B,0.014,23,1.0
espectrograma,MLP,0,3,3,1,B,0.021,23,0.9565217391304348
espectrograma,MLP,0,3,3,1,IR,0.007,23,1.0
espectrograma,MLP,0,3,3,1,IR,0.014,22,0.0
espectrograma,MLP,0,3,3,1,IR,0.021,23,1.0
espectrograma,MLP,0,3,3,1,Normal,0.0,94,1.0
espectrograma,MLP,0,3,3,1,OR,0.007,23,1.0
espectrograma,MLP,0,3,3,1,OR,0.014,23,1.0
espectrograma,MLP,0,3,3,1,OR,0.021,23,1.0
espectrograma,MLP,0,3,3,2,B,0.007,23,1.0
espectrograma,MLP,0,3,3,2,B,0.014,22,0.9090909090909092
espectrograma,MLP,0,3,3,2,B,0.021,22,1.0
espectrograma,MLP,0,3,3,2,IR,0.007,23,1.0
espectrograma,MLP,0,3,3,2,IR,0.014,23,0.0434782608695652
espectrograma,MLP,0,3,3,2,IR,0.021,22,1.0
espectrograma,MLP,0,3,3,2,Normal,0.0,93,1.0
espectrograma,MLP,0,3,3,2,OR,0.007,22,1.0
espectrograma,MLP,0,3,3,2,OR,0.014,22,1.0
espectrograma,MLP,0,3,3,2,OR,0.021,22,1.0
espectrograma,MLP,0,3,3,3,B,0.007,22,1.0
espectrograma,MLP,0,3,3,3,B,0.014,23,1.0
espectrograma,MLP,0,3,3,3,B,0.021,23,1.0
espectrograma,MLP,0,3,3,3,IR,0.007,23,1.0
espectrograma,MLP,0,3,3,3,IR,0.014,22,0.0
espectrograma,MLP,0,3,3,3,IR,0.021,23,1.0
espectrograma,MLP,0,3,3,3,Normal,0.0,94,1.0
espectrograma,MLP,0,3,3,3,OR,0.007,23,1.0
espectrograma,MLP,0,3,3,3,OR,0.014,23,1.0
espectrograma,MLP,0,3,3,3,OR,0.021,23,1.0
espectrograma,MLP,0,3,3,4,B,0.007,22,1.0
espectrograma,MLP,0,3,3,4,B,0.014,22,1.0
espectrograma,MLP,0,3,3,4,B,0.021,22,1.0
espectrograma,MLP,0,3,3,4,IR,0.007,22,1.0
espectrograma,MLP,0,3,3,4,IR,0.014,22,0.0
espectrograma,MLP,0,3,3,4,IR,0.021,22,1.0
espectrograma,MLP,0,3,3,4,Normal,0.0,93,1.0
espectrograma,MLP,0,3,3,4,OR,0.007,22,1.0
espectrograma,MLP,0,3,3,4,OR,0.014,22,1.0
espectrograma,MLP,0,3,3,4,OR,0.021,22,1.0
espectrograma,MLP,1,0,1,0,B,0.007,24,1.0
espectrograma,MLP,1,0,1,0,B,0.014,24,0.8333333333333334
espectrograma,MLP,1,0,1,0,B,0.021,24,1.0
espectrograma,MLP,1,0,1,0,IR,0.007,24,1.0
espectrograma,MLP,1,0,1,0,IR,0.014,24,1.0
espectrograma,MLP,1,0,1,0,IR,0.021,24,1.0
espectrograma,MLP,1,0,1,0,Normal,0.0,48,1.0
espectrograma,MLP,1,0,1,0,OR,0.007,24,0.8333333333333334
espectrograma,MLP,1,0,1,0,OR,0.014,24,1.0
espectrograma,MLP,1,0,1,0,OR,0.021,24,0.9166666666666666
espectrograma,MLP,1,0,1,1,B,0.007,23,1.0
espectrograma,MLP,1,0,1,1,B,0.014,22,0.9090909090909092
espectrograma,MLP,1,0,1,1,B,0.021,23,1.0
espectrograma,MLP,1,0,1,1,IR,0.007,22,1.0
espectrograma,MLP,1,0,1,1,IR,0.014,22,0.9090909090909092
espectrograma,MLP,1,0,1,1,IR,0.021,23,1.0
espectrograma,MLP,1,0,1,1,Normal,0.0,46,1.0
espectrograma,MLP,1,0,1,1,OR,0.007,23,0.9130434782608696
espectrograma,MLP,1,0,1,1,OR,0.014,22,0.9545454545454546
espectrograma,MLP,1,0,1,1,OR,0.021,23,0.6956521739130435
espectrograma,MLP,1,0,1,2,B,0.007,22,1.0
espectrograma,MLP,1,0,1,2,B,0.014,23,1.0
espectrograma,MLP,1,0,1,2,B,0.021,22,1.0
espectrograma,MLP,1,0,1,2,IR,0.007,23,1.0
espectrograma,MLP,1,0,1,2,IR,0.014,23,1.0
espectrograma,MLP,1,0,1,2,IR,0.021,22,0.9545454545454546
espectrograma,MLP,1,0,1,2,Normal,0.0,47,1.0
espectrograma,MLP,1,0,1,2,OR,0.007,22,0.9545454545454546
espectrograma,MLP,1,0,1,2,OR,0.014,23,1.0
espectrograma,MLP,1,0,1,2,OR,0.021,22,0.8636363636363636
espectrograma,MLP,1,0,1,3,B,0.007,23,1.0
espectrograma,MLP,1,0,1,3,B,0.014,22,0.8181818181818182
espectrograma,MLP,1,0,1,3,B,0.021,23,1.0
espectrograma,MLP,1,0,1,3,IR,0.007,22,1.0
espectrograma,MLP,1,0,1,3,IR,0.014,22,1.0
espectrograma,MLP,1,0,1,3,IR,0.021,23,1.0
espectrograma,MLP,1,0,1,3,Normal,0.0,46,1.0
espectrograma,MLP,1,0,1,3,OR,0.007,23,1.0
espectrograma,MLP,1,0,1,3,OR,0.014,22,1.0
espectrograma,MLP,1,0,1,3,OR,0.021,23,0.6956521739130435
espectrograma,MLP,1,0,1,4,B,0.007,22,1.0
espectrograma,MLP,1,0,1,4,B,0.014,22,0.9545454545454546
espectrograma,MLP,1,0,1,4,B,0.021,22,1.0
espectrograma,MLP,1,0,1,4,IR,0.007,22,1.0
espectrograma,MLP,1,0,1,4,IR,0.014,22,1.0
espectrograma,MLP,1,0,1,4,IR,0.021,22,1.0
espectrograma,MLP,1,0,1,4,Normal,0.0,46,1.0
espectrograma,MLP,1,0,1,4,OR,0.007,22,1.0
espectrograma,MLP,1,0,1,4,OR,0.014,22,1.0
espectrograma,MLP,1,0,1,4,OR,0.021,22,0.9545454545454546
espectrograma,MLP,1,1,0,0,B,0.007,24,1.0
espectrograma,MLP,1,1,0,0,B,0.014,24,1.0
espectrograma,MLP,1,1,0,0,B,0.021,24,1.0
espectrograma,MLP,1,1,0,0,IR,0.007,24,1.0
espectrograma,MLP,1,1,0,0,IR,0.014,24,1.0
espectrograma,MLP,1,1,0,0,IR,0.021,24,1.0
espectrograma,MLP,1,1,0,0,Normal,0.0,95,1.0
espectrograma,MLP,1,1,0,0,OR,0.007,24,1.0
espectrograma,MLP,1,1,0,0,OR,0.014,24,1.0
espectrograma,MLP,1,1,0,0,OR,0.021,24,1.0
espectrograma,MLP,1,1,0,1,B,0.007,22,1.0
espectrograma,MLP,1,1,0,1,B,0.014,23,1.0
espectrograma,MLP,1,1,0,1,B,0.021,22,1.0
espectrograma,MLP,1,1,0,1,IR,0.007,23,1.0
espectrograma,MLP,1,1,0,1,IR,0.014,22,1.0
espectrograma,MLP,1,1,0,1,IR,0.021,22,1.0
espectrograma,MLP,1,1,0,1,Normal,0.0,93,1.0
espectrograma,MLP,1,1,0,1,OR,0.007,23,1.0
espectrograma,MLP,1,1,0,1,OR,0.014,23,1.0
espectrograma,MLP,1,1,0,1,OR,0.021,23,1.0
espectrograma,MLP,1,1,0,2,B,0.007,23,1.0
espectrograma,MLP,1,1,0,2,B,0.014,22,1.0
espectrograma,MLP,1,1,0,2,B,0.021,23,1.0
espectrograma,MLP,1,1,0,2,IR,0.007,22,1.0
espectrograma,MLP,1,1,0,2,IR,0.014,23,1.0
espectrograma,MLP,1,1,0,2,IR,0.021,23,1.0
espectrograma,MLP,1,1,0,2,Normal,0.0,93,1.0
espectrograma,MLP,1,1,0,2,OR,0.007,22,1.0
espectrograma,MLP,1,1,0,2,OR,0.014,22,1.0
espectrograma,MLP,1,1,0,2,OR,0.021,22,1.0
espectrograma,MLP,1,1,0,3,B,0.007,22,1.0
espectrograma,MLP,1,1,0,3,B,0.014,23,1.0
espectrograma,MLP,1,1,0,3,B,0.021,22,1.0
espectrograma,MLP,1,1,0,3,IR,0.007,23,1.0
espectrograma,MLP,1,1,0,3,IR,0.014,22,1.0
espectrograma,MLP,1,1,0,3,IR,0.021,22,1.0
espectrograma,MLP,1,1,0,3,Normal,0.0,93,1.0
espectrograma,MLP,1,1,0,3,OR,0.007,23,1.0
espectrograma,MLP,1,1,0,3,OR,0.014,23,1.0
espectrograma,MLP,1,1,0,3,OR,0.021,23,0.9130434782608696
espectrograma,MLP,1,1,0,4,B,0.007,22,1.0
espectrograma,MLP,1,1,0,4,B,0.014,22,1.0
espectrograma,MLP,1,1,0,4,B,0.021,22,0.9090909090909092
espectrograma,MLP,1,1,0,4,IR,0.007,22,1.0
espectrograma,MLP,1,1,0,4,IR,0.014,22,1.0
espectrograma,MLP,1,1,0,4,IR,0.021,22,1.0
espectrograma,MLP,1,1,0,4,Normal,0.0,93,1.0
espectrograma,MLP,1,1,0,4,OR,0.007,22,1.0
espectrograma,MLP,1,1,0,4,OR,0.014,22,1.0
espectrograma,MLP,1,1,0,4,OR,0.021,22,1.0
espectrograma,MLP,1,2,1,0,B,0.007,24,1.0
espectrograma,MLP,1,2,1,0,B,0.014,24,1.0
espectrograma,MLP,1,2,1,0,B,0.021,24,1.0
espectrograma,MLP,1,2,1,0,IR,0.007,24,1.0
espectrograma,MLP,1,2,1,0,IR,0.014,24,0.875
espectrograma,MLP,1,2,1,0,IR,0.021,24,1.0
espectrograma,MLP,1,2,1,0,Normal,0.0,95,1.0
espectrograma,MLP,1,2,1,0,OR,0.007,24,1.0
espectrograma,MLP,1,2,1,0,OR,0.014,24,1.0
espectrograma,MLP,1,2,1,0,OR,0.021,24,1.0
espectrograma,MLP,1,2,1,1,B,0.007,22,1.0
espectrograma,MLP,1,2,1,1,B,0.014,23,1.0
espectrograma,MLP,1,2,1,1,B,0.021,23,1.0
espectrograma,MLP,1,2,1,1,IR,0.007,23,1.0
espectrograma,MLP,1,2,1,1,IR,0.014,22,1.0
espectrograma,MLP,1,2,1,1,IR,0.021,22,1.0
espectrograma,MLP,1,2,1,1,Normal,0.0,93,1.0
espectrograma,MLP,1,2,1,1,OR,0.007,22,1.0
espectrograma,MLP,1,2,1,1,OR,0.014,22,1.0
espectrograma,MLP,1,2,1,1,OR,0.021,23,1.0
espectrograma,MLP,1,2,1,2,B,0.007,23,1.0
espectrograma,MLP,1,2,1,2,B,0.014,22,1.0
espectrograma,MLP,1,2,1,2,B,0.021,22,1.0
espectrograma,MLP,1,2,1,2,IR,0.007,22,1.0
espectrograma,MLP,1,2,1,2,IR,0.014,23,0.9130434782608696
espectrograma,MLP,1,2,1,2,IR,0.021,23,1.0
espectrograma,MLP,1,2,1,2,Normal,0.0,94,1.0
espectrograma,MLP,1,2,1,2,OR,0.007,23,1.0
espectrograma,MLP,1,2,1,2,OR,0.014,23,1.0
espectrograma,MLP,1,2,1,2,OR,0.021,22,1.0
espectrograma,MLP,1,2,1,3,B,0.007,22,1.0
espectrograma,MLP,1,2,1,3,B,0.014,23,1.0
espectrograma,MLP,1,2,1,3,B,0.021,23,1.0
espectrograma,MLP,1,2,1,3,IR,0.007,23,1.0
espectrograma,MLP,1,2,1,3,IR,0.014,22,0.9545454545454546
espectrograma,MLP,1,2,1,3,IR,0.021,22,1.0
espectrograma,MLP,1,2,1,3,Normal,0.0,93,1.0
espectrograma,MLP,1,2,1,3,OR,0.007,22,1.0
espectrograma,MLP,1,2,1,3,OR,0.014,22,1.0
espectrograma,MLP,1,2,1,3,OR,0.021,23,1.0
espectrograma,MLP,1,2,1,4,B,0.007,22,1.0
espectrograma,MLP,1,2,1,4,B,0.014,22,1.0
espectrograma,MLP,1,2,1,4,B,0.021,22,1.0
espectrograma,MLP,1,2,1,4,IR,0.007,22,1.0
espectrograma,MLP,1,2,1,4,IR,0.014,22,0.9545454545454546
espectrograma,MLP,1,2,1,4,IR,0.021,22,1.0
espectrograma,MLP,1,2,1,4,Normal,0.0,93,1.0
espectrograma,MLP,1,2,1,4,OR,0.007,22,1.0
espectrograma,MLP,1,2,1,4,OR,0.014,22,1.0
espectrograma,MLP,1,2,1,4,OR,0.021,22,1.0
espectrograma,MLP,1,3,2,0,B,0.007,24,1.0
espectrograma,MLP,1,3,2,0,B,0.014,24,1.0
espectrograma,MLP,1,3,2,0,B,0.021,24,1.0
espectrograma,MLP,1,3,2,0,IR,0.007,24,1.0
espectrograma,MLP,1,3,2,0,IR,0.014,24,0.5833333333333334
espectrograma,MLP,1,3,2,0,IR,0.021,24,1.0
espectrograma,MLP,1,3,2,0,Normal,0.0,95,1.0
espectrograma,MLP,1,3,2,0,OR,0.007,24,1.0
espectrograma,MLP,1,3,2,0,OR,0.014,24,1.0
espectrograma,MLP,1,3,2,0,OR,0.021,24,0.9583333333333334
espectrograma,MLP,1,3,2,1,B,0.007,22,1.0
espectrograma,MLP,1,3,2,1,B,0.014,23,0.9130434782608696
espectrograma,MLP,1,3,2,1,B,0.021,23,1.0
espectrograma,MLP,1,3,2,1,IR,0.007,23,1.0
espectrograma,MLP,1,3,2,1,IR,0.014,22,0.6363636363636364
espectrograma,MLP,1,3,2,1,IR,0.021,23,1.0
espectrograma,MLP,1,3,2,1,Normal,0.0,94,1.0
espectrograma,MLP,1,3,2,1,OR,0.007,23,1.0
espectrograma,MLP,1,3,2,1,OR,0.014,23,1.0
espectrograma,MLP,1,3,2,1,OR,0.021,23,1.0
espectrograma,MLP,1,3,2,2,B,0.007,23,1.0
espectrograma,MLP,1,3,2,2,B,0.014,22,0.8636363636363636
espectrograma,MLP,1,3,2,2,B,0.021,22,1.0
espectrograma,MLP,1,3,2,2,IR,0.007,23,1.0
espectrograma,MLP,1,3,2,2,IR,0.014,23,0.8695652173913043
espectrograma,MLP,1,3,2,2,IR,0.021,22,1.0
espectrograma,MLP,1,3,2,2,Normal,0.0,93,1.0
espectrograma,MLP,1,3,2,2,OR,0.007,22,1.0
espectrograma,MLP,1,3,2,2,OR,0.014,22,1.0
espectrograma,MLP,1,3,2,2,OR,0.021,22,0.9545454545454546
espectrograma,MLP,1,3,2,3,B,0.007,22,1.0
espectrograma,MLP,1,3,2,3,B,0.014,23,1.0
espectrograma,MLP,1,3,2,3,B,0.021,23,1.0
espectrograma,MLP,1,3,2,3,IR,0.007,23,1.0
espectrograma,MLP,1,3,2,3,IR,0.014,22,0.6363636363636364
espectrograma,MLP,1,3,2,3,IR,0.021,23,1.0
espectrograma,MLP,1,3,2,3,Normal,0.0,94,1.0
espectrograma,MLP,1,3,2,3,OR,0.007,23,1.0
espectrograma,MLP,1,3,2,3,OR,0.014,23,0.9130434782608696
espectrograma,MLP,1,3,2,3,OR,0.021,23,0.9130434782608696
espectrograma,MLP,1,3,2,4,B,0.007,22,1.0
espectrograma,MLP,1,3,2,4,B,0.014,22,1.0
espectrograma,MLP,1,3,2,4,B,0.021,22,1.0
espectrograma,MLP,1,3,2,4,IR,0.007,22,1.0
espectrograma,MLP,1,3,2,4,IR,0.014,22,0.9090909090909092
espectrograma,MLP,1,3,2,4,IR,0.021,22,1.0
espectrograma,MLP,1,3,2,4,Normal,0.0,93,1.0
espectrograma,MLP,1,3,2,4,OR,0.007,22,1.0
espectrograma,MLP,1,3,2,4,OR,0.014,22,1.0
espectrograma,MLP,1,3,2,4,OR,0.021,22,1.0
espectrograma,MLP,2,0,2,0,B,0.007,24,1.0
espectrograma,MLP,2,0,2,0,B,0.014,24,0.875
espectrograma,MLP,2,0,2,0,B,0.021,24,1.0
espectrograma,MLP,2,0,2,0,IR,0.007,24,1.0
espectrograma,MLP,2,0,2,0,IR,0.014,24,1.0
espectrograma,MLP,2,0,2,0,IR,0.021,24,0.5833333333333334
espectrograma,MLP,2,0,2,0,Normal,0.0,48,1.0
espectrograma,MLP,2,0,2,0,OR,0.007,24,0.9583333333333334
espectrograma,MLP,2,0,2,0,OR,0.014,24,0.5
espectrograma,MLP,2,0,2,0,OR,0.021,24,0.8333333333333334
espectrograma,MLP,2,0,2,1,B,0.007,23,1.0
espectrograma,MLP,2,0,2,1,B,0.014,22,0.9090909090909092
espectrograma,MLP,2,0,2,1,B,0.021,23,0.9130434782608696
espectrograma,MLP,2,0,2,1,IR,0.007,22,1.0
espectrograma,MLP,2,0,2,1,IR,0.014,22,1.0
espectrograma,MLP,2,0,2,1,IR,0.021,23,0.9130434782608696
espectrograma,MLP,2,0,2,1,Normal,0.0,46,1.0
espectrograma,MLP,2,0,2,1,OR,0.007,23,0.6521739130434783
espectrograma,MLP,2,0,2,1,OR,0.014,22,0.4090909090909091
espectrograma,MLP,2,0,2,1,OR,0.021,23,0.782608695652174
espectrograma,MLP,2,0,2,2,B,0.007,22,1.0
espectrograma,MLP,2,0,2,2,B,0.014,23,1.0
espectrograma,MLP,2,0,2,2,B,0.021,22,0.8636363636363636
espectrograma,MLP,2,0,2,2,IR,0.007,23,1.0
espectrograma,MLP,2,0,2,2,IR,0.014,23,1.0
espectrograma,MLP,2,0,2,2,IR,0.021,22,0.9090909090909092
espectrograma,MLP,2,0,2,2,Normal,0.0,47,1.0
espectrograma,MLP,2,0,2,2,OR,0.007,22,0.9545454545454546
espectrograma,MLP,2,0,2,2,OR,0.014,23,0.4347826086956521
espectrograma,MLP,2,0,2,2,OR,0.021,22,0.9090909090909092
espectrograma,MLP,2,0,2,3,B,0.007,23,1.0
espectrograma,MLP,2,0,2,3,B,0.014,22,0.9090909090909092
espectrograma,MLP,2,0,2,3,B,0.021,23,0.782608695652174
espectrograma,MLP,2,0,2,3,IR,0.007,22,1.0
espectrograma,MLP,2,0,2,3,IR,0.014,22,1.0
espectrograma,MLP,2,0,2,3,IR,0.021,23,0.782608695652174
espectrograma,MLP,2,0,2,3,Normal,0.0,46,1.0
espectrograma,MLP,2,0,2,3,OR,0.007,23,0.6956521739130435
espectrograma,MLP,2,0,2,3,OR,0.014,22,0.5454545454545454
espectrograma,MLP,2,0,2,3,OR,0.021,23,0.6521739130434783
espectrograma,MLP,2,0,2,4,B,0.007,22,1.0
espectrograma,MLP,2,0,2,4,B,0.014,22,0.8636363636363636
espectrograma,MLP,2,0,2,4,B,0.021,22,1.0
espectrograma,MLP,2,0,2,4,IR,0.007,22,1.0
espectrograma,MLP,2,0,2,4,IR,0.014,22,1.0
espectrograma,MLP,2,0,2,4,IR,0.021,22,0.8181818181818182
espectrograma,MLP,2,0,2,4,Normal,0.0,46,1.0
espectrograma,MLP,2,0,2,4,OR,0.007,22,0.8181818181818182
espectrograma,MLP,2,0,2,4,OR,0.014,22,0.7727272727272727
espectrograma,MLP,2,0,2,4,OR,0.021,22,0.8636363636363636
espectrograma,MLP,2,1,1,0,B,0.007,24,1.0
espectrograma,MLP,2,1,1,0,B,0.014,24,1.0
espectrograma,MLP,2,1,1,0,B,0.021,24,0.8333333333333334
espectrograma,MLP,2,1,1,0,IR,0.007,24,1.0
espectrograma,MLP,2,1,1,0,IR,0.014,24,0.75
espectrograma,MLP,2,1,1,0,IR,0.021,24,1.0
espectrograma,MLP,2,1,1,0,Normal,0.0,95,1.0
espectrograma,MLP,2,1,1,0,OR,0.007,24,0.875
espectrograma,MLP,2,1,1,0,OR,0.014,24,1.0
espectrograma,MLP,2,1,1,0,OR,0.021,24,1.0
espectrograma,MLP,2,1,1,1,B,0.007,22,1.0
espectrograma,MLP,2,1,1,1,B,0.014,23,1.0
espectrograma,MLP,2,1,1,1,B,0.021,22,0.8636363636363636
espectrograma,MLP,2,1,1,1,IR,0.007,23,1.0
espectrograma,MLP,2,1,1,1,IR,0.014,22,0.6363636363636364
espectrograma,MLP,2,1,1,1,IR,0.021,22,1.0
espectrograma,MLP,2,1,1,1,Normal,0.0,93,1.0
espectrograma,MLP,2,1,1,1,OR,0.007,23,1.0
espectrograma,MLP,2,1,1,1,OR,0.014,23,1.0
espectrograma,MLP,2,1,1,1,OR,0.021,23,1.0
espectrograma,MLP,2,1,1,2,B,0.007,23,1.0
espectrograma,MLP,2,1,1,2,B,0.014,22,1.0
espectrograma,MLP,2,1,1,2,B,0.021,23,0.9130434782608696
espectrograma,MLP,2,1,1,2,IR,0.007,22,1.0
espectrograma,MLP,2,1,1,2,IR,0.014,23,0.6521739130434783
espectrograma,MLP,2,1,1,2,IR,0.021,23,1.0
espectrograma,MLP,2,1,1,2,Normal,0.0,93,1.0
espectrograma,MLP,2,1,1,2,OR,0.007,22,0.9545454545454546
espectrograma,MLP,2,1,1,2,OR,0.014,22,1.0
espectrograma,MLP,2,1,1,2,OR,0.021,22,1.0
espectrograma,MLP,2,1,1,3,B,0.007,22,1.0
espectrograma,MLP,2,1,1,3,B,0.014,23,1.0
espectrograma,MLP,2,1,1,3,B,0.021,22,0.8636363636363636
espectrograma,MLP,2,1,1,3,IR,0.007,23,1.0
espectrograma,MLP,2,1,1,3,IR,0.014,22,0.7727272727272727
espectrograma,MLP,2,1,1,3,IR,0.021,22,0.9545454545454546
espectrograma,MLP,2,1,1,3,Normal,0.0,93,1.0
espectrograma,MLP,2,1,1,3,OR,0.007,23,0.9565217391304348
espectrograma,MLP,2,1,1,3,OR,0.014,23,1.0
espectrograma,MLP,2,1,1,3,OR,0.021,23,1.0
espectrograma,MLP,2,1,1,4,B,0.007,22,1.0
espectrograma,MLP,2,1,1,4,B,0.014,22,1.0
espectrograma,MLP,2,1,1,4,B,0.021,22,0.6363636363636364
espectrograma,MLP,2,1,1,4,IR,0.007,22,1.0
espectrograma,MLP,2,1,1,4,IR,0.014,22,0.6363636363636364
espectrograma,MLP,2,1,1,4,IR,0.021,22,1.0
espectrograma,MLP,2,1,1,4,Normal,0.0,93,1.0
espectrograma,MLP,2,1,1,4,OR,0.007,22,1.0
espectrograma,MLP,2,1,1,4,OR,0.014,22,1.0
espectrograma,MLP,2,1,1,4,OR,0.021,22,1.0
espectrograma,MLP,2,2,0,0,B,0.007,24,1.0
espectrograma,MLP,2,2,0,0,B,0.014,24,1.0
espectrograma,MLP,2,2,0,0,B,0.021,24,1.0
espectrograma,MLP,2,2,0,0,IR,0.007,24,1.0
espectrograma,MLP,2,2,0,0,IR,0.014,24,0.9583333333333334
espectrograma,MLP,2,2,0,0,IR,0.021,24,1.0
espectrograma,MLP,2,2,0,0,Normal,0.0,95,1.0
espectrograma,MLP,2,2,0,0,OR,0.007,24,1.0
espectrograma,MLP,2,2,0,0,OR,0.014,24,1.0
espectrograma,MLP,2,2,0,0,OR,0.021,24,1.0
espectrograma,MLP,2,2,0,1,B,0.007,22,1.0
espectrograma,MLP,2,2,0,1,B,0.014,23,1.0
espectrograma,MLP,2,2,0,1,B,0.021,23,1.0
espectrograma,MLP,2,2,0,1,IR,0.007,23,1.0
espectrograma,MLP,2,2,0,1,IR,0.014,22,1.0
espectrograma,MLP,2,2,0,1,IR,0.021,22,1.0
espectrograma,MLP,2,2,0,1,Normal,0.0,93,1.0
espectrograma,MLP,2,2,0,1,OR,0.007,22,1.0
espectrograma,MLP,2,2,0,1,OR,0.014,22,1.0
espectrograma,MLP,2,2,0,1,OR,0.021,23,1.0
espectrograma,MLP,2,2,0,2,B,0.007,23,1.0
espectrograma,MLP,2,2,0,2,B,0.014,22,1.0
espectrograma,MLP,2,2,0,2,B,0.021,22,1.0
espectrograma,MLP,2,2,0,2,IR,0.007,22,1.0
espectrograma,MLP,2,2,0,2,IR,0.014,23,1.0
espectrograma,MLP,2,2,0,2,IR,0.021,23,1.0
espectrograma,MLP,2,2,0,2,Normal,0.0,94,1.0
espectrograma,MLP,2,2,0,2,OR,0.007,23,1.0
espectrograma,MLP,2,2,0,2,OR,0.014,23,1.0
espectrograma,MLP,2,2,0,2,OR,0.021,22,0.9545454545454546
espectrograma,MLP,2,2,0,3,B,0.007,22,1.0
espectrograma,MLP,2,2,0,3,B,0.014,23,1.0
espectrograma,MLP,2,2,0,3,B,0.021,23,1.0
espectrograma,MLP,2,2,0,3,IR,0.007,23,1.0
espectrograma,MLP,2,2,0,3,IR,0.014,22,0.9545454545454546
espectrograma,MLP,2,2,0,3,IR,0.021,22,1.0
espectrograma,MLP,2,2,0,3,Normal,0.0,93,1.0
espectrograma,MLP,2,2,0,3,OR,0.007,22,1.0
espectrograma,MLP,2,2,0,3,OR,0.014,22,1.0
espectrograma,MLP,2,2,0,3,OR,0.021,23,0.9565217391304348
espectrograma,MLP,2,2,0,4,B,0.007,22,1.0
espectrograma,MLP,2,2,0,4,B,0.014,22,1.0
espectrograma,MLP,2,2,0,4,B,0.021,22,1.0
espectrograma,MLP,2,2,0,4,IR,0.007,22,1.0
espectrograma,MLP,2,2,0,4,IR,0.014,22,1.0
espectrograma,MLP,2,2,0,4,IR,0.021,22,1.0
espectrograma,MLP,2,2,0,4,Normal,0.0,93,1.0
espectrograma,MLP,2,2,0,4,OR,0.007,22,1.0
espectrograma,MLP,2,2,0,4,OR,0.014,22,1.0
espectrograma,MLP,2,2,0,4,OR,0.021,22,1.0
espectrograma,MLP,2,3,1,0,B,0.007,24,1.0
espectrograma,MLP,2,3,1,0,B,0.014,24,1.0
espectrograma,MLP,2,3,1,0,B,0.021,24,1.0
espectrograma,MLP,2,3,1,0,IR,0.007,24,1.0
espectrograma,MLP,2,3,1,0,IR,0.014,24,0.875
espectrograma,MLP,2,3,1,0,IR,0.021,24,1.0
espectrograma,MLP,2,3,1,0,Normal,0.0,95,1.0
espectrograma,MLP,2,3,1,0,OR,0.007,24,1.0
espectrograma,MLP,2,3,1,0,OR,0.014,24,0.875
espectrograma,MLP,2,3,1,0,OR,0.021,24,0.9583333333333334
espectrograma,MLP,2,3,1,1,B,0.007,22,1.0
espectrograma,MLP,2,3,1,1,B,0.014,23,0.9130434782608696
espectrograma,MLP,2,3,1,1,B,0.021,23,1.0
espectrograma,MLP,2,3,1,1,IR,0.007,23,1.0
espectrograma,MLP,2,3,1,1,IR,0.014,22,1.0
espectrograma,MLP,2,3,1,1,IR,0.021,23,1.0
espectrograma,MLP,2,3,1,1,Normal,0.0,94,1.0
espectrograma,MLP,2,3,1,1,OR,0.007,23,1.0
espectrograma,MLP,2,3,1,1,OR,0.014,23,0.8260869565217391
espectrograma,MLP,2,3,1,1,OR,0.021,23,0.8260869565217391
espectrograma,MLP,2,3,1,2,B,0.007,23,1.0
espectrograma,MLP,2,3,1,2,B,0.014,22,0.9545454545454546
espectrograma,MLP,2,3,1,2,B,0.021,22,1.0
espectrograma,MLP,2,3,1,2,IR,0.007,23,1.0
espectrograma,MLP,2,3,1,2,IR,0.014,23,1.0
espectrograma,MLP,2,3,1,2,IR,0.021,22,1.0
espectrograma,MLP,2,3,1,2,Normal,0.0,93,1.0
espectrograma,MLP,2,3,1,2,OR,0.007,22,1.0
espectrograma,MLP,2,3,1,2,OR,0.014,22,0.8636363636363636
espectrograma,MLP,2,3,1,2,OR,0.021,22,0.9090909090909092
espectrograma,MLP,2,3,1,3,B,0.007,22,1.0
espectrograma,MLP,2,3,1,3,B,0.014,23,1.0
espectrograma,MLP,2,3,1,3,B,0.021,23,1.0
espectrograma,MLP,2,3,1,3,IR,0.007,23,1.0
espectrograma,MLP,2,3,1,3,IR,0.014,22,1.0
espectrograma,MLP,2,3,1,3,IR,0.021,23,1.0
espectrograma,MLP,2,3,1,3,Normal,0.0,94,1.0
espectrograma,MLP,2,3,1,3,OR,0.007,23,0.9130434782608696
espectrograma,MLP,2,3,1,3,OR,0.014,23,0.8260869565217391
espectrograma,MLP,2,3,1,3,OR,0.021,23,0.9565217391304348
espectrograma,MLP,2,3,1,4,B,0.007,22,1.0
espectrograma,MLP,2,3,1,4,B,0.014,22,1.0
espectrograma,MLP,2,3,1,4,B,0.021,22,1.0
espectrograma,MLP,2,3,1,4,IR,0.007,22,1.0
espectrograma,MLP,2,3,1,4,IR,0.014,22,0.9545454545454546
espectrograma,MLP,2,3,1,4,IR,0.021,22,1.0
espectrograma,MLP,2,3,1,4,Normal,0.0,93,1.0
espectrograma,MLP,2,3,1,4,OR,0.007,22,1.0
espectrograma,MLP,2,3,1,4,OR,0.014,22,0.8636363636363636
espectrograma,MLP,2,3,1,4,OR,0.021,22,1.0
espectrograma,MLP,3,0,3,0,B,0.007,24,1.0
espectrograma,MLP,3,0,3,0,B,0.014,24,0.9166666666666666
espectrograma,MLP,3,0,3,0,B,0.021,24,1.0
espectrograma,MLP,3,0,3,0,IR,0.007,24,1.0
espectrograma,MLP,3,0,3,0,IR,0.014,24,0.0
espectrograma,MLP,3,0,3,0,IR,0.021,24,0.2916666666666667
espectrograma,MLP,3,0,3,0,Normal,0.0,48,1.0
espectrograma,MLP,3,0,3,0,OR,0.007,24,1.0
espectrograma,MLP,3,0,3,0,OR,0.014,24,1.0
espectrograma,MLP,3,0,3,0,OR,0.021,24,0.9583333333333334
espectrograma,MLP,3,0,3,1,B,0.007,23,1.0
espectrograma,MLP,3,0,3,1,B,0.014,22,1.0
espectrograma,MLP,3,0,3,1,B,0.021,23,0.9130434782608696
espectrograma,MLP,3,0,3,1,IR,0.007,22,1.0
espectrograma,MLP,3,0,3,1,IR,0.014,22,0.0
espectrograma,MLP,3,0,3,1,IR,0.021,23,0.6956521739130435
espectrograma,MLP,3,0,3,1,Normal,0.0,46,1.0
espectrograma,MLP,3,0,3,1,OR,0.007,23,1.0
espectrograma,MLP,3,0,3,1,OR,0.014,22,1.0
espectrograma,MLP,3,0,3,1,OR,0.021,23,0.8260869565217391
espectrograma,MLP,3,0,3,2,B,0.007,22,1.0
espectrograma,MLP,3,0,3,2,B,0.014,23,1.0
espectrograma,MLP,3,0,3,2,B,0.021,22,0.8181818181818182
espectrograma,MLP,3,0,3,2,IR,0.007,23,1.0
espectrograma,MLP,3,0,3,2,IR,0.014,23,0.0
espectrograma,MLP,3,0,3,2,IR,0.021,22,0.7272727272727273
espectrograma,MLP,3,0,3,2,Normal,0.0,47,1.0
espectrograma,MLP,3,0,3,2,OR,0.007,22,1.0
espectrograma,MLP,3,0,3,2,OR,0.014,23,1.0
espectrograma,MLP,3,0,3,2,OR,0.021,22,1.0
espectrograma,MLP,3,0,3,3,B,0.007,23,1.0
espectrograma,MLP,3,0,3,3,B,0.014,22,1.0
espectrograma,MLP,3,0,3,3,B,0.021,23,0.7391304347826086
espectrograma,MLP,3,0,3,3,IR,0.007,22,1.0
espectrograma,MLP,3,0,3,3,IR,0.014,22,0.0
espectrograma,MLP,3,0,3,3,IR,0.021,23,0.8695652173913043
espectrograma,MLP,3,0,3,3,Normal,0.0,46,1.0
espectrograma,MLP,3,0,3,3,OR,0.007,23,1.0
espectrograma,MLP,3,0,3,3,OR,0.014,22,1.0
espectrograma,MLP,3,0,3,3,OR,0.021,23,0.9130434782608696
espectrograma,MLP,3,0,3,4,B,0.007,22,1.0
espectrograma,MLP,3,0,3,4,B,0.014,22,0.8636363636363636
espectrograma,MLP,3,0,3,4,B,0.021,22,1.0
espectrograma,MLP,3,0,3,4,IR,0.007,22,1.0
espectrograma,MLP,3,0,3,4,IR,0.014,22,0.0
espectrograma,MLP,3,0,3,4,IR,0.021,22,0.7727272727272727
espectrograma,MLP,3,0,3,4,Normal,0.0,46,1.0
espectrograma,MLP,3,0,3,4,OR,0.007,22,1.0
espectrograma,MLP,3,0,3,4,OR,0.014,22,1.0
espectrograma,MLP,3,0,3,4,OR,0.021,22,0.9545454545454546
espectrograma,MLP,3,1,2,0,B,0.007,24,1.0
espectrograma,MLP,3,1,2,0,B,0.014,24,0.9166666666666666
espectrograma,MLP,3,1,2,0,B,0.021,24,0.2916666666666667
espectrograma,MLP,3,1,2,0,IR,0.007,24,1.0
espectrograma,MLP,3,1,2,0,IR,0.014,24,0.0
espectrograma,MLP,3,1,2,0,IR,0.021,24,1.0
espectrograma,MLP,3,1,2,0,Normal,0.0,95,1.0
espectrograma,MLP,3,1,2,0,OR,0.007,24,1.0
espectrograma,MLP,3,1,2,0,OR,0.014,24,1.0
espectrograma,MLP,3,1,2,0,OR,0.021,24,1.0
espectrograma,MLP,3,1,2,1,B,0.007,22,1.0
espectrograma,MLP,3,1,2,1,B,0.014,23,0.8695652173913043
espectrograma,MLP,3,1,2,1,B,0.021,22,0.5
espectrograma,MLP,3,1,2,1,IR,0.007,23,1.0
espectrograma,MLP,3,1,2,1,IR,0.014,22,0.0
espectrograma,MLP,3,1,2,1,IR,0.021,22,1.0
espectrograma,MLP,3,1,2,1,Normal,0.0,93,1.0
espectrograma,MLP,3,1,2,1,OR,0.007,23,1.0
espectrograma,MLP,3,1,2,1,OR,0.014,23,1.0
espectrograma,MLP,3,1,2,1,OR,0.021,23,1.0
espectrograma,MLP,3,1,2,2,B,0.007,23,1.0
espectrograma,MLP,3,1,2,2,B,0.014,22,0.9090909090909092
espectrograma,MLP,3,1,2,2,B,0.021,23,0.3478260869565217
espectrograma,MLP,3,1,2,2,IR,0.007,22,1.0
espectrograma,MLP,3,1,2,2,IR,0.014,23,0.0
espectrograma,MLP,3,1,2,2,IR,0.021,23,1.0
espectrograma,MLP,3,1,2,2,Normal,0.0,93,1.0
espectrograma,MLP,3,1,2,2,OR,0.007,22,1.0
espectrograma,MLP,3,1,2,2,OR,0.014,22,1.0
espectrograma,MLP,3,1,2,2,OR,0.021,22,1.0
espectrograma,MLP,3,1,2,3,B,0.007,22,1.0
espectrograma,MLP,3,1,2,3,B,0.014,23,1.0
espectrograma,MLP,3,1,2,3,B,0.021,22,0.3181818181818182
espectrograma,MLP,3,1,2,3,IR,0.007,23,1.0
espectrograma,MLP,3,1,2,3,IR,0.014,22,0.0
espectrograma,MLP,3,1,2,3,IR,0.021,22,1.0
espectrograma,MLP,3,1,2,3,Normal,0.0,93,1.0
espectrograma,MLP,3,1,2,3,OR,0.007,23,1.0
espectrograma,MLP,3,1,2,3,OR,0.014,23,1.0
espectrograma,MLP,3,1,2,3,OR,0.021,23,1.0
espectrograma,MLP,3,1,2,4,B,0.007,22,1.0
espectrograma,MLP,3,1,2,4,B,0.014,22,1.0
espectrograma,MLP,3,1,2,4,B,0.021,22,0.1363636363636363
espectrograma,MLP,3,1,2,4,IR,0.007,22,1.0
espectrograma,MLP,3,1,2,4,IR,0.014,22,0.0
espectrograma,MLP,3,1,2,4,IR,0.021,22,0.9545454545454546
espectrograma,MLP,3,1,2,4,Normal,0.0,93,1.0
espectrograma,MLP,3,1,2,4,OR,0.007,22,1.0
espectrograma,MLP,3,1,2,4,OR,0.014,22,1.0
espectrograma,MLP,3,1,2,4,OR,0.021,22,1.0
espectrograma,MLP,3,2,1,0,B,0.007,24,1.0
espectrograma,MLP,3,2,1,0,B,0.014,24,1.0
espectrograma,MLP,3,2,1,0,B,0.021,24,0.7916666666666666
espectrograma,MLP,3,2,1,0,IR,0.007,24,1.0
espectrograma,MLP,3,2,1,0,IR,0.014,24,0.1666666666666666
espectrograma,MLP,3,2,1,0,IR,0.021,24,1.0
espectrograma,MLP,3,2,1,0,Normal,0.0,95,1.0
espectrograma,MLP,3,2,1,0,OR,0.007,24,1.0
espectrograma,MLP,3,2,1,0,OR,0.014,24,1.0
espectrograma,MLP,3,2,1,0,OR,0.021,24,1.0
espectrograma,MLP,3,2,1,1,B,0.007,22,1.0
espectrograma,MLP,3,2,1,1,B,0.014,23,1.0
espectrograma,MLP,3,2,1,1,B,0.021,23,0.8260869565217391
espectrograma,MLP,3,2,1,1,IR,0.007,23,1.0
espectrograma,MLP,3,2,1,1,IR,0.014,22,0.1818181818181818
espectrograma,MLP,3,2,1,1,IR,0.021,22,1.0
espectrograma,MLP,3,2,1,1,Normal,0.0,93,1.0
espectrograma,MLP,3,2,1,1,OR,0.007,22,1.0
espectrograma,MLP,3,2,1,1,OR,0.014,22,1.0
espectrograma,MLP,3,2,1,1,OR,0.021,23,1.0
espectrograma,MLP,3,2,1,2,B,0.007,23,1.0
espectrograma,MLP,3,2,1,2,B,0.014,22,1.0
espectrograma,MLP,3,2,1,2,B,0.021,22,0.7727272727272727
espectrograma,MLP,3,2,1,2,IR,0.007,22,1.0
espectrograma,MLP,3,2,1,2,IR,0.014,23,0.0869565217391304
espectrograma,MLP,3,2,1,2,IR,0.021,23,1.0
espectrograma,MLP,3,2,1,2,Normal,0.0,94,1.0
espectrograma,MLP,3,2,1,2,OR,0.007,23,1.0
espectrograma,MLP,3,2,1,2,OR,0.014,23,1.0
espectrograma,MLP,3,2,1,2,OR,0.021,22,1.0
espectrograma,MLP,3,2,1,3,B,0.007,22,1.0
espectrograma,MLP,3,2,1,3,B,0.014,23,1.0
espectrograma,MLP,3,2,1,3,B,0.021,23,0.9130434782608696
espectrograma,MLP,3,2,1,3,IR,0.007,23,1.0
espectrograma,MLP,3,2,1,3,IR,0.014,22,0.1818181818181818
espectrograma,MLP,3,2,1,3,IR,0.021,22,1.0
espectrograma,MLP,3,2,1,3,Normal,0.0,93,1.0
espectrograma,MLP,3,2,1,3,OR,0.007,22,1.0
espectrograma,MLP,3,2,1,3,OR,0.014,22,1.0
espectrograma,MLP,3,2,1,3,OR,0.021,23,1.0
espectrograma,MLP,3,2,1,4,B,0.007,22,1.0
espectrograma,MLP,3,2,1,4,B,0.014,22,1.0
espectrograma,MLP,3,2,1,4,B,0.021,22,0.8636363636363636
espectrograma,MLP,3,2,1,4,IR,0.007,22,1.0
espectrograma,MLP,3,2,1,4,IR,0.014,22,0.1818181818181818
espectrograma,MLP,3,2,1,4,IR,0.021,22,1.0
espectrograma,MLP,3,2,1,4,Normal,0.0,93,1.0
espectrograma,MLP,3,2,1,4,OR,0.007,22,1.0
espectrograma,MLP,3,2,1,4,OR,0.014,22,1.0
espectrograma,MLP,3,2,1,4,OR,0.021,22,1.0
espectrograma,MLP,3,3,0,0,B,0.007,24,1.0
espectrograma,MLP,3,3,0,0,B,0.014,24,1.0
espectrograma,MLP,3,3,0,0,B,0.021,24,1.0
espectrograma,MLP,3,3,0,0,IR,0.007,24,1.0
espectrograma,MLP,3,3,0,0,IR,0.014,24,0.9583333333333334
espectrograma,MLP,3,3,0,0,IR,0.021,24,1.0
espectrograma,MLP,3,3,0,0,Normal,0.0,95,1.0
espectrograma,MLP,3,3,0,0,OR,0.007,24,1.0
espectrograma,MLP,3,3,0,0,OR,0.014,24,1.0
espectrograma,MLP,3,3,0,0,OR,0.021,24,1.0
espectrograma,MLP,3,3,0,1,B,0.007,22,1.0
espectrograma,MLP,3,3,0,1,B,0.014,23,1.0
espectrograma,MLP,3,3,0,1,B,0.021,23,1.0
espectrograma,MLP,3,3,0,1,IR,0.007,23,1.0
espectrograma,MLP,3,3,0,1,IR,0.014,22,1.0
espectrograma,MLP,3,3,0,1,IR,0.021,23,1.0
espectrograma,MLP,3,3,0,1,Normal,0.0,94,1.0
espectrograma,MLP,3,3,0,1,OR,0.007,23,1.0
espectrograma,MLP,3,3,0,1,OR,0.014,23,1.0
espectrograma,MLP,3,3,0,1,OR,0.021,23,1.0
espectrograma,MLP,3,3,0,2,B,0.007,23,1.0
espectrograma,MLP,3,3,0,2,B,0.014,22,0.9545454545454546
espectrograma,MLP,3,3,0,2,B,0.021,22,1.0
espectrograma,MLP,3,3,0,2,IR,0.007,23,1.0
espectrograma,MLP,3,3,0,2,IR,0.014,23,1.0
espectrograma,MLP,3,3,0,2,IR,0.021,22,1.0
espectrograma,MLP,3,3,0,2,Normal,0.0,93,1.0
espectrograma,MLP,3,3,0,2,OR,0.007,22,1.0
espectrograma,MLP,3,3,0,2,OR,0.014,22,1.0
espectrograma,MLP,3,3,0,2,OR,0.021,22,1.0
espectrograma,MLP,3,3,0,3,B,0.007,22,1.0
espectrograma,MLP,3,3,0,3,B,0.014,23,1.0
espectrograma,MLP,3,3,0,3,B,0.021,23,1.0
espectrograma,MLP,3,3,0,3,IR,0.007,23,1.0
espectrograma,MLP,3,3,0,3,IR,0.014,22,1.0
espectrograma,MLP,3,3,0,3,IR,0.021,23,1.0
espectrograma,MLP,3,3,0,3,Normal,0.0,94,1.0
espectrograma,MLP,3,3,0,3,OR,0.007,23,1.0
espectrograma,MLP,3,3,0,3,OR,0.014,23,0.9565217391304348
espectrograma,MLP,3,3,0,3,OR,0.021,23,1.0
espectrograma,MLP,3,3,0,4,B,0.007,22,1.0
espectrograma,MLP,3,3,0,4,B,0.014,22,1.0
espectrograma,MLP,3,3,0,4,B,0.021,22,1.0
espectrograma,MLP,3,3,0,4,IR,0.007,22,1.0
espectrograma,MLP,3,3,0,4,IR,0.014,22,1.0
espectrograma,MLP,3,3,0,4,IR,0.021,22,1.0
espectrograma,MLP,3,3,0,4,Normal,0.0,93,1.0
espectrograma,MLP,3,3,0,4,OR,0.007,22,1.0
espectrograma,MLP,3,3,0,4,OR,0.014,22,1.0
espectrograma,MLP,3,3,0,4,OR,0.021,22,1.0
espectrograma_cnn,CNN2D,0,0,0,0,B,0.007,24,0.9166666666666666
espectrograma_cnn,CNN2D,0,0,0,0,B,0.014,24,1.0
espectrograma_cnn,CNN2D,0,0,0,0,B,0.021,24,1.0
espectrograma_cnn,CNN2D,0,0,0,0,IR,0.007,24,1.0
espectrograma_cnn,CNN2D,0,0,0,0,IR,0.014,24,1.0
espectrograma_cnn,CNN2D,0,0,0,0,IR,0.021,24,1.0
espectrograma_cnn,CNN2D,0,0,0,0,Normal,0.0,48,1.0
espectrograma_cnn,CNN2D,0,0,0,0,OR,0.007,24,1.0
espectrograma_cnn,CNN2D,0,0,0,0,OR,0.014,24,1.0
espectrograma_cnn,CNN2D,0,0,0,0,OR,0.021,24,1.0
espectrograma_cnn,CNN2D,0,0,0,1,B,0.007,23,1.0
espectrograma_cnn,CNN2D,0,0,0,1,B,0.014,22,1.0
espectrograma_cnn,CNN2D,0,0,0,1,B,0.021,23,0.9565217391304348
espectrograma_cnn,CNN2D,0,0,0,1,IR,0.007,22,1.0
espectrograma_cnn,CNN2D,0,0,0,1,IR,0.014,22,1.0
espectrograma_cnn,CNN2D,0,0,0,1,IR,0.021,23,1.0
espectrograma_cnn,CNN2D,0,0,0,1,Normal,0.0,46,1.0
espectrograma_cnn,CNN2D,0,0,0,1,OR,0.007,23,1.0
espectrograma_cnn,CNN2D,0,0,0,1,OR,0.014,22,1.0
espectrograma_cnn,CNN2D,0,0,0,1,OR,0.021,23,1.0
espectrograma_cnn,CNN2D,0,0,0,2,B,0.007,22,1.0
espectrograma_cnn,CNN2D,0,0,0,2,B,0.014,23,1.0
espectrograma_cnn,CNN2D,0,0,0,2,B,0.021,22,1.0
espectrograma_cnn,CNN2D,0,0,0,2,IR,0.007,23,1.0
espectrograma_cnn,CNN2D,0,0,0,2,IR,0.014,23,1.0
espectrograma_cnn,CNN2D,0,0,0,2,IR,0.021,22,1.0
espectrograma_cnn,CNN2D,0,0,0,2,Normal,0.0,47,1.0
espectrograma_cnn,CNN2D,0,0,0,2,OR,0.007,22,1.0
espectrograma_cnn,CNN2D,0,0,0,2,OR,0.014,23,1.0
espectrograma_cnn,CNN2D,0,0,0,2,OR,0.021,22,1.0
espectrograma_cnn,CNN2D,0,0,0,3,B,0.007,23,1.0
espectrograma_cnn,CNN2D,0,0,0,3,B,0.014,22,1.0
espectrograma_cnn,CNN2D,0,0,0,3,B,0.021,23,1.0
espectrograma_cnn,CNN2D,0,0,0,3,IR,0.007,22,1.0
espectrograma_cnn,CNN2D,0,0,0,3,IR,0.014,22,1.0
espectrograma_cnn,CNN2D,0,0,0,3,IR,0.021,23,1.0
espectrograma_cnn,CNN2D,0,0,0,3,Normal,0.0,46,1.0
espectrograma_cnn,CNN2D,0,0,0,3,OR,0.007,23,1.0
espectrograma_cnn,CNN2D,0,0,0,3,OR,0.014,22,1.0
espectrograma_cnn,CNN2D,0,0,0,3,OR,0.021,23,1.0
espectrograma_cnn,CNN2D,0,0,0,4,B,0.007,22,1.0
espectrograma_cnn,CNN2D,0,0,0,4,B,0.014,22,1.0
espectrograma_cnn,CNN2D,0,0,0,4,B,0.021,22,1.0
espectrograma_cnn,CNN2D,0,0,0,4,IR,0.007,22,1.0
espectrograma_cnn,CNN2D,0,0,0,4,IR,0.014,22,1.0
espectrograma_cnn,CNN2D,0,0,0,4,IR,0.021,22,1.0
espectrograma_cnn,CNN2D,0,0,0,4,Normal,0.0,46,1.0
espectrograma_cnn,CNN2D,0,0,0,4,OR,0.007,22,1.0
espectrograma_cnn,CNN2D,0,0,0,4,OR,0.014,22,1.0
espectrograma_cnn,CNN2D,0,0,0,4,OR,0.021,22,1.0
espectrograma_cnn,CNN2D,0,1,1,0,B,0.007,24,1.0
espectrograma_cnn,CNN2D,0,1,1,0,B,0.014,24,1.0
espectrograma_cnn,CNN2D,0,1,1,0,B,0.021,24,0.9583333333333334
espectrograma_cnn,CNN2D,0,1,1,0,IR,0.007,24,1.0
espectrograma_cnn,CNN2D,0,1,1,0,IR,0.014,24,1.0
espectrograma_cnn,CNN2D,0,1,1,0,IR,0.021,24,1.0
espectrograma_cnn,CNN2D,0,1,1,0,Normal,0.0,95,1.0
espectrograma_cnn,CNN2D,0,1,1,0,OR,0.007,24,1.0
espectrograma_cnn,CNN2D,0,1,1,0,OR,0.014,24,1.0
espectrograma_cnn,CNN2D,0,1,1,0,OR,0.021,24,1.0
espectrograma_cnn,CNN2D,0,1,1,1,B,0.007,22,1.0
espectrograma_cnn,CNN2D,0,1,1,1,B,0.014,23,1.0
espectrograma_cnn,CNN2D,0,1,1,1,B,0.021,22,0.9545454545454546
espectrograma_cnn,CNN2D,0,1,1,1,IR,0.007,23,1.0
espectrograma_cnn,CNN2D,0,1,1,1,IR,0.014,22,1.0
espectrograma_cnn,CNN2D,0,1,1,1,IR,0.021,22,1.0
espectrograma_cnn,CNN2D,0,1,1,1,Normal,0.0,93,1.0
espectrograma_cnn,CNN2D,0,1,1,1,OR,0.007,23,1.0
espectrograma_cnn,CNN2D,0,1,1,1,OR,0.014,23,1.0
espectrograma_cnn,CNN2D,0,1,1,1,OR,0.021,23,1.0
espectrograma_cnn,CNN2D,0,1,1,2,B,0.007,23,1.0
espectrograma_cnn,CNN2D,0,1,1,2,B,0.014,22,1.0
espectrograma_cnn,CNN2D,0,1,1,2,B,0.021,23,0.9130434782608695
espectrograma_cnn,CNN2D,0,1,1,2,IR,0.007,22,1.0
espectrograma_cnn,CNN2D,0,1,1,2,IR,0.014,23,0.6956521739130435
espectrograma_cnn,CNN2D,0,1,1,2,IR,0.021,23,1.0
espectrograma_cnn,CNN2D,0,1,1,2,Normal,0.0,93,1.0
espectrograma_cnn,CNN2D,0,1,1,2,OR,0.007,22,1.0
espectrograma_cnn,CNN2D,0,1,1,2,OR,0.014,22,1.0
espectrograma_cnn,CNN2D,0,1,1,2,OR,0.021,22,1.0
espectrograma_cnn,CNN2D,0,1,1,3,B,0.007,22,1.0
espectrograma_cnn,CNN2D,0,1,1,3,B,0.014,23,1.0
espectrograma_cnn,CNN2D,0,1,1,3,B,0.021,22,0.9545454545454546
espectrograma_cnn,CNN2D,0,1,1,3,IR,0.007,23,1.0
espectrograma_cnn,CNN2D,0,1,1,3,IR,0.014,22,1.0
espectrograma_cnn,CNN2D,0,1,1,3,IR,0.021,22,1.0
espectrograma_cnn,CNN2D,0,1,1,3,Normal,0.0,93,1.0
espectrograma_cnn,CNN2D,0,1,1,3,OR,0.007,23,1.0
espectrograma_cnn,CNN2D,0,1,1,3,OR,0.014,23,1.0
espectrograma_cnn,CNN2D,0,1,1,3,OR,0.021,23,1.0
espectrograma_cnn,CNN2D,0,1,1,4,B,0.007,22,1.0
espectrograma_cnn,CNN2D,0,1,1,4,B,0.014,22,1.0
espectrograma_cnn,CNN2D,0,1,1,4,B,0.021,22,0.8636363636363636
espectrograma_cnn,CNN2D,0,1,1,4,IR,0.007,22,1.0
espectrograma_cnn,CNN2D,0,1,1,4,IR,0.014,22,0.9545454545454546
espectrograma_cnn,CNN2D,0,1,1,4,IR,0.021,22,1.0
espectrograma_cnn,CNN2D,0,1,1,4,Normal,0.0,93,1.0
espectrograma_cnn,CNN2D,0,1,1,4,OR,0.007,22,1.0
espectrograma_cnn,CNN2D,0,1,1,4,OR,0.014,22,1.0
espectrograma_cnn,CNN2D,0,1,1,4,OR,0.021,22,1.0
espectrograma_cnn,CNN2D,0,2,2,0,B,0.007,24,1.0
espectrograma_cnn,CNN2D,0,2,2,0,B,0.014,24,0.7916666666666666
espectrograma_cnn,CNN2D,0,2,2,0,B,0.021,24,0.4583333333333333
espectrograma_cnn,CNN2D,0,2,2,0,IR,0.007,24,1.0
espectrograma_cnn,CNN2D,0,2,2,0,IR,0.014,24,1.0
espectrograma_cnn,CNN2D,0,2,2,0,IR,0.021,24,1.0
espectrograma_cnn,CNN2D,0,2,2,0,Normal,0.0,95,1.0
espectrograma_cnn,CNN2D,0,2,2,0,OR,0.007,24,1.0
espectrograma_cnn,CNN2D,0,2,2,0,OR,0.014,24,0.9583333333333334
espectrograma_cnn,CNN2D,0,2,2,0,OR,0.021,24,1.0
espectrograma_cnn,CNN2D,0,2,2,1,B,0.007,22,1.0
espectrograma_cnn,CNN2D,0,2,2,1,B,0.014,23,0.9565217391304348
espectrograma_cnn,CNN2D,0,2,2,1,B,0.021,23,0.5652173913043478
espectrograma_cnn,CNN2D,0,2,2,1,IR,0.007,23,1.0
espectrograma_cnn,CNN2D,0,2,2,1,IR,0.014,22,1.0
espectrograma_cnn,CNN2D,0,2,2,1,IR,0.021,22,1.0
espectrograma_cnn,CNN2D,0,2,2,1,Normal,0.0,93,1.0
espectrograma_cnn,CNN2D,0,2,2,1,OR,0.007,22,1.0
espectrograma_cnn,CNN2D,0,2,2,1,OR,0.014,22,1.0
espectrograma_cnn,CNN2D,0,2,2,1,OR,0.021,23,1.0
espectrograma_cnn,CNN2D,0,2,2,2,B,0.007,23,1.0
espectrograma_cnn,CNN2D,0,2,2,2,B,0.014,22,1.0
espectrograma_cnn,CNN2D,0,2,2,2,B,0.021,22,0.5909090909090909
espectrograma_cnn,CNN2D,0,2,2,2,IR,0.007,22,1.0
espectrograma_cnn,CNN2D,0,2,2,2,IR,0.014,23,0.8695652173913043
espectrograma_cnn,CNN2D,0,2,2,2,IR,0.021,23,0.782608695652174
espectrograma_cnn,CNN2D,0,2,2,2,Normal,0.0,94,1.0
espectrograma_cnn,CNN2D,0,2,2,2,OR,0.007,23,1.0
espectrograma_cnn,CNN2D,0,2,2,2,OR,0.014,23,1.0
espectrograma_cnn,CNN2D,0,2,2,2,OR,0.021,22,1.0
espectrograma_cnn,CNN2D,0,2,2,3,B,0.007,22,1.0
espectrograma_cnn,CNN2D,0,2,2,3,B,0.014,23,1.0
espectrograma_cnn,CNN2D,0,2,2,3,B,0.021,23,0.7391304347826086
espectrograma_cnn,CNN2D,0,2,2,3,IR,0.007,23,1.0
espectrograma_cnn,CNN2D,0,2,2,3,IR,0.014,22,1.0
espectrograma_cnn,CNN2D,0,2,2,3,IR,0.021,22,1.0
espectrograma_cnn,CNN2D,0,2,2,3,Normal,0.0,93,1.0
espectrograma_cnn,CNN2D,0,2,2,3,OR,0.007,22,1.0
espectrograma_cnn,CNN2D,0,2,2,3,OR,0.014,22,1.0
espectrograma_cnn,CNN2D,0,2,2,3,OR,0.021,23,1.0
espectrograma_cnn,CNN2D,0,2,2,4,B,0.007,22,1.0
espectrograma_cnn,CNN2D,0,2,2,4,B,0.014,22,1.0
espectrograma_cnn,CNN2D,0,2,2,4,B,0.021,22,0.5909090909090909
espectrograma_cnn,CNN2D,0,2,2,4,IR,0.007,22,1.0
espectrograma_cnn,CNN2D,0,2,2,4,IR,0.014,22,0.9090909090909091
espectrograma_cnn,CNN2D,0,2,2,4,IR,0.021,22,1.0
espectrograma_cnn,CNN2D,0,2,2,4,Normal,0.0,93,1.0
espectrograma_cnn,CNN2D,0,2,2,4,OR,0.007,22,1.0
espectrograma_cnn,CNN2D,0,2,2,4,OR,0.014,22,1.0
espectrograma_cnn,CNN2D,0,2,2,4,OR,0.021,22,1.0
espectrograma_cnn,CNN2D,0,3,3,0,B,0.007,24,1.0
espectrograma_cnn,CNN2D,0,3,3,0,B,0.014,24,0.4583333333333333
espectrograma_cnn,CNN2D,0,3,3,0,B,0.021,24,0.5416666666666666
espectrograma_cnn,CNN2D,0,3,3,0,IR,0.007,24,1.0
espectrograma_cnn,CNN2D,0,3,3,0,IR,0.014,24,1.0
espectrograma_cnn,CNN2D,0,3,3,0,IR,0.021,24,1.0
espectrograma_cnn,CNN2D,0,3,3,0,Normal,0.0,95,1.0
espectrograma_cnn,CNN2D,0,3,3,0,OR,0.007,24,1.0
espectrograma_cnn,CNN2D,0,3,3,0,OR,0.014,24,0.9583333333333334
espectrograma_cnn,CNN2D,0,3,3,0,OR,0.021,24,0.9583333333333334
espectrograma_cnn,CNN2D,0,3,3,1,B,0.007,22,1.0
espectrograma_cnn,CNN2D,0,3,3,1,B,0.014,23,0.9565217391304348
espectrograma_cnn,CNN2D,0,3,3,1,B,0.021,23,1.0
espectrograma_cnn,CNN2D,0,3,3,1,IR,0.007,23,1.0
espectrograma_cnn,CNN2D,0,3,3,1,IR,0.014,22,1.0
espectrograma_cnn,CNN2D,0,3,3,1,IR,0.021,23,1.0
espectrograma_cnn,CNN2D,0,3,3,1,Normal,0.0,94,1.0
espectrograma_cnn,CNN2D,0,3,3,1,OR,0.007,23,1.0
espectrograma_cnn,CNN2D,0,3,3,1,OR,0.014,23,1.0
espectrograma_cnn,CNN2D,0,3,3,1,OR,0.021,23,1.0
espectrograma_cnn,CNN2D,0,3,3,2,B,0.007,23,1.0
espectrograma_cnn,CNN2D,0,3,3,2,B,0.014,22,0.9090909090909091
espectrograma_cnn,CNN2D,0,3,3,2,B,0.021,22,1.0
espectrograma_cnn,CNN2D,0,3,3,2,IR,0.007,23,1.0
espectrograma_cnn,CNN2D,0,3,3,2,IR,0.014,23,0.6521739130434783
espectrograma_cnn,CNN2D,0,3,3,2,IR,0.021,22,0.5909090909090909
espectrograma_cnn,CNN2D,0,3,3,2,Normal,0.0,93,1.0
espectrograma_cnn,CNN2D,0,3,3,2,OR,0.007,22,1.0
espectrograma_cnn,CNN2D,0,3,3,2,OR,0.014,22,1.0
espectrograma_cnn,CNN2D,0,3,3,2,OR,0.021,22,1.0
espectrograma_cnn,CNN2D,0,3,3,3,B,0.007,22,1.0
espectrograma_cnn,CNN2D,0,3,3,3,B,0.014,23,1.0
espectrograma_cnn,CNN2D,0,3,3,3,B,0.021,23,1.0
espectrograma_cnn,CNN2D,0,3,3,3,IR,0.007,23,1.0
espectrograma_cnn,CNN2D,0,3,3,3,IR,0.014,22,0.8181818181818182
espectrograma_cnn,CNN2D,0,3,3,3,IR,0.021,23,1.0
espectrograma_cnn,CNN2D,0,3,3,3,Normal,0.0,94,1.0
espectrograma_cnn,CNN2D,0,3,3,3,OR,0.007,23,1.0
espectrograma_cnn,CNN2D,0,3,3,3,OR,0.014,23,1.0
espectrograma_cnn,CNN2D,0,3,3,3,OR,0.021,23,1.0
espectrograma_cnn,CNN2D,0,3,3,4,B,0.007,22,1.0
espectrograma_cnn,CNN2D,0,3,3,4,B,0.014,22,1.0
espectrograma_cnn,CNN2D,0,3,3,4,B,0.021,22,1.0
espectrograma_cnn,CNN2D,0,3,3,4,IR,0.007,22,1.0
espectrograma_cnn,CNN2D,0,3,3,4,IR,0.014,22,0.8636363636363636
espectrograma_cnn,CNN2D,0,3,3,4,IR,0.021,22,1.0
espectrograma_cnn,CNN2D,0,3,3,4,Normal,0.0,93,1.0
espectrograma_cnn,CNN2D,0,3,3,4,OR,0.007,22,1.0
espectrograma_cnn,CNN2D,0,3,3,4,OR,0.014,22,1.0
espectrograma_cnn,CNN2D,0,3,3,4,OR,0.021,22,1.0
espectrograma_cnn,CNN2D,1,0,1,0,B,0.007,24,1.0
espectrograma_cnn,CNN2D,1,0,1,0,B,0.014,24,1.0
espectrograma_cnn,CNN2D,1,0,1,0,B,0.021,24,1.0
espectrograma_cnn,CNN2D,1,0,1,0,IR,0.007,24,1.0
espectrograma_cnn,CNN2D,1,0,1,0,IR,0.014,24,1.0
espectrograma_cnn,CNN2D,1,0,1,0,IR,0.021,24,1.0
espectrograma_cnn,CNN2D,1,0,1,0,Normal,0.0,48,1.0
espectrograma_cnn,CNN2D,1,0,1,0,OR,0.007,24,1.0
espectrograma_cnn,CNN2D,1,0,1,0,OR,0.014,24,0.9583333333333334
espectrograma_cnn,CNN2D,1,0,1,0,OR,0.021,24,1.0
espectrograma_cnn,CNN2D,1,0,1,1,B,0.007,23,1.0
espectrograma_cnn,CNN2D,1,0,1,1,B,0.014,22,1.0
espectrograma_cnn,CNN2D,1,0,1,1,B,0.021,23,1.0
espectrograma_cnn,CNN2D,1,0,1,1,IR,0.007,22,1.0
espectrograma_cnn,CNN2D,1,0,1,1,IR,0.014,22,1.0
espectrograma_cnn,CNN2D,1,0,1,1,IR,0.021,23,1.0
espectrograma_cnn,CNN2D,1,0,1,1,Normal,0.0,46,1.0
espectrograma_cnn,CNN2D,1,0,1,1,OR,0.007,23,1.0
espectrograma_cnn,CNN2D,1,0,1,1,OR,0.014,22,1.0
espectrograma_cnn,CNN2D,1,0,1,1,OR,0.021,23,1.0
espectrograma_cnn,CNN2D,1,0,1,2,B,0.007,22,1.0
espectrograma_cnn,CNN2D,1,0,1,2,B,0.014,23,1.0
espectrograma_cnn,CNN2D,1,0,1,2,B,0.021,22,1.0
espectrograma_cnn,CNN2D,1,0,1,2,IR,0.007,23,1.0
espectrograma_cnn,CNN2D,1,0,1,2,IR,0.014,23,1.0
espectrograma_cnn,CNN2D,1,0,1,2,IR,0.021,22,1.0
espectrograma_cnn,CNN2D,1,0,1,2,Normal,0.0,47,1.0
espectrograma_cnn,CNN2D,1,0,1,2,OR,0.007,22,1.0
espectrograma_cnn,CNN2D,1,0,1,2,OR,0.014,23,0.9565217391304348
espectrograma_cnn,CNN2D,1,0,1,2,OR,0.021,22,1.0
espectrograma_cnn,CNN2D,1,0,1,3,B,0.007,23,1.0
espectrograma_cnn,CNN2D,1,0,1,3,B,0.014,22,1.0
espectrograma_cnn,CNN2D,1,0,1,3,B,0.021,23,1.0
espectrograma_cnn,CNN2D,1,0,1,3,IR,0.007,22,1.0
espectrograma_cnn,CNN2D,1,0,1,3,IR,0.014,22,1.0
espectrograma_cnn,CNN2D,1,0,1,3,IR,0.021,23,1.0
espectrograma_cnn,CNN2D,1,0,1,3,Normal,0.0,46,1.0
espectrograma_cnn,CNN2D,1,0,1,3,OR,0.007,23,1.0
espectrograma_cnn,CNN2D,1,0,1,3,OR,0.014,22,1.0
espectrograma_cnn,CNN2D,1,0,1,3,OR,0.021,23,0.9565217391304348
espectrograma_cnn,CNN2D,1,0,1,4,B,0.007,22,1.0
espectrograma_cnn,CNN2D,1,0,1,4,B,0.014,22,1.0
espectrograma_cnn,CNN2D,1,0,1,4,B,0.021,22,1.0
espectrograma_cnn,CNN2D,1,0,1,4,IR,0.007,22,1.0
espectrograma_cnn,CNN2D,1,0,1,4,IR,0.014,22,1.0
espectrograma_cnn,CNN2D,1,0,1,4,IR,0.021,22,1.0
espectrograma_cnn,CNN2D,1,0,1,4,Normal,0.0,46,1.0
espectrograma_cnn,CNN2D,1,0,1,4,OR,0.007,22,1.0
espectrograma_cnn,CNN2D,1,0,1,4,OR,0.014,22,0.9545454545454546
espectrograma_cnn,CNN2D,1,0,1,4,OR,0.021,22,1.0
espectrograma_cnn,CNN2D,1,1,0,0,B,0.007,24,1.0
espectrograma_cnn,CNN2D,1,1,0,0,B,0.014,24,1.0
espectrograma_cnn,CNN2D,1,1,0,0,B,0.021,24,1.0
espectrograma_cnn,CNN2D,1,1,0,0,IR,0.007,24,1.0
espectrograma_cnn,CNN2D,1,1,0,0,IR,0.014,24,1.0
espectrograma_cnn,CNN2D,1,1,0,0,IR,0.021,24,1.0
espectrograma_cnn,CNN2D,1,1,0,0,Normal,0.0,95,1.0
espectrograma_cnn,CNN2D,1,1,0,0,OR,0.007,24,1.0
espectrograma_cnn,CNN2D,1,1,0,0,OR,0.014,24,1.0
espectrograma_cnn,CNN2D,1,1,0,0,OR,0.021,24,1.0
espectrograma_cnn,CNN2D,1,1,0,1,B,0.007,22,1.0
espectrograma_cnn,CNN2D,1,1,0,1,B,0.014,23,1.0
espectrograma_cnn,CNN2D,1,1,0,1,B,0.021,22,1.0
espectrograma_cnn,CNN2D,1,1,0,1,IR,0.007,23,1.0
espectrograma_cnn,CNN2D,1,1,0,1,IR,0.014,22,1.0
espectrograma_cnn,CNN2D,1,1,0,1,IR,0.021,22,1.0
espectrograma_cnn,CNN2D,1,1,0,1,Normal,0.0,93,1.0
espectrograma_cnn,CNN2D,1,1,0,1,OR,0.007,23,1.0
espectrograma_cnn,CNN2D,1,1,0,1,OR,0.014,23,1.0
espectrograma_cnn,CNN2D,1,1,0,1,OR,0.021,23,1.0
espectrograma_cnn,CNN2D,1,1,0,2,B,0.007,23,1.0
espectrograma_cnn,CNN2D,1,1,0,2,B,0.014,22,1.0
espectrograma_cnn,CNN2D,1,1,0,2,B,0.021,23,1.0
espectrograma_cnn,CNN2D,1,1,0,2,IR,0.007,22,1.0
espectrograma_cnn,CNN2D,1,1,0,2,IR,0.014,23,1.0
espectrograma_cnn,CNN2D,1,1,0,2,IR,0.021,23,1.0
espectrograma_cnn,CNN2D,1,1,0,2,Normal,0.0,93,1.0
espectrograma_cnn,CNN2D,1,1,0,2,OR,0.007,22,1.0
espectrograma_cnn,CNN2D,1,1,0,2,OR,0.014,22,1.0
espectrograma_cnn,CNN2D,1,1,0,2,OR,0.021,22,1.0
espectrograma_cnn,CNN2D,1,1,0,3,B,0.007,22,1.0
espectrograma_cnn,CNN2D,1,1,0,3,B,0.014,23,1.0
espectrograma_cnn,CNN2D,1,1,0,3,B,0.021,22,1.0
espectrograma_cnn,CNN2D,1,1,0,3,IR,0.007,23,1.0
espectrograma_cnn,CNN2D,1,1,0,3,IR,0.014,22,1.0
espectrograma_cnn,CNN2D,1,1,0,3,IR,0.021,22,1.0
espectrograma_cnn,CNN2D,1,1,0,3,Normal,0.0,93,1.0
espectrograma_cnn,CNN2D,1,1,0,3,OR,0.007,23,1.0
espectrograma_cnn,CNN2D,1,1,0,3,OR,0.014,23,1.0
espectrograma_cnn,CNN2D,1,1,0,3,OR,0.021,23,1.0
espectrograma_cnn,CNN2D,1,1,0,4,B,0.007,22,1.0
espectrograma_cnn,CNN2D,1,1,0,4,B,0.014,22,1.0
espectrograma_cnn,CNN2D,1,1,0,4,B,0.021,22,1.0
espectrograma_cnn,CNN2D,1,1,0,4,IR,0.007,22,1.0
espectrograma_cnn,CNN2D,1,1,0,4,IR,0.014,22,1.0
espectrograma_cnn,CNN2D,1,1,0,4,IR,0.021,22,1.0
espectrograma_cnn,CNN2D,1,1,0,4,Normal,0.0,93,1.0
espectrograma_cnn,CNN2D,1,1,0,4,OR,0.007,22,1.0
espectrograma_cnn,CNN2D,1,1,0,4,OR,0.014,22,1.0
espectrograma_cnn,CNN2D,1,1,0,4,OR,0.021,22,1.0
espectrograma_cnn,CNN2D,1,2,1,0,B,0.007,24,1.0
espectrograma_cnn,CNN2D,1,2,1,0,B,0.014,24,1.0
espectrograma_cnn,CNN2D,1,2,1,0,B,0.021,24,0.9583333333333334
espectrograma_cnn,CNN2D,1,2,1,0,IR,0.007,24,1.0
espectrograma_cnn,CNN2D,1,2,1,0,IR,0.014,24,1.0
espectrograma_cnn,CNN2D,1,2,1,0,IR,0.021,24,1.0
espectrograma_cnn,CNN2D,1,2,1,0,Normal,0.0,95,1.0
espectrograma_cnn,CNN2D,1,2,1,0,OR,0.007,24,1.0
espectrograma_cnn,CNN2D,1,2,1,0,OR,0.014,24,0.9583333333333334
espectrograma_cnn,CNN2D,1,2,1,0,OR,0.021,24,1.0
espectrograma_cnn,CNN2D,1,2,1,1,B,0.007,22,1.0
espectrograma_cnn,CNN2D,1,2,1,1,B,0.014,23,1.0
espectrograma_cnn,CNN2D,1,2,1,1,B,0.021,23,1.0
espectrograma_cnn,CNN2D,1,2,1,1,IR,0.007,23,1.0
espectrograma_cnn,CNN2D,1,2,1,1,IR,0.014,22,1.0
espectrograma_cnn,CNN2D,1,2,1,1,IR,0.021,22,1.0
espectrograma_cnn,CNN2D,1,2,1,1,Normal,0.0,93,1.0
espectrograma_cnn,CNN2D,1,2,1,1,OR,0.007,22,1.0
espectrograma_cnn,CNN2D,1,2,1,1,OR,0.014,22,1.0
espectrograma_cnn,CNN2D,1,2,1,1,OR,0.021,23,1.0
espectrograma_cnn,CNN2D,1,2,1,2,B,0.007,23,1.0
espectrograma_cnn,CNN2D,1,2,1,2,B,0.014,22,1.0
espectrograma_cnn,CNN2D,1,2,1,2,B,0.021,22,1.0
espectrograma_cnn,CNN2D,1,2,1,2,IR,0.007,22,1.0
espectrograma_cnn,CNN2D,1,2,1,2,IR,0.014,23,1.0
espectrograma_cnn,CNN2D,1,2,1,2,IR,0.021,23,1.0
espectrograma_cnn,CNN2D,1,2,1,2,Normal,0.0,94,1.0
espectrograma_cnn,CNN2D,1,2,1,2,OR,0.007,23,1.0
espectrograma_cnn,CNN2D,1,2,1,2,OR,0.014,23,1.0
espectrograma_cnn,CNN2D,1,2,1,2,OR,0.021,22,1.0
espectrograma_cnn,CNN2D,1,2,1,3,B,0.007,22,1.0
espectrograma_cnn,CNN2D,1,2,1,3,B,0.014,23,1.0
espectrograma_cnn,CNN2D,1,2,1,3,B,0.021,23,1.0
espectrograma_cnn,CNN2D,1,2,1,3,IR,0.007,23,1.0
espectrograma_cnn,CNN2D,1,2,1,3,IR,0.014,22,1.0
espectrograma_cnn,CNN2D,1,2,1,3,IR,0.021,22,1.0
espectrograma_cnn,CNN2D,1,2,1,3,Normal,0.0,93,1.0
espectrograma_cnn,CNN2D,1,2,1,3,OR,0.007,22,1.0
espectrograma_cnn,CNN2D,1,2,1,3,OR,0.014,22,1.0
espectrograma_cnn,CNN2D,1,2,1,3,OR,0.021,23,1.0
espectrograma_cnn,CNN2D,1,2,1,4,B,0.007,22,1.0
espectrograma_cnn,CNN2D,1,2,1,4,B,0.014,22,0.9545454545454546
espectrograma_cnn,CNN2D,1,2,1,4,B,0.021,22,1.0
espectrograma_cnn,CNN2D,1,2,1,4,IR,0.007,22,1.0
espectrograma_cnn,CNN2D,1,2,1,4,IR,0.014,22,1.0
espectrograma_cnn,CNN2D,1,2,1,4,IR,0.021,22,1.0
espectrograma_cnn,CNN2D,1,2,1,4,Normal,0.0,93,1.0
espectrograma_cnn,CNN2D,1,2,1,4,OR,0.007,22,1.0
espectrograma_cnn,CNN2D,1,2,1,4,OR,0.014,22,0.9090909090909091
espectrograma_cnn,CNN2D,1,2,1,4,OR,0.021,22,1.0
espectrograma_cnn,CNN2D,1,3,2,0,B,0.007,24,1.0
espectrograma_cnn,CNN2D,1,3,2,0,B,0.014,24,1.0
espectrograma_cnn,CNN2D,1,3,2,0,B,0.021,24,1.0
espectrograma_cnn,CNN2D,1,3,2,0,IR,0.007,24,1.0
espectrograma_cnn,CNN2D,1,3,2,0,IR,0.014,24,1.0
espectrograma_cnn,CNN2D,1,3,2,0,IR,0.021,24,1.0
espectrograma_cnn,CNN2D,1,3,2,0,Normal,0.0,95,1.0
espectrograma_cnn,CNN2D,1,3,2,0,OR,0.007,24,1.0
espectrograma_cnn,CNN2D,1,3,2,0,OR,0.014,24,0.9583333333333334
espectrograma_cnn,CNN2D,1,3,2,0,OR,0.021,24,1.0
espectrograma_cnn,CNN2D,1,3,2,1,B,0.007,22,1.0
espectrograma_cnn,CNN2D,1,3,2,1,B,0.014,23,1.0
espectrograma_cnn,CNN2D,1,3,2,1,B,0.021,23,1.0
espectrograma_cnn,CNN2D,1,3,2,1,IR,0.007,23,1.0
espectrograma_cnn,CNN2D,1,3,2,1,IR,0.014,22,0.9545454545454546
espectrograma_cnn,CNN2D,1,3,2,1,IR,0.021,23,1.0
espectrograma_cnn,CNN2D,1,3,2,1,Normal,0.0,94,1.0
espectrograma_cnn,CNN2D,1,3,2,1,OR,0.007,23,1.0
espectrograma_cnn,CNN2D,1,3,2,1,OR,0.014,23,1.0
espectrograma_cnn,CNN2D,1,3,2,1,OR,0.021,23,1.0
espectrograma_cnn,CNN2D,1,3,2,2,B,0.007,23,1.0
espectrograma_cnn,CNN2D,1,3,2,2,B,0.014,22,0.9545454545454546
espectrograma_cnn,CNN2D,1,3,2,2,B,0.021,22,1.0
espectrograma_cnn,CNN2D,1,3,2,2,IR,0.007,23,1.0
espectrograma_cnn,CNN2D,1,3,2,2,IR,0.014,23,1.0
espectrograma_cnn,CNN2D,1,3,2,2,IR,0.021,22,1.0
espectrograma_cnn,CNN2D,1,3,2,2,Normal,0.0,93,1.0
espectrograma_cnn,CNN2D,1,3,2,2,OR,0.007,22,1.0
espectrograma_cnn,CNN2D,1,3,2,2,OR,0.014,22,1.0
espectrograma_cnn,CNN2D,1,3,2,2,OR,0.021,22,1.0
espectrograma_cnn,CNN2D,1,3,2,3,B,0.007,22,1.0
espectrograma_cnn,CNN2D,1,3,2,3,B,0.014,23,1.0
espectrograma_cnn,CNN2D,1,3,2,3,B,0.021,23,1.0
espectrograma_cnn,CNN2D,1,3,2,3,IR,0.007,23,1.0
espectrograma_cnn,CNN2D,1,3,2,3,IR,0.014,22,1.0
espectrograma_cnn,CNN2D,1,3,2,3,IR,0.021,23,1.0
espectrograma_cnn,CNN2D,1,3,2,3,Normal,0.0,94,1.0
espectrograma_cnn,CNN2D,1,3,2,3,OR,0.007,23,1.0
espectrograma_cnn,CNN2D,1,3,2,3,OR,0.014,23,1.0
espectrograma_cnn,CNN2D,1,3,2,3,OR,0.021,23,1.0
espectrograma_cnn,CNN2D,1,3,2,4,B,0.007,22,1.0
espectrograma_cnn,CNN2D,1,3,2,4,B,0.014,22,0.9090909090909091
espectrograma_cnn,CNN2D,1,3,2,4,B,0.021,22,1.0
espectrograma_cnn,CNN2D,1,3,2,4,IR,0.007,22,1.0
espectrograma_cnn,CNN2D,1,3,2,4,IR,0.014,22,1.0
espectrograma_cnn,CNN2D,1,3,2,4,IR,0.021,22,1.0
espectrograma_cnn,CNN2D,1,3,2,4,Normal,0.0,93,1.0
espectrograma_cnn,CNN2D,1,3,2,4,OR,0.007,22,1.0
espectrograma_cnn,CNN2D,1,3,2,4,OR,0.014,22,0.7727272727272727
espectrograma_cnn,CNN2D,1,3,2,4,OR,0.021,22,1.0
espectrograma_cnn,CNN2D,2,0,2,0,B,0.007,24,1.0
espectrograma_cnn,CNN2D,2,0,2,0,B,0.014,24,1.0
espectrograma_cnn,CNN2D,2,0,2,0,B,0.021,24,1.0
espectrograma_cnn,CNN2D,2,0,2,0,IR,0.007,24,1.0
espectrograma_cnn,CNN2D,2,0,2,0,IR,0.014,24,1.0
espectrograma_cnn,CNN2D,2,0,2,0,IR,0.021,24,1.0
espectrograma_cnn,CNN2D,2,0,2,0,Normal,0.0,48,1.0
espectrograma_cnn,CNN2D,2,0,2,0,OR,0.007,24,1.0
espectrograma_cnn,CNN2D,2,0,2,0,OR,0.014,24,1.0
espectrograma_cnn,CNN2D,2,0,2,0,OR,0.021,24,1.0
espectrograma_cnn,CNN2D,2,0,2,1,B,0.007,23,1.0
espectrograma_cnn,CNN2D,2,0,2,1,B,0.014,22,0.9545454545454546
espectrograma_cnn,CNN2D,2,0,2,1,B,0.021,23,0.9565217391304348
espectrograma_cnn,CNN2D,2,0,2,1,IR,0.007,22,1.0
espectrograma_cnn,CNN2D,2,0,2,1,IR,0.014,22,1.0
espectrograma_cnn,CNN2D,2,0,2,1,IR,0.021,23,1.0
espectrograma_cnn,CNN2D,2,0,2,1,Normal,0.0,46,1.0
espectrograma_cnn,CNN2D,2,0,2,1,OR,0.007,23,1.0
espectrograma_cnn,CNN2D,2,0,2,1,OR,0.014,22,1.0
espectrograma_cnn,CNN2D,2,0,2,1,OR,0.021,23,1.0
espectrograma_cnn,CNN2D,2,0,2,2,B,0.007,22,1.0
espectrograma_cnn,CNN2D,2,0,2,2,B,0.014,23,1.0
espectrograma_cnn,CNN2D,2,0,2,2,B,0.021,22,1.0
espectrograma_cnn,CNN2D,2,0,2,2,IR,0.007,23,1.0
espectrograma_cnn,CNN2D,2,0,2,2,IR,0.014,23,1.0
espectrograma_cnn,CNN2D,2,0,2,2,IR,0.021,22,1.0
espectrograma_cnn,CNN2D,2,0,2,2,Normal,0.0,47,1.0
espectrograma_cnn,CNN2D,2,0,2,2,OR,0.007,22,1.0
espectrograma_cnn,CNN2D,2,0,2,2,OR,0.014,23,1.0
espectrograma_cnn,CNN2D,2,0,2,2,OR,0.021,22,1.0
espectrograma_cnn,CNN2D,2,0,2,3,B,0.007,23,0.9130434782608695
espectrograma_cnn,CNN2D,2,0,2,3,B,0.014,22,0.6818181818181818
espectrograma_cnn,CNN2D,2,0,2,3,B,0.021,23,0.5652173913043478
espectrograma_cnn,CNN2D,2,0,2,3,IR,0.007,22,1.0
espectrograma_cnn,CNN2D,2,0,2,3,IR,0.014,22,1.0
espectrograma_cnn,CNN2D,2,0,2,3,IR,0.021,23,1.0
espectrograma_cnn,CNN2D,2,0,2,3,Normal,0.0,46,1.0
espectrograma_cnn,CNN2D,2,0,2,3,OR,0.007,23,1.0
espectrograma_cnn,CNN2D,2,0,2,3,OR,0.014,22,0.7727272727272727
espectrograma_cnn,CNN2D,2,0,2,3,OR,0.021,23,0.7391304347826086
espectrograma_cnn,CNN2D,2,0,2,4,B,0.007,22,1.0
espectrograma_cnn,CNN2D,2,0,2,4,B,0.014,22,1.0
espectrograma_cnn,CNN2D,2,0,2,4,B,0.021,22,1.0
espectrograma_cnn,CNN2D,2,0,2,4,IR,0.007,22,1.0
espectrograma_cnn,CNN2D,2,0,2,4,IR,0.014,22,1.0
espectrograma_cnn,CNN2D,2,0,2,4,IR,0.021,22,1.0
espectrograma_cnn,CNN2D,2,0,2,4,Normal,0.0,46,1.0
espectrograma_cnn,CNN2D,2,0,2,4,OR,0.007,22,1.0
espectrograma_cnn,CNN2D,2,0,2,4,OR,0.014,22,1.0
espectrograma_cnn,CNN2D,2,0,2,4,OR,0.021,22,1.0
espectrograma_cnn,CNN2D,2,1,1,0,B,0.007,24,1.0
espectrograma_cnn,CNN2D,2,1,1,0,B,0.014,24,1.0
espectrograma_cnn,CNN2D,2,1,1,0,B,0.021,24,0.875
espectrograma_cnn,CNN2D,2,1,1,0,IR,0.007,24,1.0
espectrograma_cnn,CNN2D,2,1,1,0,IR,0.014,24,1.0
espectrograma_cnn,CNN2D,2,1,1,0,IR,0.021,24,1.0
espectrograma_cnn,CNN2D,2,1,1,0,Normal,0.0,95,1.0
espectrograma_cnn,CNN2D,2,1,1,0,OR,0.007,24,1.0
espectrograma_cnn,CNN2D,2,1,1,0,OR,0.014,24,1.0
espectrograma_cnn,CNN2D,2,1,1,0,OR,0.021,24,1.0
espectrograma_cnn,CNN2D,2,1,1,1,B,0.007,22,1.0
espectrograma_cnn,CNN2D,2,1,1,1,B,0.014,23,1.0
espectrograma_cnn,CNN2D,2,1,1,1,B,0.021,22,1.0
espectrograma_cnn,CNN2D,2,1,1,1,IR,0.007,23,1.0
espectrograma_cnn,CNN2D,2,1,1,1,IR,0.014,22,1.0
espectrograma_cnn,CNN2D,2,1,1,1,IR,0.021,22,1.0
espectrograma_cnn,CNN2D,2,1,1,1,Normal,0.0,93,1.0
espectrograma_cnn,CNN2D,2,1,1,1,OR,0.007,23,1.0
espectrograma_cnn,CNN2D,2,1,1,1,OR,0.014,23,1.0
espectrograma_cnn,CNN2D,2,1,1,1,OR,0.021,23,1.0
espectrograma_cnn,CNN2D,2,1,1,2,B,0.007,23,1.0
espectrograma_cnn,CNN2D,2,1,1,2,B,0.014,22,1.0
espectrograma_cnn,CNN2D,2,1,1,2,B,0.021,23,0.9565217391304348
espectrograma_cnn,CNN2D,2,1,1,2,IR,0.007,22,1.0
espectrograma_cnn,CNN2D,2,1,1,2,IR,0.014,23,1.0
espectrograma_cnn,CNN2D,2,1,1,2,IR,0.021,23,1.0
espectrograma_cnn,CNN2D,2,1,1,2,Normal,0.0,93,1.0
espectrograma_cnn,CNN2D,2,1,1,2,OR,0.007,22,1.0
espectrograma_cnn,CNN2D,2,1,1,2,OR,0.014,22,1.0
espectrograma_cnn,CNN2D,2,1,1,2,OR,0.021,22,1.0
espectrograma_cnn,CNN2D,2,1,1,3,B,0.007,22,0.9090909090909091
espectrograma_cnn,CNN2D,2,1,1,3,B,0.014,23,0.9565217391304348
espectrograma_cnn,CNN2D,2,1,1,3,B,0.021,22,0.8636363636363636
espectrograma_cnn,CNN2D,2,1,1,3,IR,0.007,23,1.0
espectrograma_cnn,CNN2D,2,1,1,3,IR,0.014,22,1.0
espectrograma_cnn,CNN2D,2,1,1,3,IR,0.021,22,1.0
espectrograma_cnn,CNN2D,2,1,1,3,Normal,0.0,93,1.0
espectrograma_cnn,CNN2D,2,1,1,3,OR,0.007,23,1.0
espectrograma_cnn,CNN2D,2,1,1,3,OR,0.014,23,0.8695652173913043
espectrograma_cnn,CNN2D,2,1,1,3,OR,0.021,23,0.9130434782608695
espectrograma_cnn,CNN2D,2,1,1,4,B,0.007,22,1.0
espectrograma_cnn,CNN2D,2,1,1,4,B,0.014,22,1.0
espectrograma_cnn,CNN2D,2,1,1,4,B,0.021,22,0.8181818181818182
espectrograma_cnn,CNN2D,2,1,1,4,IR,0.007,22,1.0
espectrograma_cnn,CNN2D,2,1,1,4,IR,0.014,22,0.9090909090909091
espectrograma_cnn,CNN2D,2,1,1,4,IR,0.021,22,1.0
espectrograma_cnn,CNN2D,2,1,1,4,Normal,0.0,93,1.0
espectrograma_cnn,CNN2D,2,1,1,4,OR,0.007,22,1.0
espectrograma_cnn,CNN2D,2,1,1,4,OR,0.014,22,1.0
espectrograma_cnn,CNN2D,2,1,1,4,OR,0.021,22,1.0
espectrograma_cnn,CNN2D,2,2,0,0,B,0.007,24,1.0
espectrograma_cnn,CNN2D,2,2,0,0,B,0.014,24,1.0
espectrograma_cnn,CNN2D,2,2,0,0,B,0.021,24,0.9583333333333334
espectrograma_cnn,CNN2D,2,2,0,0,IR,0.007,24,1.0
espectrograma_cnn,CNN2D,2,2,0,0,IR,0.014,24,1.0
espectrograma_cnn,CNN2D,2,2,0,0,IR,0.021,24,1.0
espectrograma_cnn,CNN2D,2,2,0,0,Normal,0.0,95,1.0
espectrograma_cnn,CNN2D,2,2,0,0,OR,0.007,24,1.0
espectrograma_cnn,CNN2D,2,2,0,0,OR,0.014,24,1.0
espectrograma_cnn,CNN2D,2,2,0,0,OR,0.021,24,1.0
espectrograma_cnn,CNN2D,2,2,0,1,B,0.007,22,1.0
espectrograma_cnn,CNN2D,2,2,0,1,B,0.014,23,1.0
espectrograma_cnn,CNN2D,2,2,0,1,B,0.021,23,1.0
espectrograma_cnn,CNN2D,2,2,0,1,IR,0.007,23,1.0
espectrograma_cnn,CNN2D,2,2,0,1,IR,0.014,22,1.0
espectrograma_cnn,CNN2D,2,2,0,1,IR,0.021,22,1.0
espectrograma_cnn,CNN2D,2,2,0,1,Normal,0.0,93,1.0
espectrograma_cnn,CNN2D,2,2,0,1,OR,0.007,22,1.0
espectrograma_cnn,CNN2D,2,2,0,1,OR,0.014,22,1.0
espectrograma_cnn,CNN2D,2,2,0,1,OR,0.021,23,1.0
espectrograma_cnn,CNN2D,2,2,0,2,B,0.007,23,1.0
espectrograma_cnn,CNN2D,2,2,0,2,B,0.014,22,1.0
espectrograma_cnn,CNN2D,2,2,0,2,B,0.021,22,1.0
espectrograma_cnn,CNN2D,2,2,0,2,IR,0.007,22,1.0
espectrograma_cnn,CNN2D,2,2,0,2,IR,0.014,23,1.0
espectrograma_cnn,CNN2D,2,2,0,2,IR,0.021,23,1.0
espectrograma_cnn,CNN2D,2,2,0,2,Normal,0.0,94,1.0
espectrograma_cnn,CNN2D,2,2,0,2,OR,0.007,23,1.0
espectrograma_cnn,CNN2D,2,2,0,2,OR,0.014,23,1.0
espectrograma_cnn,CNN2D,2,2,0,2,OR,0.021,22,1.0
espectrograma_cnn,CNN2D,2,2,0,3,B,0.007,22,1.0
espectrograma_cnn,CNN2D,2,2,0,3,B,0.014,23,1.0
espectrograma_cnn,CNN2D,2,2,0,3,B,0.021,23,1.0
espectrograma_cnn,CNN2D,2,2,0,3,IR,0.007,23,1.0
espectrograma_cnn,CNN2D,2,2,0,3,IR,0.014,22,1.0
espectrograma_cnn,CNN2D,2,2,0,3,IR,0.021,22,1.0
espectrograma_cnn,CNN2D,2,2,0,3,Normal,0.0,93,1.0
espectrograma_cnn,CNN2D,2,2,0,3,OR,0.007,22,1.0
espectrograma_cnn,CNN2D,2,2,0,3,OR,0.014,22,0.5909090909090909
espectrograma_cnn,CNN2D,2,2,0,3,OR,0.021,23,0.9565217391304348
espectrograma_cnn,CNN2D,2,2,0,4,B,0.007,22,1.0
espectrograma_cnn,CNN2D,2,2,0,4,B,0.014,22,1.0
espectrograma_cnn,CNN2D,2,2,0,4,B,0.021,22,1.0
espectrograma_cnn,CNN2D,2,2,0,4,IR,0.007,22,1.0
espectrograma_cnn,CNN2D,2,2,0,4,IR,0.014,22,1.0
espectrograma_cnn,CNN2D,2,2,0,4,IR,0.021,22,1.0
espectrograma_cnn,CNN2D,2,2,0,4,Normal,0.0,93,1.0
espectrograma_cnn,CNN2D,2,2,0,4,OR,0.007,22,1.0
espectrograma_cnn,CNN2D,2,2,0,4,OR,0.014,22,1.0
espectrograma_cnn,CNN2D,2,2,0,4,OR,0.021,22,1.0
espectrograma_cnn,CNN2D,2,3,1,0,B,0.007,24,1.0
espectrograma_cnn,CNN2D,2,3,1,0,B,0.014,24,1.0
espectrograma_cnn,CNN2D,2,3,1,0,B,0.021,24,1.0
espectrograma_cnn,CNN2D,2,3,1,0,IR,0.007,24,1.0
espectrograma_cnn,CNN2D,2,3,1,0,IR,0.014,24,1.0
espectrograma_cnn,CNN2D,2,3,1,0,IR,0.021,24,1.0
espectrograma_cnn,CNN2D,2,3,1,0,Normal,0.0,95,1.0
espectrograma_cnn,CNN2D,2,3,1,0,OR,0.007,24,1.0
espectrograma_cnn,CNN2D,2,3,1,0,OR,0.014,24,1.0
espectrograma_cnn,CNN2D,2,3,1,0,OR,0.021,24,1.0
espectrograma_cnn,CNN2D,2,3,1,1,B,0.007,22,1.0
espectrograma_cnn,CNN2D,2,3,1,1,B,0.014,23,1.0
espectrograma_cnn,CNN2D,2,3,1,1,B,0.021,23,1.0
espectrograma_cnn,CNN2D,2,3,1,1,IR,0.007,23,1.0
espectrograma_cnn,CNN2D,2,3,1,1,IR,0.014,22,1.0
espectrograma_cnn,CNN2D,2,3,1,1,IR,0.021,23,1.0
espectrograma_cnn,CNN2D,2,3,1,1,Normal,0.0,94,1.0
espectrograma_cnn,CNN2D,2,3,1,1,OR,0.007,23,1.0
espectrograma_cnn,CNN2D,2,3,1,1,OR,0.014,23,1.0
espectrograma_cnn,CNN2D,2,3,1,1,OR,0.021,23,1.0
espectrograma_cnn,CNN2D,2,3,1,2,B,0.007,23,1.0
espectrograma_cnn,CNN2D,2,3,1,2,B,0.014,22,1.0
espectrograma_cnn,CNN2D,2,3,1,2,B,0.021,22,1.0
espectrograma_cnn,CNN2D,2,3,1,2,IR,0.007,23,1.0
espectrograma_cnn,CNN2D,2,3,1,2,IR,0.014,23,1.0
espectrograma_cnn,CNN2D,2,3,1,2,IR,0.021,22,1.0
espectrograma_cnn,CNN2D,2,3,1,2,Normal,0.0,93,1.0
espectrograma_cnn,CNN2D,2,3,1,2,OR,0.007,22,1.0
espectrograma_cnn,CNN2D,2,3,1,2,OR,0.014,22,1.0
espectrograma_cnn,CNN2D,2,3,1,2,OR,0.021,22,1.0
espectrograma_cnn,CNN2D,2,3,1,3,B,0.007,22,1.0
espectrograma_cnn,CNN2D,2,3,1,3,B,0.014,23,0.9130434782608695
espectrograma_cnn,CNN2D,2,3,1,3,B,0.021,23,1.0
espectrograma_cnn,CNN2D,2,3,1,3,IR,0.007,23,1.0
espectrograma_cnn,CNN2D,2,3,1,3,IR,0.014,22,1.0
espectrograma_cnn,CNN2D,2,3,1,3,IR,0.021,23,1.0
espectrograma_cnn,CNN2D,2,3,1,3,Normal,0.0,94,1.0
espectrograma_cnn,CNN2D,2,3,1,3,OR,0.007,23,1.0
espectrograma_cnn,CNN2D,2,3,1,3,OR,0.014,23,0.08695652173913043
espectrograma_cnn,CNN2D,2,3,1,3,OR,0.021,23,0.8695652173913043
espectrograma_cnn,CNN2D,2,3,1,4,B,0.007,22,1.0
espectrograma_cnn,CNN2D,2,3,1,4,B,0.014,22,1.0
espectrograma_cnn,CNN2D,2,3,1,4,B,0.021,22,1.0
espectrograma_cnn,CNN2D,2,3,1,4,IR,0.007,22,1.0
espectrograma_cnn,CNN2D,2,3,1,4,IR,0.014,22,0.8636363636363636
espectrograma_cnn,CNN2D,2,3,1,4,IR,0.021,22,1.0
espectrograma_cnn,CNN2D,2,3,1,4,Normal,0.0,93,1.0
espectrograma_cnn,CNN2D,2,3,1,4,OR,0.007,22,1.0
espectrograma_cnn,CNN2D,2,3,1,4,OR,0.014,22,1.0
espectrograma_cnn,CNN2D,2,3,1,4,OR,0.021,22,1.0
espectrograma_cnn,CNN2D,3,0,3,0,B,0.007,24,1.0
espectrograma_cnn,CNN2D,3,0,3,0,B,0.014,24,1.0
espectrograma_cnn,CNN2D,3,0,3,0,B,0.021,24,1.0
espectrograma_cnn,CNN2D,3,0,3,0,IR,0.007,24,1.0
espectrograma_cnn,CNN2D,3,0,3,0,IR,0.014,24,0.9166666666666666
espectrograma_cnn,CNN2D,3,0,3,0,IR,0.021,24,1.0
espectrograma_cnn,CNN2D,3,0,3,0,Normal,0.0,48,1.0
espectrograma_cnn,CNN2D,3,0,3,0,OR,0.007,24,1.0
espectrograma_cnn,CNN2D,3,0,3,0,OR,0.014,24,1.0
espectrograma_cnn,CNN2D,3,0,3,0,OR,0.021,24,1.0
espectrograma_cnn,CNN2D,3,0,3,1,B,0.007,23,0.0
espectrograma_cnn,CNN2D,3,0,3,1,B,0.014,22,0.0
espectrograma_cnn,CNN2D,3,0,3,1,B,0.021,23,0.0
espectrograma_cnn,CNN2D,3,0,3,1,IR,0.007,22,0.09090909090909091
espectrograma_cnn,CNN2D,3,0,3,1,IR,0.014,22,0.0
espectrograma_cnn,CNN2D,3,0,3,1,IR,0.021,23,0.17391304347826086
espectrograma_cnn,CNN2D,3,0,3,1,Normal,0.0,46,0.8478260869565217
espectrograma_cnn,CNN2D,3,0,3,1,OR,0.007,23,1.0
espectrograma_cnn,CNN2D,3,0,3,1,OR,0.014,22,1.0
espectrograma_cnn,CNN2D,3,0,3,1,OR,0.021,23,1.0
espectrograma_cnn,CNN2D,3,0,3,2,B,0.007,22,1.0
espectrograma_cnn,CNN2D,3,0,3,2,B,0.014,23,0.9565217391304348
espectrograma_cnn,CNN2D,3,0,3,2,B,0.021,22,0.9090909090909091
espectrograma_cnn,CNN2D,3,0,3,2,IR,0.007,23,1.0
espectrograma_cnn,CNN2D,3,0,3,2,IR,0.014,23,1.0
espectrograma_cnn,CNN2D,3,0,3,2,IR,0.021,22,1.0
espectrograma_cnn,CNN2D,3,0,3,2,Normal,0.0,47,1.0
espectrograma_cnn,CNN2D,3,0,3,2,OR,0.007,22,1.0
espectrograma_cnn,CNN2D,3,0,3,2,OR,0.014,23,0.782608695652174
espectrograma_cnn,CNN2D,3,0,3,2,OR,0.021,22,1.0
espectrograma_cnn,CNN2D,3,0,3,3,B,0.007,23,1.0
espectrograma_cnn,CNN2D,3,0,3,3,B,0.014,22,1.0
espectrograma_cnn,CNN2D,3,0,3,3,B,0.021,23,1.0
espectrograma_cnn,CNN2D,3,0,3,3,IR,0.007,22,1.0
espectrograma_cnn,CNN2D,3,0,3,3,IR,0.014,22,1.0
espectrograma_cnn,CNN2D,3,0,3,3,IR,0.021,23,1.0
espectrograma_cnn,CNN2D,3,0,3,3,Normal,0.0,46,1.0
espectrograma_cnn,CNN2D,3,0,3,3,OR,0.007,23,1.0
espectrograma_cnn,CNN2D,3,0,3,3,OR,0.014,22,1.0
espectrograma_cnn,CNN2D,3,0,3,3,OR,0.021,23,1.0
espectrograma_cnn,CNN2D,3,0,3,4,B,0.007,22,1.0
espectrograma_cnn,CNN2D,3,0,3,4,B,0.014,22,0.9545454545454546
espectrograma_cnn,CNN2D,3,0,3,4,B,0.021,22,1.0
espectrograma_cnn,CNN2D,3,0,3,4,IR,0.007,22,1.0
espectrograma_cnn,CNN2D,3,0,3,4,IR,0.014,22,1.0
espectrograma_cnn,CNN2D,3,0,3,4,IR,0.021,22,1.0
espectrograma_cnn,CNN2D,3,0,3,4,Normal,0.0,46,1.0
espectrograma_cnn,CNN2D,3,0,3,4,OR,0.007,22,1.0
espectrograma_cnn,CNN2D,3,0,3,4,OR,0.014,22,1.0
espectrograma_cnn,CNN2D,3,0,3,4,OR,0.021,22,1.0
espectrograma_cnn,CNN2D,3,1,2,0,B,0.007,24,1.0
espectrograma_cnn,CNN2D,3,1,2,0,B,0.014,24,1.0
espectrograma_cnn,CNN2D,3,1,2,0,B,0.021,24,1.0
espectrograma_cnn,CNN2D,3,1,2,0,IR,0.007,24,1.0
espectrograma_cnn,CNN2D,3,1,2,0,IR,0.014,24,1.0
espectrograma_cnn,CNN2D,3,1,2,0,IR,0.021,24,1.0
espectrograma_cnn,CNN2D,3,1,2,0,Normal,0.0,95,1.0
espectrograma_cnn,CNN2D,3,1,2,0,OR,0.007,24,1.0
espectrograma_cnn,CNN2D,3,1,2,0,OR,0.014,24,1.0
espectrograma_cnn,CNN2D,3,1,2,0,OR,0.021,24,1.0
espectrograma_cnn,CNN2D,3,1,2,1,B,0.007,22,0.0
espectrograma_cnn,CNN2D,3,1,2,1,B,0.014,23,0.0
espectrograma_cnn,CNN2D,3,1,2,1,B,0.021,22,0.0
espectrograma_cnn,CNN2D,3,1,2,1,IR,0.007,23,0.391304347826087
espectrograma_cnn,CNN2D,3,1,2,1,IR,0.014,22,0.0
espectrograma_cnn,CNN2D,3,1,2,1,IR,0.021,22,0.7727272727272727
espectrograma_cnn,CNN2D,3,1,2,1,Normal,0.0,93,0.7526881720430108
espectrograma_cnn,CNN2D,3,1,2,1,OR,0.007,23,1.0
espectrograma_cnn,CNN2D,3,1,2,1,OR,0.014,23,1.0
espectrograma_cnn,CNN2D,3,1,2,1,OR,0.021,23,1.0
espectrograma_cnn,CNN2D,3,1,2,2,B,0.007,23,1.0
espectrograma_cnn,CNN2D,3,1,2,2,B,0.014,22,1.0
espectrograma_cnn,CNN2D,3,1,2,2,B,0.021,23,0.9130434782608695
espectrograma_cnn,CNN2D,3,1,2,2,IR,0.007,22,1.0
espectrograma_cnn,CNN2D,3,1,2,2,IR,0.014,23,1.0
espectrograma_cnn,CNN2D,3,1,2,2,IR,0.021,23,1.0
espectrograma_cnn,CNN2D,3,1,2,2,Normal,0.0,93,1.0
espectrograma_cnn,CNN2D,3,1,2,2,OR,0.007,22,1.0
espectrograma_cnn,CNN2D,3,1,2,2,OR,0.014,22,1.0
espectrograma_cnn,CNN2D,3,1,2,2,OR,0.021,22,0.9545454545454546
espectrograma_cnn,CNN2D,3,1,2,3,B,0.007,22,1.0
espectrograma_cnn,CNN2D,3,1,2,3,B,0.014,23,1.0
espectrograma_cnn,CNN2D,3,1,2,3,B,0.021,22,0.9090909090909091
espectrograma_cnn,CNN2D,3,1,2,3,IR,0.007,23,1.0
espectrograma_cnn,CNN2D,3,1,2,3,IR,0.014,22,1.0
espectrograma_cnn,CNN2D,3,1,2,3,IR,0.021,22,1.0
espectrograma_cnn,CNN2D,3,1,2,3,Normal,0.0,93,1.0
espectrograma_cnn,CNN2D,3,1,2,3,OR,0.007,23,1.0
espectrograma_cnn,CNN2D,3,1,2,3,OR,0.014,23,1.0
espectrograma_cnn,CNN2D,3,1,2,3,OR,0.021,23,1.0
espectrograma_cnn,CNN2D,3,1,2,4,B,0.007,22,1.0
espectrograma_cnn,CNN2D,3,1,2,4,B,0.014,22,1.0
espectrograma_cnn,CNN2D,3,1,2,4,B,0.021,22,0.7272727272727273
espectrograma_cnn,CNN2D,3,1,2,4,IR,0.007,22,1.0
espectrograma_cnn,CNN2D,3,1,2,4,IR,0.014,22,1.0
espectrograma_cnn,CNN2D,3,1,2,4,IR,0.021,22,1.0
espectrograma_cnn,CNN2D,3,1,2,4,Normal,0.0,93,1.0
espectrograma_cnn,CNN2D,3,1,2,4,OR,0.007,22,1.0
espectrograma_cnn,CNN2D,3,1,2,4,OR,0.014,22,1.0
espectrograma_cnn,CNN2D,3,1,2,4,OR,0.021,22,1.0
espectrograma_cnn,CNN2D,3,2,1,0,B,0.007,24,1.0
espectrograma_cnn,CNN2D,3,2,1,0,B,0.014,24,1.0
espectrograma_cnn,CNN2D,3,2,1,0,B,0.021,24,0.9583333333333334
espectrograma_cnn,CNN2D,3,2,1,0,IR,0.007,24,1.0
espectrograma_cnn,CNN2D,3,2,1,0,IR,0.014,24,1.0
espectrograma_cnn,CNN2D,3,2,1,0,IR,0.021,24,1.0
espectrograma_cnn,CNN2D,3,2,1,0,Normal,0.0,95,1.0
espectrograma_cnn,CNN2D,3,2,1,0,OR,0.007,24,1.0
espectrograma_cnn,CNN2D,3,2,1,0,OR,0.014,24,1.0
espectrograma_cnn,CNN2D,3,2,1,0,OR,0.021,24,1.0
espectrograma_cnn,CNN2D,3,2,1,1,B,0.007,22,0.0
espectrograma_cnn,CNN2D,3,2,1,1,B,0.014,23,0.0
espectrograma_cnn,CNN2D,3,2,1,1,B,0.021,23,0.0
espectrograma_cnn,CNN2D,3,2,1,1,IR,0.007,23,0.34782608695652173
espectrograma_cnn,CNN2D,3,2,1,1,IR,0.014,22,0.0
espectrograma_cnn,CNN2D,3,2,1,1,IR,0.021,22,0.8636363636363636
espectrograma_cnn,CNN2D,3,2,1,1,Normal,0.0,93,0.7741935483870968
espectrograma_cnn,CNN2D,3,2,1,1,OR,0.007,22,1.0
espectrograma_cnn,CNN2D,3,2,1,1,OR,0.014,22,1.0
espectrograma_cnn,CNN2D,3,2,1,1,OR,0.021,23,1.0
espectrograma_cnn,CNN2D,3,2,1,2,B,0.007,23,1.0
espectrograma_cnn,CNN2D,3,2,1,2,B,0.014,22,1.0
espectrograma_cnn,CNN2D,3,2,1,2,B,0.021,22,1.0
espectrograma_cnn,CNN2D,3,2,1,2,IR,0.007,22,1.0
espectrograma_cnn,CNN2D,3,2,1,2,IR,0.014,23,1.0
espectrograma_cnn,CNN2D,3,2,1,2,IR,0.021,23,1.0
espectrograma_cnn,CNN2D,3,2,1,2,Normal,0.0,94,1.0
espectrograma_cnn,CNN2D,3,2,1,2,OR,0.007,23,1.0
espectrograma_cnn,CNN2D,3,2,1,2,OR,0.014,23,1.0
espectrograma_cnn,CNN2D,3,2,1,2,OR,0.021,22,1.0
espectrograma_cnn,CNN2D,3,2,1,3,B,0.007,22,1.0
espectrograma_cnn,CNN2D,3,2,1,3,B,0.014,23,1.0
espectrograma_cnn,CNN2D,3,2,1,3,B,0.021,23,1.0
espectrograma_cnn,CNN2D,3,2,1,3,IR,0.007,23,1.0
espectrograma_cnn,CNN2D,3,2,1,3,IR,0.014,22,1.0
espectrograma_cnn,CNN2D,3,2,1,3,IR,0.021,22,1.0
espectrograma_cnn,CNN2D,3,2,1,3,Normal,0.0,93,1.0
espectrograma_cnn,CNN2D,3,2,1,3,OR,0.007,22,1.0
espectrograma_cnn,CNN2D,3,2,1,3,OR,0.014,22,1.0
espectrograma_cnn,CNN2D,3,2,1,3,OR,0.021,23,1.0
espectrograma_cnn,CNN2D,3,2,1,4,B,0.007,22,1.0
espectrograma_cnn,CNN2D,3,2,1,4,B,0.014,22,1.0
espectrograma_cnn,CNN2D,3,2,1,4,B,0.021,22,1.0
espectrograma_cnn,CNN2D,3,2,1,4,IR,0.007,22,1.0
espectrograma_cnn,CNN2D,3,2,1,4,IR,0.014,22,1.0
espectrograma_cnn,CNN2D,3,2,1,4,IR,0.021,22,1.0
espectrograma_cnn,CNN2D,3,2,1,4,Normal,0.0,93,1.0
espectrograma_cnn,CNN2D,3,2,1,4,OR,0.007,22,1.0
espectrograma_cnn,CNN2D,3,2,1,4,OR,0.014,22,1.0
espectrograma_cnn,CNN2D,3,2,1,4,OR,0.021,22,1.0
espectrograma_cnn,CNN2D,3,3,0,0,B,0.007,24,1.0
espectrograma_cnn,CNN2D,3,3,0,0,B,0.014,24,1.0
espectrograma_cnn,CNN2D,3,3,0,0,B,0.021,24,1.0
espectrograma_cnn,CNN2D,3,3,0,0,IR,0.007,24,1.0
espectrograma_cnn,CNN2D,3,3,0,0,IR,0.014,24,1.0
espectrograma_cnn,CNN2D,3,3,0,0,IR,0.021,24,1.0
espectrograma_cnn,CNN2D,3,3,0,0,Normal,0.0,95,1.0
espectrograma_cnn,CNN2D,3,3,0,0,OR,0.007,24,1.0
espectrograma_cnn,CNN2D,3,3,0,0,OR,0.014,24,1.0
espectrograma_cnn,CNN2D,3,3,0,0,OR,0.021,24,1.0
espectrograma_cnn,CNN2D,3,3,0,1,B,0.007,22,0.0
espectrograma_cnn,CNN2D,3,3,0,1,B,0.014,23,0.0
espectrograma_cnn,CNN2D,3,3,0,1,B,0.021,23,0.0
espectrograma_cnn,CNN2D,3,3,0,1,IR,0.007,23,0.5217391304347826
espectrograma_cnn,CNN2D,3,3,0,1,IR,0.014,22,0.0
espectrograma_cnn,CNN2D,3,3,0,1,IR,0.021,23,0.6086956521739131
espectrograma_cnn,CNN2D,3,3,0,1,Normal,0.0,94,0.7553191489361702
espectrograma_cnn,CNN2D,3,3,0,1,OR,0.007,23,1.0
espectrograma_cnn,CNN2D,3,3,0,1,OR,0.014,23,1.0
espectrograma_cnn,CNN2D,3,3,0,1,OR,0.021,23,1.0
espectrograma_cnn,CNN2D,3,3,0,2,B,0.007,23,1.0
espectrograma_cnn,CNN2D,3,3,0,2,B,0.014,22,1.0
espectrograma_cnn,CNN2D,3,3,0,2,B,0.021,22,1.0
espectrograma_cnn,CNN2D,3,3,0,2,IR,0.007,23,1.0
espectrograma_cnn,CNN2D,3,3,0,2,IR,0.014,23,1.0
espectrograma_cnn,CNN2D,3,3,0,2,IR,0.021,22,1.0
espectrograma_cnn,CNN2D,3,3,0,2,Normal,0.0,93,1.0
espectrograma_cnn,CNN2D,3,3,0,2,OR,0.007,22,1.0
espectrograma_cnn,CNN2D,3,3,0,2,OR,0.014,22,0.8636363636363636
espectrograma_cnn,CNN2D,3,3,0,2,OR,0.021,22,1.0
espectrograma_cnn,CNN2D,3,3,0,3,B,0.007,22,1.0
espectrograma_cnn,CNN2D,3,3,0,3,B,0.014,23,1.0
espectrograma_cnn,CNN2D,3,3,0,3,B,0.021,23,1.0
espectrograma_cnn,CNN2D,3,3,0,3,IR,0.007,23,1.0
espectrograma_cnn,CNN2D,3,3,0,3,IR,0.014,22,1.0
espectrograma_cnn,CNN2D,3,3,0,3,IR,0.021,23,1.0
espectrograma_cnn,CNN2D,3,3,0,3,Normal,0.0,94,1.0
espectrograma_cnn,CNN2D,3,3,0,3,OR,0.007,23,1.0
espectrograma_cnn,CNN2D,3,3,0,3,OR,0.014,23,0.9130434782608695
espectrograma_cnn,CNN2D,3,3,0,3,OR,0.021,23,1.0
espectrograma_cnn,CNN2D,3,3,0,4,B,0.007,22,1.0
espectrograma_cnn,CNN2D,3,3,0,4,B,0.014,22,1.0
espectrograma_cnn,CNN2D,3,3,0,4,B,0.021,22,1.0
espectrograma_cnn,CNN2D,3,3,0,4,IR,0.007,22,1.0
espectrograma_cnn,CNN2D,3,3,0,4,IR,0.014,22,1.0
espectrograma_cnn,CNN2D,3,3,0,4,IR,0.021,22,1.0
espectrograma_cnn,CNN2D,3,3,0,4,Normal,0.0,93,1.0
espectrograma_cnn,CNN2D,3,3,0,4,OR,0.007,22,1.0
espectrograma_cnn,CNN2D,3,3,0,4,OR,0.014,22,1.0
espectrograma_cnn,CNN2D,3,3,0,4,OR,0.021,22,1.0
